id,race_date,race_key,rank,pred_combo,n_combos,hit,payout,bet_amount,route,miwokuri,prerace_gami,trio_payout,gap23,trifecta_payout,gap12,gap34,gate_label,win_rank,ratio
862316,2024-01-01,20240101_24_01#7B,RANK_7B,"1=3-5,7,6 (axis_sum=1.2)",3,0,0,300,wt,False,,1670,,0,,,,,
862204,2024-01-01,20240101_35_02#7B,RANK_7B,"2=4-5,1,3 (axis_sum=1.1)",3,0,0,300,wt,False,,680,,0,,,,,
862300,2024-01-01,20240101_56_09#7B,RANK_7B,"2=4-1,5,3 (axis_sum=1.2)",3,0,0,300,wt,False,,4980,,0,,,,,
862239,2024-01-01,20240101_83_09#7B,RANK_7B,"7=1-3,6,4 (axis_sum=1.6)",3,0,0,300,wt,False,,480,,0,,,,,
862327,2024-01-02,20240102_24_02#7B,RANK_7B,"1=2-4,7,5 (axis_sum=1.0)",3,0,0,300,wt,False,,610,,0,,,,,
862256,2024-01-02,20240102_35_08#7B,RANK_7B,"7=1-3,4,5 (axis_sum=1.4)",3,0,0,300,wt,False,,340,,0,,,,,
862200,2024-01-02,20240102_44_09#7B,RANK_7B,"1=5-3,2,7 (axis_sum=1.4)",3,1,360,300,wt,False,,360,,0,,,,,
862324,2024-01-02,20240102_44_12#7B,RANK_7B,"5=1-7,2,3 (axis_sum=1.1)",3,1,610,300,wt,False,,610,,0,,,,,
862258,2024-01-02,20240102_56_04#7B,RANK_7B,"3=1-5,2,6 (axis_sum=1.6)",3,0,0,300,wt,False,,450,,0,,,,,
862274,2024-01-02,20240102_83_09#7B,RANK_7B,"2=5-4,3,7 (axis_sum=1.1)",3,1,920,300,wt,False,,920,,0,,,,,
862169,2024-01-03,20240103_45_11#7B,RANK_7B,"7=3-1,2,6 (axis_sum=1.6)",3,1,640,300,wt,False,,640,,0,,,,,
862308,2024-01-03,20240103_56_11#7B,RANK_7B,"5=2-1,3,4 (axis_sum=1.2)",3,1,1200,300,wt,False,,1200,,0,,,,,
862273,2024-01-03,20240103_74_09#7B,RANK_7B,"1=2-4,5,3 (axis_sum=1.3)",3,0,0,300,wt,False,,4630,,0,,,,,
862165,2024-01-03,20240103_86_10#7B,RANK_7B,"7=2-4,5,6 (axis_sum=1.7)",3,0,0,300,wt,False,,1300,,0,,,,,
862217,2024-01-03,20240103_86_11#7B,RANK_7B,"5=1-3,7,6 (axis_sum=1.5)",3,1,430,300,wt,False,,430,,0,,,,,
862325,2024-01-04,20240104_35_07#7B,RANK_7B,"1=2-4,3,5 (axis_sum=1.3)",3,0,0,300,wt,False,,2570,,0,,,,,
862306,2024-01-04,20240104_35_10#7B,RANK_7B,"3=2-7,4,5 (axis_sum=1.3)",3,0,0,300,wt,False,,900,,0,,,,,
862267,2024-01-04,20240104_45_04#7B,RANK_7B,"2=3-7,1,4 (axis_sum=1.4)",3,1,260,300,wt,False,,260,,0,,,,,
862154,2024-01-04,20240104_61_06#7B,RANK_7B,"2=1-3,5,6 (axis_sum=1.7)",3,1,350,300,wt,False,,350,,0,,,,,
862298,2024-01-04,20240104_74_10#7B,RANK_7B,"4=1-3,7,2 (axis_sum=1.2)",3,0,0,300,wt,False,,1580,,0,,,,,
862276,2024-01-05,20240105_45_09#7B,RANK_7B,"3=4-2,7,5 (axis_sum=1.5)",3,0,0,300,wt,False,,490,,0,,,,,
862211,2024-01-05,20240105_61_02#7B,RANK_7B,"3=2-5,1,7 (axis_sum=1.6)",3,0,0,300,wt,False,,1690,,0,,,,,
862266,2024-01-05,20240105_61_09#7B,RANK_7B,"1=3-2,5,7 (axis_sum=1.3)",3,0,0,300,wt,False,,6730,,0,,,,,
862168,2024-01-05,20240105_74_05#7B,RANK_7B,"3=1-2,5,4 (axis_sum=1.4)",3,0,0,300,wt,False,,730,,0,,,,,
862253,2024-01-05,20240105_81_03#7B,RANK_7B,"2=3-6,7,5 (axis_sum=1.6)",3,0,0,300,wt,False,,680,,0,,,,,
862299,2024-01-05,20240105_86_09#7B,RANK_7B,"1=2-3,4,5 (axis_sum=1.3)",3,0,0,300,wt,False,,2580,,0,,,,,
862260,2024-01-06,20240106_37_01#7B,RANK_7B,"7=3-4,1,2 (axis_sum=1.3)",3,0,0,300,wt,False,,680,,0,,,,,
862178,2024-01-06,20240106_37_07#7B,RANK_7B,"1=4-5,3,6 (axis_sum=1.4)",3,0,0,300,wt,False,,3260,,0,,,,,
862314,2024-01-06,20240106_37_12#7B,RANK_7B,"1=3-5,2,4 (axis_sum=1.4)",3,1,860,300,wt,False,,860,,0,,,,,
862293,2024-01-06,20240106_71_08#7B,RANK_7B,"2=4-1,7,3 (axis_sum=1.2)",3,0,0,300,wt,False,,3440,,0,,,,,
862228,2024-01-06,20240106_81_06#7B,RANK_7B,"2=7-1,6,3 (axis_sum=1.3)",3,0,0,300,wt,False,,730,,0,,,,,
862164,2024-01-07,20240107_31_08#7B,RANK_7B,"1=2-4,6,5 (axis_sum=1.7)",3,0,0,300,wt,False,,240,,0,,,,,
862321,2024-01-07,20240107_37_01#7B,RANK_7B,"2=3-7,5,4 (axis_sum=1.2)",3,1,440,300,wt,False,,440,,0,,,,,
862159,2024-01-07,20240107_44_02#7B,RANK_7B,"1=2-3,7,5 (axis_sum=1.7)",3,0,0,300,wt,False,,12060,,0,,,,,
862195,2024-01-07,20240107_44_06#7B,RANK_7B,"2=5-3,1,4 (axis_sum=1.3)",3,0,0,300,wt,False,,2800,,0,,,,,
862151,2024-01-07,20240107_44_07#7B,RANK_7B,"7=1-3,4,5 (axis_sum=1.8)",3,1,250,300,wt,False,,250,,0,,,,,
862205,2024-01-07,20240107_44_09#7B,RANK_7B,"3=5-7,2,1 (axis_sum=1.7)",3,1,140,300,wt,False,,140,,0,,,,,
862188,2024-01-07,20240107_47_01#7B,RANK_7B,"4=1-2,5,6 (axis_sum=1.5)",3,0,0,300,wt,False,,4760,,0,,,,,
862218,2024-01-07,20240107_47_05#7B,RANK_7B,"1=2-3,5,6 (axis_sum=1.5)",3,1,1770,300,wt,False,,1770,,0,,,,,
862312,2024-01-07,20240107_47_08#7B,RANK_7B,"1=7-2,6,5 (axis_sum=1.3)",3,0,0,300,wt,False,,970,,0,,,,,
862307,2024-01-07,20240107_71_12#7B,RANK_7B,"1=2-3,7,6 (axis_sum=1.2)",3,0,0,300,wt,False,,1880,,0,,,,,
862213,2024-01-08,20240108_31_05#7B,RANK_7B,"1=2-5,3,6 (axis_sum=1.4)",3,0,0,300,wt,False,,290,,0,,,,,
862242,2024-01-08,20240108_37_10#7B,RANK_7B,"1=4-2,7,3 (axis_sum=1.6)",3,1,230,300,wt,False,,230,,0,,,,,
862305,2024-01-08,20240108_37_12#7B,RANK_7B,"2=4-5,3,7 (axis_sum=1.1)",3,0,0,300,wt,False,,760,,0,,,,,
862157,2024-01-08,20240108_44_06#7B,RANK_7B,"4=6-1,7,3 (axis_sum=1.7)",3,0,0,300,wt,False,,2440,,0,,,,,
862208,2024-01-08,20240108_44_12#7B,RANK_7B,"7=5-2,4,6 (axis_sum=1.3)",3,0,0,300,wt,False,,340,,0,,,,,
862286,2024-01-08,20240108_47_04#7B,RANK_7B,"2=5-7,3,4 (axis_sum=1.4)",3,0,0,300,wt,False,,400,,0,,,,,
862290,2024-01-08,20240108_71_10#7B,RANK_7B,"3=4-1,6,2 (axis_sum=1.2)",3,0,0,300,wt,False,,590,,0,,,,,
862162,2024-01-08,20240108_71_11#7B,RANK_7B,"1=5-6,4,7 (axis_sum=1.8)",3,0,0,300,wt,False,,390,,0,,,,,
862292,2024-01-08,20240108_75_08#7B,RANK_7B,"1=3-5,2,4 (axis_sum=1.3)",3,0,0,300,wt,False,,5130,,0,,,,,
862147,2024-01-09,20240109_31_01#7B,RANK_7B,"1=2-4,5,6 (axis_sum=1.7)",3,1,1050,300,wt,False,,1050,,0,,,,,
862303,2024-01-09,20240109_31_04#7B,RANK_7B,"2=3-1,7,5 (axis_sum=1.1)",3,0,0,300,wt,False,,270,,0,,,,,
862278,2024-01-09,20240109_31_06#7B,RANK_7B,"1=4-2,5,6 (axis_sum=1.2)",3,0,0,300,wt,False,,6090,,0,,,,,
862247,2024-01-09,20240109_44_09#7B,RANK_7B,"4=7-2,3,5 (axis_sum=1.4)",3,0,0,300,wt,False,,180,,0,,,,,
862331,2024-01-09,20240109_44_11#7B,RANK_7B,"6=4-3,2,7 (axis_sum=1.2)",3,0,0,300,wt,False,,2420,,0,,,,,
862319,2024-01-09,20240109_47_04#7B,RANK_7B,"1=2-3,6,4 (axis_sum=1.1)",3,0,0,300,wt,False,,3290,,0,,,,,
862209,2024-01-09,20240109_56_06#7B,RANK_7B,"1=4-5,7,2 (axis_sum=1.6)",3,0,0,300,wt,False,,1010,,0,,,,,
862297,2024-01-09,20240109_56_08#7B,RANK_7B,"1=2-7,5,4 (axis_sum=1.3)",3,0,0,300,wt,False,,510,,0,,,,,
862155,2024-01-09,20240109_75_07#7B,RANK_7B,"3=1-6,5,2 (axis_sum=1.7)",3,1,290,300,wt,False,,290,,0,,,,,
862262,2024-01-09,20240109_86_04#7B,RANK_7B,"2=1-3,5,4 (axis_sum=1.0)",3,1,490,300,wt,False,,490,,0,,,,,
862144,2024-01-10,20240110_61_01#7B,RANK_7B,"2=1-4,5,6 (axis_sum=1.8)",3,1,1450,300,wt,False,,1450,,0,,,,,
862280,2024-01-10,20240110_61_03#7B,RANK_7B,"1=3-2,5,6 (axis_sum=1.3)",3,0,0,300,wt,False,,1520,,0,,,,,
862177,2024-01-10,20240110_61_04#7B,RANK_7B,"1=3-5,4,6 (axis_sum=1.4)",3,0,0,300,wt,False,,160,,0,,,,,
862238,2024-01-10,20240110_75_09#7B,RANK_7B,"4=2-5,6,1 (axis_sum=1.5)",3,1,460,300,wt,False,,460,,0,,,,,
862287,2024-01-10,20240110_83_08#7B,RANK_7B,"1=5-2,3,6 (axis_sum=1.4)",3,0,0,300,wt,False,,4460,,0,,,,,
862255,2024-01-11,20240111_36_02#7B,RANK_7B,"5=2-4,1,3 (axis_sum=1.4)",3,0,0,300,wt,False,,11410,,0,,,,,
862231,2024-01-11,20240111_36_04#7B,RANK_7B,"4=3-5,7,6 (axis_sum=1.4)",3,0,0,300,wt,False,,1060,,0,,,,,
862201,2024-01-11,20240111_48_03#7B,RANK_7B,"1=5-2,6,4 (axis_sum=1.6)",3,1,230,300,wt,False,,230,,0,,,,,
862301,2024-01-11,20240111_48_11#7B,RANK_7B,"4=1-7,5,2 (axis_sum=1.3)",3,0,0,300,wt,False,,4080,,0,,,,,
862248,2024-01-11,20240111_61_06#7B,RANK_7B,"1=2-4,6,5 (axis_sum=1.5)",3,0,0,300,wt,False,,2010,,0,,,,,
862310,2024-01-11,20240111_61_09#7B,RANK_7B,"1=4-2,3,7 (axis_sum=1.1)",3,0,0,300,wt,False,,8050,,0,,,,,
862261,2024-01-11,20240111_86_04#7B,RANK_7B,"7=1-4,2,3 (axis_sum=1.3)",3,0,0,300,wt,False,,1460,,0,,,,,
862196,2024-01-12,20240112_23_01#7B,RANK_7B,"4=1-2,5,3 (axis_sum=1.4)",3,0,0,300,wt,False,,840,,0,,,,,
862170,2024-01-12,20240112_23_03#7B,RANK_7B,"5=2-1,3,7 (axis_sum=1.6)",3,0,0,300,wt,False,,210,,0,,,,,
862189,2024-01-12,20240112_36_04#7B,RANK_7B,"7=1-2,4,5 (axis_sum=1.7)",3,1,140,300,wt,False,,140,,0,,,,,
862304,2024-01-12,20240112_36_07#7B,RANK_7B,"7=1-4,3,5 (axis_sum=1.3)",3,0,0,300,wt,False,,3260,,0,,,,,
862229,2024-01-12,20240112_36_09#7B,RANK_7B,"3=6-7,4,5 (axis_sum=1.5)",3,0,0,300,wt,False,,11930,,0,,,,,
862141,2024-01-12,20240112_38_06#7B,RANK_7B,"1=4-7,3,5 (axis_sum=1.6)",3,0,0,300,wt,False,,150,,0,,,,,
862320,2024-01-12,20240112_48_09#7B,RANK_7B,"5=2-4,1,7 (axis_sum=1.2)",3,1,900,300,wt,False,,900,,0,,,,,
862317,2024-01-13,20240113_23_04#7B,RANK_7B,"3=2-7,1,4 (axis_sum=1.1)",3,0,0,300,wt,False,,540,,0,,,,,
862186,2024-01-13,20240113_24_04#7B,RANK_7B,"1=7-5,3,6 (axis_sum=1.4)",3,0,0,300,wt,False,,630,,0,,,,,
862235,2024-01-13,20240113_38_12#7B,RANK_7B,"1=4-5,2,7 (axis_sum=1.4)",3,1,170,300,wt,False,,170,,0,,,,,
862173,2024-01-13,20240113_47_04#7B,RANK_7B,"1=2-5,4,6 (axis_sum=1.5)",3,0,0,300,wt,False,,2120,,0,,,,,
862223,2024-01-13,20240113_73_05#7B,RANK_7B,"1=3-2,4,6 (axis_sum=1.2)",3,1,230,300,wt,False,,230,,0,,,,,
862185,2024-01-13,20240113_81_11#7B,RANK_7B,"5=7-4,1,6 (axis_sum=1.6)",3,1,230,300,wt,False,,230,,0,,,,,
862277,2024-01-14,20240114_23_02#7B,RANK_7B,"7=5-2,3,1 (axis_sum=1.2)",3,1,820,300,wt,False,,820,,0,,,,,
862251,2024-01-14,20240114_23_05#7B,RANK_7B,"2=1-5,4,3 (axis_sum=1.2)",3,0,0,300,wt,False,,1930,,0,,,,,
862167,2024-01-14,20240114_24_06#7B,RANK_7B,"5=7-3,2,1 (axis_sum=1.6)",3,0,0,300,wt,False,,19490,,0,,,,,
862330,2024-01-14,20240114_38_03#7B,RANK_7B,"7=2-1,5,3 (axis_sum=0.9)",3,0,0,300,wt,False,,1250,,0,,,,,
862265,2024-01-14,20240114_38_10#7B,RANK_7B,"3=1-4,2,5 (axis_sum=1.3)",3,1,290,300,wt,False,,290,,0,,,,,
862234,2024-01-14,20240114_71_08#7B,RANK_7B,"4=2-1,7,6 (axis_sum=1.4)",3,0,0,300,wt,False,,1940,,0,,,,,
862268,2024-01-14,20240114_71_10#7B,RANK_7B,"1=7-4,6,2 (axis_sum=1.6)",3,1,250,300,wt,False,,250,,0,,,,,
862236,2024-01-14,20240114_73_08#7B,RANK_7B,"1=3-2,4,5 (axis_sum=1.3)",3,0,0,300,wt,False,,4050,,0,,,,,
862289,2024-01-14,20240114_81_08#7B,RANK_7B,"5=1-3,4,2 (axis_sum=1.2)",3,0,0,300,wt,False,,1410,,0,,,,,
862207,2024-01-14,20240114_81_12#7B,RANK_7B,"1=5-4,7,6 (axis_sum=1.5)",3,0,0,300,wt,False,,360,,0,,,,,
862181,2024-01-15,20240115_24_03#7B,RANK_7B,"3=1-5,7,2 (axis_sum=1.5)",3,0,0,300,wt,False,,2280,,0,,,,,
862214,2024-01-15,20240115_24_10#7B,RANK_7B,"1=3-2,7,6 (axis_sum=1.5)",3,0,0,300,wt,False,,520,,0,,,,,
862279,2024-01-15,20240115_36_04#7B,RANK_7B,"4=7-1,5,6 (axis_sum=1.1)",3,0,0,300,wt,False,,2330,,0,,,,,
862264,2024-01-15,20240115_36_06#7B,RANK_7B,"2=3-7,4,5 (axis_sum=1.3)",3,1,430,300,wt,False,,430,,0,,,,,
862202,2024-01-15,20240115_71_07#7B,RANK_7B,"1=4-2,5,3 (axis_sum=1.4)",3,1,370,300,wt,False,,370,,0,,,,,
862192,2024-01-15,20240115_73_05#7B,RANK_7B,"1=2-4,5,6 (axis_sum=1.5)",3,0,0,300,wt,False,,2670,,0,,,,,
862244,2024-01-15,20240115_73_06#7B,RANK_7B,"1=2-4,5,6 (axis_sum=1.3)",3,0,0,300,wt,False,,270,,0,,,,,
862241,2024-01-15,20240115_81_01#7B,RANK_7B,"5=7-4,2,3 (axis_sum=1.1)",3,0,0,300,wt,False,,5700,,0,,,,,
862221,2024-01-16,20240116_13_01#7B,RANK_7B,"2=4-3,1,5 (axis_sum=1.7)",3,0,0,300,wt,False,,440,,0,,,,,
862309,2024-01-16,20240116_26_03#7B,RANK_7B,"1=3-6,5,4 (axis_sum=1.3)",3,1,1540,300,wt,False,,1540,,0,,,,,
862243,2024-01-16,20240116_26_05#7B,RANK_7B,"2=1-3,4,6 (axis_sum=1.4)",3,1,340,300,wt,False,,340,,0,,,,,
862302,2024-01-16,20240116_45_01#7B,RANK_7B,"2=6-4,5,3 (axis_sum=1.0)",3,0,0,300,wt,False,,6920,,0,,,,,
862282,2024-01-17,20240117_13_12#7B,RANK_7B,"1=7-2,6,4 (axis_sum=1.4)",3,0,0,300,wt,False,,250,,0,,,,,
862146,2024-01-17,20240117_26_02#7B,RANK_7B,"1=2-4,5,6 (axis_sum=1.7)",3,1,1690,300,wt,False,,1690,,0,,,,,
862197,2024-01-17,20240117_26_05#7B,RANK_7B,"1=2-3,5,7 (axis_sum=1.5)",3,0,0,300,wt,False,,1510,,0,,,,,
862322,2024-01-17,20240117_45_05#7B,RANK_7B,"1=3-4,2,5 (axis_sum=1.2)",3,0,0,300,wt,False,,5040,,0,,,,,
862281,2024-01-18,20240118_13_01#7B,RANK_7B,"1=3-4,5,2 (axis_sum=1.2)",3,0,0,300,wt,False,,1270,,0,,,,,
862315,2024-01-18,20240118_13_10#7B,RANK_7B,"1=5-3,4,6 (axis_sum=1.4)",3,0,0,300,wt,False,,1440,,0,,,,,
862143,2024-01-18,20240118_26_01#7B,RANK_7B,"1=2-3,4,7 (axis_sum=1.6)",3,1,520,300,wt,False,,520,,0,,,,,
862249,2024-01-18,20240118_28_03#7B,RANK_7B,"1=7-5,3,4 (axis_sum=1.1)",3,0,0,300,wt,False,,590,,0,,,,,
862272,2024-01-18,20240118_28_12#7B,RANK_7B,"4=5-3,7,6 (axis_sum=1.5)",3,1,1370,300,wt,False,,1370,,0,,,,,
862212,2024-01-18,20240118_44_06#7B,RANK_7B,"3=4-1,5,2 (axis_sum=1.5)",3,1,850,300,wt,False,,850,,0,,,,,
862175,2024-01-19,20240119_22_08#7B,RANK_7B,"1=3-2,5,7 (axis_sum=1.3)",3,0,0,300,wt,False,,7660,,0,,,,,
862328,2024-01-19,20240119_28_07#7B,RANK_7B,"2=4-1,7,3 (axis_sum=1.1)",3,0,0,300,wt,False,,5340,,0,,,,,
862190,2024-01-19,20240119_44_08#7B,RANK_7B,"2=3-5,4,6 (axis_sum=1.6)",3,1,200,300,wt,False,,200,,0,,,,,
862318,2024-01-19,20240119_44_11#7B,RANK_7B,"7=3-2,5,1 (axis_sum=1.3)",3,1,260,300,wt,False,,260,,0,,,,,
862313,2024-01-19,20240119_54_09#7B,RANK_7B,"1=4-2,5,6 (axis_sum=1.3)",3,1,770,300,wt,False,,770,,0,,,,,
862191,2024-01-19,20240119_61_12#7B,RANK_7B,"7=2-5,1,4 (axis_sum=1.3)",3,0,0,300,wt,False,,1390,,0,,,,,
862329,2024-01-19,20240119_85_03#7B,RANK_7B,"2=6-1,7,4 (axis_sum=1.1)",3,0,0,300,wt,False,,2120,,0,,,,,
862254,2024-01-20,20240120_44_06#7B,RANK_7B,"1=5-7,4,6 (axis_sum=1.2)",3,0,0,300,wt,False,,4980,,0,,,,,
862220,2024-01-20,20240120_44_11#7B,RANK_7B,"1=3-5,4,2 (axis_sum=1.5)",3,0,0,300,wt,False,,1910,,0,,,,,
862194,2024-01-20,20240120_54_02#7B,RANK_7B,"1=4-2,5,6 (axis_sum=1.3)",3,0,0,300,wt,False,,14970,,0,,,,,
862184,2024-01-20,20240120_61_04#7B,RANK_7B,"7=5-4,3,6 (axis_sum=1.4)",3,0,0,300,wt,False,,770,,0,,,,,
862288,2024-01-20,20240120_61_12#7B,RANK_7B,"5=7-1,3,4 (axis_sum=1.2)",3,0,0,300,wt,False,,380,,0,,,,,
862326,2024-01-20,20240120_85_03#7B,RANK_7B,"1=6-5,2,3 (axis_sum=1.2)",3,0,0,300,wt,False,,12580,,0,,,,,
862138,2024-01-21,20240121_25_06#7B,RANK_7B,"7=2-3,1,5 (axis_sum=1.7)",3,1,1300,300,wt,False,,1300,,0,,,,,
862176,2024-01-21,20240121_25_11#7B,RANK_7B,"7=2-4,1,5 (axis_sum=1.5)",3,1,400,300,wt,False,,400,,0,,,,,
862233,2024-01-21,20240121_42_02#7B,RANK_7B,"2=3-5,1,6 (axis_sum=1.3)",3,0,0,300,wt,False,,870,,0,,,,,
862142,2024-01-21,20240121_73_02#7B,RANK_7B,"4=1-5,3,7 (axis_sum=1.7)",3,1,120,300,wt,False,,120,,0,,,,,
862161,2024-01-21,20240121_73_09#7B,RANK_7B,"7=5-3,4,2 (axis_sum=1.4)",3,0,0,300,wt,False,,200,,0,,,,,
862183,2024-01-21,20240121_81_04#7B,RANK_7B,"4=3-1,7,6 (axis_sum=1.4)",3,0,0,300,wt,False,,240,,0,,,,,
862225,2024-01-21,20240121_81_06#7B,RANK_7B,"4=7-2,3,5 (axis_sum=1.4)",3,0,0,300,wt,False,,350,,0,,,,,
862153,2024-01-22,20240122_42_06#7B,RANK_7B,"4=5-6,1,2 (axis_sum=1.6)",3,0,0,300,wt,False,,170,,0,,,,,
862193,2024-01-22,20240122_42_12#7B,RANK_7B,"3=7-4,2,1 (axis_sum=1.6)",3,1,180,300,wt,False,,180,,0,,,,,
862156,2024-01-22,20240122_47_01#7B,RANK_7B,"2=1-5,4,6 (axis_sum=1.6)",3,1,720,300,wt,False,,720,,0,,,,,
862198,2024-01-22,20240122_47_03#7B,RANK_7B,"1=4-3,5,6 (axis_sum=1.5)",3,1,610,300,wt,False,,610,,0,,,,,
862259,2024-01-22,20240122_47_07#7B,RANK_7B,"1=2-3,5,7 (axis_sum=1.4)",3,1,170,300,wt,False,,170,,0,,,,,
862250,2024-01-22,20240122_81_11#7B,RANK_7B,"1=3-7,2,4 (axis_sum=1.4)",3,0,0,300,wt,False,,210,,0,,,,,
862283,2024-01-23,20240123_24_01#7B,RANK_7B,"1=2-5,7,4 (axis_sum=1.2)",3,1,1000,300,wt,False,,1000,,0,,,,,
862179,2024-01-23,20240123_24_12#7B,RANK_7B,"1=7-6,4,2 (axis_sum=1.6)",3,0,0,300,wt,False,,2580,,0,,,,,
862158,2024-01-23,20240123_25_05#7B,RANK_7B,"6=5-4,2,7 (axis_sum=1.5)",3,0,0,300,wt,False,,1020,,0,,,,,
862257,2024-01-23,20240123_42_07#7B,RANK_7B,"5=3-2,6,7 (axis_sum=1.4)",3,0,0,300,wt,False,,490,,0,,,,,
862160,2024-01-23,20240123_47_01#7B,RANK_7B,"1=3-2,4,5 (axis_sum=1.6)",3,1,320,300,wt,False,,320,,0,,,,,
862263,2024-01-24,20240124_24_04#7B,RANK_7B,"1=5-2,7,4 (axis_sum=1.2)",3,0,0,300,wt,False,,4330,,0,,,,,
862237,2024-01-24,20240124_24_06#7B,RANK_7B,"1=7-3,2,5 (axis_sum=1.4)",3,0,0,300,wt,False,,570,,0,,,,,
862203,2024-01-24,20240124_36_01#7B,RANK_7B,"1=5-4,7,2 (axis_sum=1.6)",3,0,0,300,wt,False,,7140,,0,,,,,
862291,2024-01-24,20240124_47_06#7B,RANK_7B,"3=2-1,5,6 (axis_sum=1.1)",3,0,0,300,wt,False,,13800,,0,,,,,
862294,2024-01-24,20240124_75_08#7B,RANK_7B,"3=2-1,5,7 (axis_sum=1.3)",3,0,0,300,wt,False,,330,,0,,,,,
862296,2024-01-24,20240124_75_09#7B,RANK_7B,"1=2-3,4,5 (axis_sum=1.3)",3,0,0,300,wt,False,,1330,,0,,,,,
862284,2024-01-25,20240125_31_01#7B,RANK_7B,"1=2-7,3,5 (axis_sum=1.4)",3,0,0,300,wt,False,,480,,0,,,,,
862172,2024-01-25,20240125_43_02#7B,RANK_7B,"5=1-4,2,7 (axis_sum=1.5)",3,0,0,300,wt,False,,790,,0,,,,,
862150,2024-01-25,20240125_43_06#7B,RANK_7B,"2=4-6,5,1 (axis_sum=1.7)",3,1,3580,300,wt,False,,3580,,0,,,,,
862252,2024-01-25,20240125_53_05#7B,RANK_7B,"2=1-3,6,5 (axis_sum=1.2)",3,0,0,300,wt,False,,2560,,0,,,,,
862149,2024-01-25,20240125_53_08#7B,RANK_7B,"2=1-4,5,6 (axis_sum=1.7)",3,0,0,300,wt,False,,1290,,0,,,,,
862166,2024-01-25,20240125_71_08#7B,RANK_7B,"1=6-4,2,5 (axis_sum=1.6)",3,1,140,300,wt,False,,140,,0,,,,,
862140,2024-01-26,20240126_34_06#7B,RANK_7B,"6=5-4,2,1 (axis_sum=1.7)",3,1,210,300,wt,False,,210,,0,,,,,
862222,2024-01-26,20240126_34_08#7B,RANK_7B,"5=1-7,3,2 (axis_sum=1.3)",3,1,500,300,wt,False,,500,,0,,,,,
862226,2024-01-26,20240126_43_01#7B,RANK_7B,"1=3-4,7,2 (axis_sum=1.5)",3,1,210,300,wt,False,,210,,0,,,,,
862215,2024-01-26,20240126_43_04#7B,RANK_7B,"5=7-3,1,4 (axis_sum=1.4)",3,0,0,300,wt,False,,6120,,0,,,,,
862145,2024-01-26,20240126_43_07#7B,RANK_7B,"4=3-6,2,7 (axis_sum=1.7)",3,0,0,300,wt,False,,150,,0,,,,,
862219,2024-01-26,20240126_53_08#7B,RANK_7B,"3=5-1,6,4 (axis_sum=1.3)",3,0,0,300,wt,False,,1120,,0,,,,,
862216,2024-01-26,20240126_53_09#7B,RANK_7B,"1=3-2,4,6 (axis_sum=1.3)",3,1,510,300,wt,False,,510,,0,,,,,
862232,2024-01-26,20240126_71_03#7B,RANK_7B,"1=3-2,6,4 (axis_sum=1.3)",3,0,0,300,wt,False,,240,,0,,,,,
862182,2024-01-26,20240126_83_11#7B,RANK_7B,"1=4-3,5,6 (axis_sum=1.8)",3,1,190,300,wt,False,,190,,0,,,,,
862227,2024-01-27,20240127_26_02#7B,RANK_7B,"4=7-1,3,2 (axis_sum=1.2)",3,0,0,300,wt,False,,1200,,0,,,,,
862139,2024-01-27,20240127_34_07#7B,RANK_7B,"4=3-1,5,7 (axis_sum=1.6)",3,0,0,300,wt,False,,160,,0,,,,,
862240,2024-01-27,20240127_43_12#7B,RANK_7B,"7=5-2,1,6 (axis_sum=1.6)",3,0,0,300,wt,False,,430,,0,,,,,
862224,2024-01-27,20240127_71_07#7B,RANK_7B,"2=1-3,6,5 (axis_sum=1.3)",3,0,0,300,wt,False,,1200,,0,,,,,
862285,2024-01-28,20240128_23_08#7B,RANK_7B,"7=2-4,1,3 (axis_sum=1.4)",3,1,440,300,wt,False,,440,,0,,,,,
862275,2024-01-28,20240128_26_01#7B,RANK_7B,"7=3-5,4,2 (axis_sum=1.4)",3,0,0,300,wt,False,,6840,,0,,,,,
862269,2024-01-28,20240128_31_03#7B,RANK_7B,"1=7-5,3,2 (axis_sum=1.5)",3,1,180,300,wt,False,,180,,0,,,,,
862171,2024-01-28,20240128_85_07#7B,RANK_7B,"2=1-4,6,5 (axis_sum=1.6)",3,0,0,300,wt,False,,9830,,0,,,,,
862271,2024-01-29,20240129_31_04#7B,RANK_7B,"3=1-5,4,6 (axis_sum=1.1)",3,0,0,300,wt,False,,1760,,0,,,,,
862270,2024-01-29,20240129_35_07#7B,RANK_7B,"7=5-3,4,2 (axis_sum=1.5)",3,1,260,300,wt,False,,260,,0,,,,,
862311,2024-01-29,20240129_42_10#7B,RANK_7B,"3=7-4,1,2 (axis_sum=1.2)",3,1,620,300,wt,False,,620,,0,,,,,
862163,2024-01-29,20240129_56_09#7B,RANK_7B,"5=1-2,7,4 (axis_sum=1.7)",3,0,0,300,wt,False,,4930,,0,,,,,
862230,2024-01-29,20240129_56_11#7B,RANK_7B,"5=7-3,1,4 (axis_sum=1.6)",3,1,480,300,wt,False,,480,,0,,,,,
862187,2024-01-29,20240129_85_03#7B,RANK_7B,"1=2-4,7,5 (axis_sum=1.4)",3,0,0,300,wt,False,,850,,0,,,,,
862210,2024-01-29,20240129_85_04#7B,RANK_7B,"1=3-2,5,4 (axis_sum=1.5)",3,1,150,300,wt,False,,150,,0,,,,,
862246,2024-01-30,20240130_23_08#7B,RANK_7B,"5=4-1,2,3 (axis_sum=1.5)",3,1,1390,300,wt,False,,1390,,0,,,,,
862199,2024-01-30,20240130_31_04#7B,RANK_7B,"1=2-5,3,7 (axis_sum=1.5)",3,0,0,300,wt,False,,10370,,0,,,,,
862206,2024-01-30,20240130_56_04#7B,RANK_7B,"1=5-7,3,6 (axis_sum=1.6)",3,1,590,300,wt,False,,590,,0,,,,,
862152,2024-01-30,20240130_85_08#7B,RANK_7B,"2=1-4,5,7 (axis_sum=1.7)",3,0,0,300,wt,False,,2270,,0,,,,,
862148,2024-01-31,20240131_22_01#7B,RANK_7B,"1=2-4,5,6 (axis_sum=1.7)",3,0,0,300,wt,False,,580,,0,,,,,
862174,2024-01-31,20240131_47_07#7B,RANK_7B,"1=2-3,5,7 (axis_sum=1.5)",3,1,470,300,wt,False,,470,,0,,,,,
862295,2024-01-31,20240131_47_09#7B,RANK_7B,"1=7-3,2,5 (axis_sum=1.3)",3,0,0,300,wt,False,,290,,0,,,,,
862323,2024-01-31,20240131_81_02#7B,RANK_7B,"3=2-7,1,4 (axis_sum=1.2)",3,0,0,300,wt,False,,680,,0,,,,,
862180,2024-01-31,20240131_81_11#7B,RANK_7B,"1=5-7,2,4 (axis_sum=1.7)",3,1,700,300,wt,False,,700,,0,,,,,
862245,2024-01-31,20240131_86_06#7B,RANK_7B,"1=4-3,5,2 (axis_sum=1.3)",3,0,0,300,wt,False,,1940,,0,,,,,
862332,2024-02-01,20240201_22_08#7B,RANK_7B,"1=2-4,5,6 (axis_sum=1.7)",3,1,580,300,wt,False,,580,,0,,,,,
862346,2024-02-01,20240201_22_09#7B,RANK_7B,"1=2-3,4,5 (axis_sum=1.8)",3,0,0,300,wt,False,,620,,0,,,,,
862441,2024-02-01,20240201_28_02#7B,RANK_7B,"5=2-1,4,3 (axis_sum=1.2)",3,0,0,300,wt,False,,490,,0,,,,,
862367,2024-02-01,20240201_43_09#7B,RANK_7B,"4=3-7,5,2 (axis_sum=1.7)",3,1,210,300,wt,False,,210,,0,,,,,
862412,2024-02-01,20240201_73_01#7B,RANK_7B,"1=2-3,7,5 (axis_sum=1.6)",3,0,0,300,wt,False,,19060,,0,,,,,
862480,2024-02-01,20240201_73_12#7B,RANK_7B,"1=4-2,5,7 (axis_sum=1.3)",3,0,0,300,wt,False,,410,,0,,,,,
862510,2024-02-01,20240201_81_05#7B,RANK_7B,"1=4-3,6,5 (axis_sum=1.2)",3,0,0,300,wt,False,,1980,,0,,,,,
862451,2024-02-01,20240201_81_10#7B,RANK_7B,"1=5-2,4,3 (axis_sum=1.5)",3,0,0,300,wt,False,,1050,,0,,,,,
862488,2024-02-01,20240201_86_04#7B,RANK_7B,"1=4-2,5,7 (axis_sum=1.2)",3,0,0,300,wt,False,,640,,0,,,,,
862414,2024-02-02,20240202_13_03#7B,RANK_7B,"1=7-5,3,4 (axis_sum=1.5)",3,0,0,300,wt,False,,5040,,0,,,,,
862358,2024-02-02,20240202_13_11#7B,RANK_7B,"1=5-4,3,7 (axis_sum=1.7)",3,1,170,300,wt,False,,170,,0,,,,,
862512,2024-02-02,20240202_28_05#7B,RANK_7B,"1=5-4,7,6 (axis_sum=1.3)",3,0,0,300,wt,False,,790,,0,,,,,
862426,2024-02-02,20240202_47_05#7B,RANK_7B,"1=2-3,4,5 (axis_sum=1.3)",3,1,460,300,wt,False,,460,,0,,,,,
862473,2024-02-02,20240202_47_08#7B,RANK_7B,"2=3-1,4,6 (axis_sum=1.5)",3,0,0,300,wt,False,,14800,,0,,,,,
862526,2024-02-02,20240202_73_02#7B,RANK_7B,"4=1-5,3,2 (axis_sum=1.2)",3,0,0,300,wt,False,,940,,0,,,,,
862476,2024-02-02,20240202_73_04#7B,RANK_7B,"4=3-5,1,7 (axis_sum=1.3)",3,1,250,300,wt,False,,250,,0,,,,,
862419,2024-02-02,20240202_73_11#7B,RANK_7B,"4=2-5,3,7 (axis_sum=1.5)",3,0,0,300,wt,False,,1690,,0,,,,,
862506,2024-02-02,20240202_81_02#7B,RANK_7B,"2=5-7,6,3 (axis_sum=1.2)",3,0,0,300,wt,False,,590,,0,,,,,
862424,2024-02-02,20240202_81_04#7B,RANK_7B,"5=7-2,1,4 (axis_sum=1.5)",3,0,0,300,wt,False,,430,,0,,,,,
862444,2024-02-03,20240203_13_07#7B,RANK_7B,"1=2-7,5,6 (axis_sum=1.3)",3,0,0,300,wt,False,,520,,0,,,,,
862502,2024-02-03,20240203_43_08#7B,RANK_7B,"5=3-7,1,4 (axis_sum=1.4)",3,0,0,300,wt,False,,3080,,0,,,,,
862352,2024-02-03,20240203_53_08#7B,RANK_7B,"1=2-3,4,5 (axis_sum=1.8)",3,0,0,300,wt,False,,680,,0,,,,,
862492,2024-02-03,20240203_53_09#7B,RANK_7B,"2=4-1,3,7 (axis_sum=1.3)",3,0,0,300,wt,False,,1330,,0,,,,,
862365,2024-02-03,20240203_75_09#7B,RANK_7B,"3=5-7,1,2 (axis_sum=1.5)",3,1,140,300,wt,False,,140,,0,,,,,
862348,2024-02-04,20240204_26_07#7B,RANK_7B,"5=3-7,4,1 (axis_sum=1.7)",3,0,0,300,wt,False,,180,,0,,,,,
862483,2024-02-04,20240204_75_02#7B,RANK_7B,"5=2-3,7,4 (axis_sum=1.3)",3,0,0,300,wt,False,,1540,,0,,,,,
862401,2024-02-05,20240205_24_03#7B,RANK_7B,"1=5-7,4,2 (axis_sum=1.4)",3,0,0,300,wt,False,,190,,0,,,,,
862467,2024-02-05,20240205_45_03#7B,RANK_7B,"4=2-7,1,3 (axis_sum=1.5)",3,0,0,300,wt,False,,5830,,0,,,,,
862383,2024-02-05,20240205_45_11#7B,RANK_7B,"5=2-7,3,4 (axis_sum=1.6)",3,1,880,300,wt,False,,880,,0,,,,,
862425,2024-02-05,20240205_48_06#7B,RANK_7B,"1=3-5,4,6 (axis_sum=1.4)",3,0,0,300,wt,False,,2020,,0,,,,,
862405,2024-02-05,20240205_48_07#7B,RANK_7B,"1=2-4,5,6 (axis_sum=1.4)",3,0,0,300,wt,False,,340,,0,,,,,
862460,2024-02-05,20240205_48_08#7B,RANK_7B,"3=5-2,4,1 (axis_sum=1.6)",3,0,0,300,wt,False,,2450,,0,,,,,
862490,2024-02-05,20240205_56_08#7B,RANK_7B,"1=5-7,2,3 (axis_sum=1.1)",3,0,0,300,wt,False,,850,,0,,,,,
862339,2024-02-06,20240206_26_07#7B,RANK_7B,"6=4-2,7,3 (axis_sum=1.7)",3,0,0,300,wt,False,,160,,0,,,,,
862409,2024-02-06,20240206_26_09#7B,RANK_7B,"7=3-2,1,6 (axis_sum=1.4)",3,0,0,300,wt,False,,190,,0,,,,,
862335,2024-02-06,20240206_27_02#7B,RANK_7B,"1=2-4,5,7 (axis_sum=1.8)",3,0,0,300,wt,False,,150,,0,,,,,
862350,2024-02-06,20240206_27_05#7B,RANK_7B,"1=2-3,5,4 (axis_sum=1.7)",3,0,0,300,wt,False,,10150,,0,,,,,
862511,2024-02-06,20240206_56_11#7B,RANK_7B,"5=4-7,2,3 (axis_sum=1.3)",3,0,0,300,wt,False,,1530,,0,,,,,
862463,2024-02-06,20240206_81_01#7B,RANK_7B,"3=1-6,4,2 (axis_sum=1.4)",3,1,290,300,wt,False,,290,,0,,,,,
862516,2024-02-07,20240207_26_04#7B,RANK_7B,"5=4-2,6,3 (axis_sum=1.1)",3,0,0,300,wt,False,,1350,,0,,,,,
862340,2024-02-07,20240207_27_01#7B,RANK_7B,"2=1-4,5,7 (axis_sum=1.7)",3,1,310,300,wt,False,,310,,0,,,,,
862521,2024-02-07,20240207_34_07#7B,RANK_7B,"3=5-2,7,1 (axis_sum=1.0)",3,0,0,300,wt,False,,1430,,0,,,,,
862520,2024-02-07,20240207_34_10#7B,RANK_7B,"7=2-3,1,5 (axis_sum=1.4)",3,1,310,300,wt,False,,310,,0,,,,,
862469,2024-02-07,20240207_34_12#7B,RANK_7B,"7=4-2,1,5 (axis_sum=1.4)",3,0,0,300,wt,False,,7730,,0,,,,,
862361,2024-02-07,20240207_45_02#7B,RANK_7B,"3=4-5,2,6 (axis_sum=1.5)",3,1,1120,300,wt,False,,1120,,0,,,,,
862429,2024-02-07,20240207_45_07#7B,RANK_7B,"5=1-3,7,4 (axis_sum=1.4)",3,1,870,300,wt,False,,870,,0,,,,,
862493,2024-02-07,20240207_45_08#7B,RANK_7B,"2=3-1,4,7 (axis_sum=1.4)",3,0,0,300,wt,False,,1330,,0,,,,,
862415,2024-02-07,20240207_45_10#7B,RANK_7B,"2=3-7,5,1 (axis_sum=1.6)",3,1,400,300,wt,False,,400,,0,,,,,
862498,2024-02-07,20240207_56_12#7B,RANK_7B,"5=2-7,3,1 (axis_sum=1.1)",3,0,0,300,wt,False,,760,,0,,,,,
862496,2024-02-07,20240207_73_03#7B,RANK_7B,"3=7-2,4,1 (axis_sum=1.3)",3,1,1900,300,wt,False,,1900,,0,,,,,
862464,2024-02-07,20240207_73_12#7B,RANK_7B,"2=1-7,5,3 (axis_sum=1.3)",3,1,2410,300,wt,False,,2410,,0,,,,,
862462,2024-02-07,20240207_81_05#7B,RANK_7B,"1=2-3,5,6 (axis_sum=1.1)",3,0,0,300,wt,False,,1250,,0,,,,,
862449,2024-02-07,20240207_81_07#7B,RANK_7B,"2=7-1,6,3 (axis_sum=1.4)",3,0,0,300,wt,False,,3110,,0,,,,,
862489,2024-02-08,20240208_27_05#7B,RANK_7B,"1=2-3,6,7 (axis_sum=1.2)",3,0,0,300,wt,False,,5490,,0,,,,,
862363,2024-02-08,20240208_27_06#7B,RANK_7B,"1=3-7,4,5 (axis_sum=1.6)",3,0,0,300,wt,False,,490,,0,,,,,
862334,2024-02-08,20240208_54_06#7B,RANK_7B,"6=7-3,2,5 (axis_sum=1.8)",3,0,0,300,wt,False,,120,,0,,,,,
862459,2024-02-08,20240208_86_01#7B,RANK_7B,"5=1-2,7,4 (axis_sum=1.3)",3,0,0,300,wt,False,,2960,,0,,,,,
862344,2024-02-09,20240209_28_07#7B,RANK_7B,"6=1-3,4,7 (axis_sum=1.6)",3,0,0,300,wt,False,,150,,0,,,,,
862336,2024-02-09,20240209_28_11#7B,RANK_7B,"3=1-5,4,2 (axis_sum=1.7)",3,0,0,300,wt,False,,3340,,0,,,,,
862420,2024-02-09,20240209_34_03#7B,RANK_7B,"2=3-5,4,1 (axis_sum=1.4)",3,0,0,300,wt,False,,430,,0,,,,,
862456,2024-02-09,20240209_34_04#7B,RANK_7B,"3=1-4,5,7 (axis_sum=1.6)",3,0,0,300,wt,False,,2480,,0,,,,,
862338,2024-02-09,20240209_54_06#7B,RANK_7B,"3=1-6,5,2 (axis_sum=1.7)",3,1,510,300,wt,False,,510,,0,,,,,
862374,2024-02-09,20240209_54_12#7B,RANK_7B,"1=4-7,2,3 (axis_sum=1.5)",3,0,0,300,wt,False,,790,,0,,,,,
862422,2024-02-09,20240209_61_02#7B,RANK_7B,"3=5-7,6,2 (axis_sum=1.3)",3,1,1210,300,wt,False,,1210,,0,,,,,
862481,2024-02-09,20240209_75_04#7B,RANK_7B,"1=2-5,4,6 (axis_sum=1.3)",3,0,0,300,wt,False,,3390,,0,,,,,
862386,2024-02-09,20240209_75_05#7B,RANK_7B,"1=2-3,6,5 (axis_sum=1.5)",3,0,0,300,wt,False,,580,,0,,,,,
862371,2024-02-09,20240209_75_08#7B,RANK_7B,"1=3-4,5,7 (axis_sum=1.5)",3,1,350,300,wt,False,,350,,0,,,,,
862354,2024-02-09,20240209_83_04#7B,RANK_7B,"1=3-4,2,5 (axis_sum=1.6)",3,1,140,300,wt,False,,140,,0,,,,,
862341,2024-02-10,20240210_28_07#7B,RANK_7B,"1=6-7,4,3 (axis_sum=1.6)",3,0,0,300,wt,False,,530,,0,,,,,
862351,2024-02-10,20240210_31_02#7B,RANK_7B,"4=1-7,2,5 (axis_sum=1.6)",3,1,740,300,wt,False,,740,,0,,,,,
862359,2024-02-10,20240210_31_08#7B,RANK_7B,"1=7-4,5,3 (axis_sum=1.5)",3,0,0,300,wt,False,,390,,0,,,,,
862353,2024-02-10,20240210_61_01#7B,RANK_7B,"2=4-1,6,7 (axis_sum=1.6)",3,0,0,300,wt,False,,3560,,0,,,,,
862360,2024-02-10,20240210_61_11#7B,RANK_7B,"2=3-6,4,5 (axis_sum=1.7)",3,1,320,300,wt,False,,320,,0,,,,,
862392,2024-02-10,20240210_75_04#7B,RANK_7B,"1=2-4,5,7 (axis_sum=1.5)",3,1,280,300,wt,False,,280,,0,,,,,
862388,2024-02-10,20240210_75_06#7B,RANK_7B,"1=2-3,4,5 (axis_sum=1.5)",3,1,260,300,wt,False,,260,,0,,,,,
862465,2024-02-10,20240210_75_09#7B,RANK_7B,"1=2-3,5,4 (axis_sum=1.5)",3,1,1540,300,wt,False,,1540,,0,,,,,
862446,2024-02-10,20240210_83_05#7B,RANK_7B,"1=6-2,4,3 (axis_sum=1.5)",3,1,620,300,wt,False,,620,,0,,,,,
862382,2024-02-10,20240210_83_06#7B,RANK_7B,"1=5-4,3,6 (axis_sum=1.2)",3,0,0,300,wt,False,,600,,0,,,,,
862345,2024-02-11,20240211_23_06#7B,RANK_7B,"6=4-7,5,2 (axis_sum=1.4)",3,1,230,300,wt,False,,230,,0,,,,,
862343,2024-02-11,20240211_23_07#7B,RANK_7B,"6=4-3,1,2 (axis_sum=1.6)",3,0,0,300,wt,False,,160,,0,,,,,
862518,2024-02-11,20240211_28_04#7B,RANK_7B,"4=3-2,7,5 (axis_sum=1.1)",3,0,0,300,wt,False,,960,,0,,,,,
862442,2024-02-11,20240211_28_10#7B,RANK_7B,"5=1-7,4,6 (axis_sum=1.3)",3,0,0,300,wt,False,,820,,0,,,,,
862461,2024-02-11,20240211_81_06#7B,RANK_7B,"3=1-7,4,2 (axis_sum=1.3)",3,0,0,300,wt,False,,430,,0,,,,,
862439,2024-02-11,20240211_81_08#7B,RANK_7B,"1=7-3,6,2 (axis_sum=1.5)",3,0,0,300,wt,False,,14970,,0,,,,,
862525,2024-02-12,20240212_23_09#7B,RANK_7B,"4=1-3,2,7 (axis_sum=1.1)",3,0,0,300,wt,False,,620,,0,,,,,
862362,2024-02-12,20240212_23_10#7B,RANK_7B,"1=6-4,7,2 (axis_sum=1.5)",3,0,0,300,wt,False,,1760,,0,,,,,
862486,2024-02-12,20240212_36_02#7B,RANK_7B,"1=3-4,7,6 (axis_sum=1.3)",3,0,0,300,wt,False,,290,,0,,,,,
862479,2024-02-12,20240212_36_06#7B,RANK_7B,"1=4-3,7,6 (axis_sum=1.4)",3,1,3360,300,wt,False,,3360,,0,,,,,
862368,2024-02-12,20240212_42_05#7B,RANK_7B,"2=1-4,5,6 (axis_sum=1.7)",3,1,690,300,wt,False,,690,,0,,,,,
862435,2024-02-12,20240212_81_08#7B,RANK_7B,"2=7-1,3,6 (axis_sum=1.3)",3,0,0,300,wt,False,,3310,,0,,,,,
862457,2024-02-13,20240213_37_01#7B,RANK_7B,"2=3-4,7,6 (axis_sum=1.5)",3,0,0,300,wt,False,,1100,,0,,,,,
862478,2024-02-13,20240213_37_08#7B,RANK_7B,"4=2-1,3,7 (axis_sum=1.3)",3,0,0,300,wt,False,,7060,,0,,,,,
862397,2024-02-13,20240213_42_03#7B,RANK_7B,"2=1-3,5,7 (axis_sum=1.6)",3,0,0,300,wt,False,,4450,,0,,,,,
862491,2024-02-13,20240213_81_01#7B,RANK_7B,"1=2-4,3,6 (axis_sum=1.2)",3,0,0,300,wt,False,,1470,,0,,,,,
862474,2024-02-14,20240214_37_06#7B,RANK_7B,"7=4-1,3,6 (axis_sum=1.5)",3,0,0,300,wt,False,,2030,,0,,,,,
862499,2024-02-14,20240214_37_07#7B,RANK_7B,"4=1-7,3,2 (axis_sum=1.3)",3,0,0,300,wt,False,,2880,,0,,,,,
862375,2024-02-14,20240214_61_02#7B,RANK_7B,"3=7-4,1,5 (axis_sum=1.6)",3,0,0,300,wt,False,,350,,0,,,,,
862475,2024-02-14,20240214_86_03#7B,RANK_7B,"1=3-2,5,4 (axis_sum=1.3)",3,0,0,300,wt,False,,5770,,0,,,,,
862404,2024-02-14,20240214_86_09#7B,RANK_7B,"3=1-2,5,6 (axis_sum=1.5)",3,0,0,300,wt,False,,860,,0,,,,,
862503,2024-02-15,20240215_26_06#7B,RANK_7B,"5=4-3,2,1 (axis_sum=1.4)",3,0,0,300,wt,False,,1480,,0,,,,,
862366,2024-02-15,20240215_61_01#7B,RANK_7B,"7=5-3,4,6 (axis_sum=1.4)",3,0,0,300,wt,False,,440,,0,,,,,
862373,2024-02-15,20240215_61_04#7B,RANK_7B,"4=1-2,7,5 (axis_sum=1.5)",3,0,0,300,wt,False,,16130,,0,,,,,
862438,2024-02-15,20240215_85_01#7B,RANK_7B,"4=5-1,3,6 (axis_sum=1.4)",3,0,0,300,wt,False,,420,,0,,,,,
862394,2024-02-15,20240215_85_04#7B,RANK_7B,"7=4-1,3,2 (axis_sum=1.6)",3,0,0,300,wt,False,,2830,,0,,,,,
862430,2024-02-16,20240216_34_04#7B,RANK_7B,"1=3-2,6,5 (axis_sum=1.3)",3,1,1300,300,wt,False,,1300,,0,,,,,
862447,2024-02-16,20240216_34_09#7B,RANK_7B,"1=3-2,7,4 (axis_sum=1.3)",3,0,0,300,wt,False,,2610,,0,,,,,
862531,2024-02-16,20240216_36_03#7B,RANK_7B,"3=1-7,6,2 (axis_sum=0.7)",3,0,0,300,wt,False,,2220,,0,,,,,
862376,2024-02-16,20240216_85_04#7B,RANK_7B,"5=1-7,4,3 (axis_sum=1.5)",3,1,210,300,wt,False,,210,,0,,,,,
862517,2024-02-16,20240216_85_10#7B,RANK_7B,"1=2-5,3,4 (axis_sum=1.4)",3,0,0,300,wt,False,,1490,,0,,,,,
862390,2024-02-16,20240216_85_11#7B,RANK_7B,"1=7-2,6,4 (axis_sum=1.5)",3,1,240,300,wt,False,,240,,0,,,,,
862387,2024-02-17,20240217_13_09#7B,RANK_7B,"7=5-2,4,6 (axis_sum=1.7)",3,0,0,300,wt,False,,5090,,0,,,,,
862398,2024-02-17,20240217_44_09#7B,RANK_7B,"1=4-2,5,7 (axis_sum=1.7)",3,0,0,300,wt,False,,510,,0,,,,,
862421,2024-02-17,20240217_45_03#7B,RANK_7B,"1=5-4,7,3 (axis_sum=1.5)",3,0,0,300,wt,False,,1720,,0,,,,,
862403,2024-02-17,20240217_45_06#7B,RANK_7B,"7=2-3,1,6 (axis_sum=1.5)",3,0,0,300,wt,False,,430,,0,,,,,
862370,2024-02-17,20240217_45_10#7B,RANK_7B,"3=5-4,7,1 (axis_sum=1.5)",3,1,260,300,wt,False,,260,,0,,,,,
862433,2024-02-17,20240217_45_11#7B,RANK_7B,"4=1-2,6,3 (axis_sum=1.7)",3,0,0,300,wt,False,,4260,,0,,,,,
862468,2024-02-17,20240217_85_09#7B,RANK_7B,"1=4-7,6,2 (axis_sum=1.5)",3,0,0,300,wt,False,,2180,,0,,,,,
862485,2024-02-18,20240218_13_02#7B,RANK_7B,"1=2-3,4,7 (axis_sum=1.4)",3,1,550,300,wt,False,,550,,0,,,,,
862513,2024-02-18,20240218_13_10#7B,RANK_7B,"7=3-1,5,4 (axis_sum=1.4)",3,0,0,300,wt,False,,3750,,0,,,,,
862369,2024-02-18,20240218_22_01#7B,RANK_7B,"4=1-5,7,6 (axis_sum=1.6)",3,0,0,300,wt,False,,590,,0,,,,,
862377,2024-02-18,20240218_22_02#7B,RANK_7B,"7=5-4,3,2 (axis_sum=1.5)",3,1,270,300,wt,False,,270,,0,,,,,
862416,2024-02-19,20240219_13_06#7B,RANK_7B,"4=1-3,6,7 (axis_sum=1.6)",3,1,980,300,wt,False,,980,,0,,,,,
862437,2024-02-19,20240219_13_09#7B,RANK_7B,"4=3-1,2,7 (axis_sum=1.4)",3,0,0,300,wt,False,,1320,,0,,,,,
862505,2024-02-19,20240219_22_01#7B,RANK_7B,"5=4-3,7,2 (axis_sum=1.3)",3,0,0,300,wt,False,,530,,0,,,,,
862495,2024-02-19,20240219_45_08#7B,RANK_7B,"4=2-7,1,5 (axis_sum=1.3)",3,0,0,300,wt,False,,290,,0,,,,,
862357,2024-02-19,20240219_55_09#7B,RANK_7B,"4=3-1,5,7 (axis_sum=1.5)",3,1,1390,300,wt,False,,1390,,0,,,,,
862507,2024-02-19,20240219_55_12#7B,RANK_7B,"3=2-1,7,5 (axis_sum=1.4)",3,0,0,300,wt,False,,1310,,0,,,,,
862356,2024-02-19,20240219_81_02#7B,RANK_7B,"2=1-3,5,4 (axis_sum=1.8)",3,0,0,300,wt,False,,7200,,0,,,,,
862436,2024-02-20,20240220_26_06#7B,RANK_7B,"1=2-3,5,7 (axis_sum=1.4)",3,0,0,300,wt,False,,1060,,0,,,,,
862450,2024-02-20,20240220_26_09#7B,RANK_7B,"1=3-2,5,6 (axis_sum=1.4)",3,0,0,300,wt,False,,230,,0,,,,,
862504,2024-02-20,20240220_48_09#7B,RANK_7B,"7=5-2,3,4 (axis_sum=1.4)",3,0,0,300,wt,False,,620,,0,,,,,
862514,2024-02-20,20240220_86_03#7B,RANK_7B,"2=7-4,1,6 (axis_sum=1.3)",3,0,0,300,wt,False,,500,,0,,,,,
862432,2024-02-21,20240221_26_02#7B,RANK_7B,"2=3-1,5,4 (axis_sum=1.3)",3,0,0,300,wt,False,,770,,0,,,,,
862423,2024-02-21,20240221_48_02#7B,RANK_7B,"1=3-4,5,7 (axis_sum=1.3)",3,0,0,300,wt,False,,6410,,0,,,,,
862500,2024-02-21,20240221_48_08#7B,RANK_7B,"5=4-1,2,7 (axis_sum=1.4)",3,0,0,300,wt,False,,430,,0,,,,,
862364,2024-02-21,20240221_55_06#7B,RANK_7B,"5=4-6,1,3 (axis_sum=1.4)",3,0,0,300,wt,False,,1800,,0,,,,,
862523,2024-02-21,20240221_55_11#7B,RANK_7B,"7=6-1,5,4 (axis_sum=1.2)",3,1,1580,300,wt,False,,1580,,0,,,,,
862527,2024-02-21,20240221_55_12#7B,RANK_7B,"7=1-2,5,3 (axis_sum=1.3)",3,0,0,300,wt,False,,2540,,0,,,,,
862418,2024-02-21,20240221_81_03#7B,RANK_7B,"2=1-3,5,6 (axis_sum=1.7)",3,1,1070,300,wt,False,,1070,,0,,,,,
862530,2024-02-22,20240222_44_09#7B,RANK_7B,"4=7-1,3,2 (axis_sum=1.0)",3,0,0,300,wt,False,,2040,,0,,,,,
862406,2024-02-22,20240222_48_01#7B,RANK_7B,"5=2-4,1,3 (axis_sum=1.4)",3,1,440,300,wt,False,,440,,0,,,,,
862347,2024-02-22,20240222_48_05#7B,RANK_7B,"1=6-4,2,5 (axis_sum=1.5)",3,0,0,300,wt,False,,540,,0,,,,,
862455,2024-02-23,20240223_36_03#7B,RANK_7B,"2=7-1,6,4 (axis_sum=1.3)",3,0,0,300,wt,False,,300,,0,,,,,
862458,2024-02-23,20240223_36_10#7B,RANK_7B,"4=1-7,5,3 (axis_sum=1.5)",3,1,1460,300,wt,False,,1460,,0,,,,,
862333,2024-02-23,20240223_75_06#7B,RANK_7B,"2=5-7,3,6 (axis_sum=1.7)",3,0,0,300,wt,False,,140,,0,,,,,
862379,2024-02-23,20240223_75_10#7B,RANK_7B,"4=1-7,3,6 (axis_sum=1.5)",3,0,0,300,wt,False,,530,,0,,,,,
862342,2024-02-24,20240224_34_03#7B,RANK_7B,"1=3-5,2,7 (axis_sum=1.8)",3,1,130,300,wt,False,,130,,0,,,,,
862355,2024-02-24,20240224_37_01#7B,RANK_7B,"1=4-3,2,6 (axis_sum=1.6)",3,1,170,300,wt,False,,170,,0,,,,,
862402,2024-02-24,20240224_37_06#7B,RANK_7B,"1=2-3,5,6 (axis_sum=1.4)",3,0,0,300,wt,False,,2150,,0,,,,,
862482,2024-02-24,20240224_37_08#7B,RANK_7B,"1=2-6,7,3 (axis_sum=1.3)",3,0,0,300,wt,False,,3900,,0,,,,,
862452,2024-02-24,20240224_44_03#7B,RANK_7B,"3=6-1,4,2 (axis_sum=1.3)",3,0,0,300,wt,False,,790,,0,,,,,
862528,2024-02-24,20240224_75_02#7B,RANK_7B,"5=2-1,3,7 (axis_sum=1.0)",3,0,0,300,wt,False,,4690,,0,,,,,
862385,2024-02-24,20240224_75_04#7B,RANK_7B,"5=2-7,3,4 (axis_sum=1.6)",3,0,0,300,wt,False,,290,,0,,,,,
862497,2024-02-24,20240224_75_11#7B,RANK_7B,"1=7-3,2,5 (axis_sum=1.3)",3,0,0,300,wt,False,,340,,0,,,,,
862349,2024-02-25,20240225_22_02#7B,RANK_7B,"1=2-5,4,6 (axis_sum=1.5)",3,1,140,300,wt,False,,140,,0,,,,,
862408,2024-02-25,20240225_34_06#7B,RANK_7B,"7=5-2,4,3 (axis_sum=1.3)",3,0,0,300,wt,False,,2230,,0,,,,,
862393,2024-02-25,20240225_47_05#7B,RANK_7B,"1=2-4,6,5 (axis_sum=1.5)",3,1,190,300,wt,False,,190,,0,,,,,
862477,2024-02-25,20240225_75_08#7B,RANK_7B,"1=7-4,3,5 (axis_sum=1.3)",3,0,0,300,wt,False,,1840,,0,,,,,
862389,2024-02-25,20240225_81_04#7B,RANK_7B,"1=3-2,6,4 (axis_sum=1.5)",3,1,450,300,wt,False,,450,,0,,,,,
862384,2024-02-26,20240226_22_04#7B,RANK_7B,"2=1-4,6,5 (axis_sum=1.6)",3,1,350,300,wt,False,,350,,0,,,,,
862448,2024-02-26,20240226_26_08#7B,RANK_7B,"7=1-2,3,5 (axis_sum=1.5)",3,1,840,300,wt,False,,840,,0,,,,,
862471,2024-02-26,20240226_34_05#7B,RANK_7B,"4=5-3,2,7 (axis_sum=1.4)",3,0,0,300,wt,False,,910,,0,,,,,
862508,2024-02-26,20240226_34_11#7B,RANK_7B,"2=1-3,4,7 (axis_sum=1.4)",3,0,0,300,wt,False,,5000,,0,,,,,
862381,2024-02-26,20240226_43_01#7B,RANK_7B,"7=4-2,5,3 (axis_sum=1.3)",3,1,1110,300,wt,False,,1110,,0,,,,,
862524,2024-02-26,20240226_43_09#7B,RANK_7B,"3=1-7,5,6 (axis_sum=1.3)",3,0,0,300,wt,False,,3700,,0,,,,,
862453,2024-02-26,20240226_71_01#7B,RANK_7B,"1=2-5,7,4 (axis_sum=1.4)",3,0,0,300,wt,False,,1480,,0,,,,,
862399,2024-02-26,20240226_71_02#7B,RANK_7B,"7=3-5,2,1 (axis_sum=1.2)",3,0,0,300,wt,False,,2250,,0,,,,,
862428,2024-02-26,20240226_71_08#7B,RANK_7B,"1=4-7,5,3 (axis_sum=1.6)",3,0,0,300,wt,False,,4940,,0,,,,,
862380,2024-02-26,20240226_81_03#7B,RANK_7B,"1=4-2,6,3 (axis_sum=1.7)",3,1,500,300,wt,False,,500,,0,,,,,
862391,2024-02-26,20240226_81_04#7B,RANK_7B,"1=2-4,5,6 (axis_sum=1.5)",3,0,0,300,wt,False,,1520,,0,,,,,
862445,2024-02-26,20240226_83_01#7B,RANK_7B,"5=3-1,4,2 (axis_sum=1.3)",3,0,0,300,wt,False,,1190,,0,,,,,
862411,2024-02-26,20240226_83_02#7B,RANK_7B,"5=2-1,7,4 (axis_sum=1.4)",3,0,0,300,wt,False,,610,,0,,,,,
862454,2024-02-26,20240226_83_03#7B,RANK_7B,"5=2-1,7,4 (axis_sum=1.4)",3,0,0,300,wt,False,,570,,0,,,,,
862484,2024-02-26,20240226_83_10#7B,RANK_7B,"7=2-3,4,5 (axis_sum=1.4)",3,0,0,300,wt,False,,1330,,0,,,,,
862522,2024-02-27,20240227_26_02#7B,RANK_7B,"3=1-5,7,2 (axis_sum=1.0)",3,0,0,300,wt,False,,2680,,0,,,,,
862470,2024-02-27,20240227_26_03#7B,RANK_7B,"4=5-2,1,6 (axis_sum=1.2)",3,0,0,300,wt,False,,930,,0,,,,,
862466,2024-02-27,20240227_26_07#7B,RANK_7B,"1=3-7,4,5 (axis_sum=1.4)",3,1,590,300,wt,False,,590,,0,,,,,
862400,2024-02-27,20240227_27_02#7B,RANK_7B,"2=3-7,5,1 (axis_sum=1.3)",3,0,0,300,wt,False,,980,,0,,,,,
862337,2024-02-27,20240227_27_06#7B,RANK_7B,"5=6-4,2,3 (axis_sum=1.7)",3,1,280,300,wt,False,,280,,0,,,,,
862487,2024-02-27,20240227_43_10#7B,RANK_7B,"2=7-1,4,3 (axis_sum=1.3)",3,0,0,300,wt,False,,6880,,0,,,,,
862396,2024-02-27,20240227_47_04#7B,RANK_7B,"1=2-3,4,5 (axis_sum=1.6)",3,0,0,300,wt,False,,2560,,0,,,,,
862427,2024-02-27,20240227_54_08#7B,RANK_7B,"5=7-1,3,4 (axis_sum=1.3)",3,0,0,300,wt,False,,540,,0,,,,,
862378,2024-02-27,20240227_71_07#7B,RANK_7B,"4=1-5,7,6 (axis_sum=1.7)",3,0,0,300,wt,False,,540,,0,,,,,
862372,2024-02-27,20240227_83_01#7B,RANK_7B,"7=4-5,3,1 (axis_sum=1.3)",3,0,0,300,wt,False,,320,,0,,,,,
862472,2024-02-27,20240227_83_10#7B,RANK_7B,"7=1-4,2,5 (axis_sum=1.4)",3,1,730,300,wt,False,,730,,0,,,,,
862494,2024-02-28,20240228_27_03#7B,RANK_7B,"7=1-3,4,5 (axis_sum=1.3)",3,1,660,300,wt,False,,660,,0,,,,,
862509,2024-02-28,20240228_27_11#7B,RANK_7B,"1=5-2,3,4 (axis_sum=1.3)",3,1,230,300,wt,False,,230,,0,,,,,
862395,2024-02-28,20240228_27_12#7B,RANK_7B,"4=1-3,2,7 (axis_sum=1.6)",3,1,810,300,wt,False,,810,,0,,,,,
862440,2024-02-28,20240228_34_07#7B,RANK_7B,"1=7-3,2,5 (axis_sum=1.5)",3,1,250,300,wt,False,,250,,0,,,,,
862431,2024-02-28,20240228_53_02#7B,RANK_7B,"1=3-4,5,6 (axis_sum=1.5)",3,1,310,300,wt,False,,310,,0,,,,,
862410,2024-02-28,20240228_85_11#7B,RANK_7B,"4=1-7,2,3 (axis_sum=1.6)",3,0,0,300,wt,False,,2480,,0,,,,,
862529,2024-02-29,20240229_34_01#7B,RANK_7B,"4=3-1,6,7 (axis_sum=1.0)",3,1,2030,300,wt,False,,2030,,0,,,,,
862413,2024-02-29,20240229_53_08#7B,RANK_7B,"1=4-3,5,6 (axis_sum=1.4)",3,0,0,300,wt,False,,230,,0,,,,,
862501,2024-02-29,20240229_54_03#7B,RANK_7B,"2=1-4,7,3 (axis_sum=1.1)",3,0,0,300,wt,False,,3650,,0,,,,,
862407,2024-02-29,20240229_54_06#7B,RANK_7B,"3=4-2,5,1 (axis_sum=1.6)",3,0,0,300,wt,False,,1920,,0,,,,,
862519,2024-02-29,20240229_54_08#7B,RANK_7B,"7=4-2,5,6 (axis_sum=1.1)",3,0,0,300,wt,False,,1260,,0,,,,,
862434,2024-02-29,20240229_54_09#7B,RANK_7B,"1=5-3,2,7 (axis_sum=1.3)",3,0,0,300,wt,False,,2470,,0,,,,,
862417,2024-02-29,20240229_85_06#7B,RANK_7B,"4=1-7,6,3 (axis_sum=1.5)",3,0,0,300,wt,False,,880,,0,,,,,
862443,2024-02-29,20240229_85_11#7B,RANK_7B,"5=2-4,7,6 (axis_sum=1.3)",3,1,340,300,wt,False,,340,,0,,,,,
862515,2024-02-29,20240229_85_12#7B,RANK_7B,"1=4-5,2,3 (axis_sum=1.4)",3,1,330,300,wt,False,,330,,0,,,,,
862618,2024-03-01,20240301_13_09#7B,RANK_7B,"7=5-4,2,3 (axis_sum=1.6)",3,0,0,300,wt,False,,2270,,0,,,,,
862568,2024-03-01,20240301_13_11#7B,RANK_7B,"4=1-7,5,2 (axis_sum=1.7)",3,1,1250,300,wt,False,,1250,,0,,,,,
862656,2024-03-01,20240301_25_03#7B,RANK_7B,"3=1-5,2,6 (axis_sum=1.5)",3,1,480,300,wt,False,,480,,0,,,,,
862638,2024-03-01,20240301_25_08#7B,RANK_7B,"5=4-1,3,7 (axis_sum=1.5)",3,1,220,300,wt,False,,220,,0,,,,,
862755,2024-03-01,20240301_34_07#7B,RANK_7B,"1=7-2,4,5 (axis_sum=1.3)",3,0,0,300,wt,False,,1700,,0,,,,,
862695,2024-03-01,20240301_85_11#7B,RANK_7B,"1=7-4,5,2 (axis_sum=1.5)",3,0,0,300,wt,False,,5170,,0,,,,,
862657,2024-03-01,20240301_86_03#7B,RANK_7B,"1=7-5,4,2 (axis_sum=1.5)",3,0,0,300,wt,False,,2620,,0,,,,,
862631,2024-03-02,20240302_13_02#7B,RANK_7B,"7=4-5,1,3 (axis_sum=1.3)",3,0,0,300,wt,False,,360,,0,,,,,
862690,2024-03-02,20240302_25_12#7B,RANK_7B,"4=5-3,7,2 (axis_sum=1.6)",3,1,310,300,wt,False,,310,,0,,,,,
862551,2024-03-02,20240302_42_06#7B,RANK_7B,"1=4-3,7,5 (axis_sum=1.6)",3,1,560,300,wt,False,,560,,0,,,,,
862723,2024-03-02,20240302_43_08#7B,RANK_7B,"2=4-7,5,3 (axis_sum=1.1)",3,0,0,300,wt,False,,3180,,0,,,,,
862642,2024-03-02,20240302_81_10#7B,RANK_7B,"1=4-3,5,7 (axis_sum=1.4)",3,0,0,300,wt,False,,190,,0,,,,,
862635,2024-03-02,20240302_84_02#7B,RANK_7B,"2=3-1,4,6 (axis_sum=1.7)",3,0,0,300,wt,False,,1800,,0,,,,,
862670,2024-03-02,20240302_84_09#7B,RANK_7B,"1=2-5,3,7 (axis_sum=1.3)",3,0,0,300,wt,False,,4310,,0,,,,,
862691,2024-03-02,20240302_86_06#7B,RANK_7B,"4=7-2,1,5 (axis_sum=1.6)",3,0,0,300,wt,False,,1110,,0,,,,,
862563,2024-03-03,20240303_13_03#7B,RANK_7B,"4=1-5,2,3 (axis_sum=1.7)",3,1,160,300,wt,False,,160,,0,,,,,
862703,2024-03-03,20240303_13_07#7B,RANK_7B,"4=3-7,1,2 (axis_sum=1.3)",3,0,0,300,wt,False,,1160,,0,,,,,
862754,2024-03-03,20240303_13_12#7B,RANK_7B,"4=1-2,3,5 (axis_sum=1.2)",3,0,0,300,wt,False,,5090,,0,,,,,
862708,2024-03-03,20240303_25_09#7B,RANK_7B,"2=5-4,1,3 (axis_sum=1.3)",3,0,0,300,wt,False,,2000,,0,,,,,
862548,2024-03-03,20240303_81_05#7B,RANK_7B,"1=3-5,2,4 (axis_sum=1.7)",3,1,700,300,wt,False,,700,,0,,,,,
862662,2024-03-03,20240303_84_08#7B,RANK_7B,"1=2-5,4,6 (axis_sum=1.4)",3,1,470,300,wt,False,,470,,0,,,,,
862694,2024-03-03,20240303_84_09#7B,RANK_7B,"1=3-2,4,6 (axis_sum=1.3)",3,0,0,300,wt,False,,790,,0,,,,,
862599,2024-03-04,20240304_27_04#7B,RANK_7B,"5=3-7,4,1 (axis_sum=1.5)",3,0,0,300,wt,False,,5620,,0,,,,,
862579,2024-03-04,20240304_27_08#7B,RANK_7B,"1=4-3,5,2 (axis_sum=1.6)",3,0,0,300,wt,False,,7190,,0,,,,,
862749,2024-03-04,20240304_27_10#7B,RANK_7B,"7=2-5,3,6 (axis_sum=1.5)",3,0,0,300,wt,False,,2350,,0,,,,,
862573,2024-03-04,20240304_36_01#7B,RANK_7B,"1=5-3,4,2 (axis_sum=1.7)",3,1,190,300,wt,False,,190,,0,,,,,
862630,2024-03-04,20240304_36_03#7B,RANK_7B,"3=7-5,4,2 (axis_sum=1.4)",3,0,0,300,wt,False,,800,,0,,,,,
862740,2024-03-04,20240304_36_07#7B,RANK_7B,"4=1-7,5,6 (axis_sum=1.3)",3,0,0,300,wt,False,,5850,,0,,,,,
862546,2024-03-04,20240304_42_01#7B,RANK_7B,"1=2-3,4,6 (axis_sum=1.4)",3,0,0,300,wt,False,,5400,,0,,,,,
862649,2024-03-04,20240304_51_09#7B,RANK_7B,"5=7-2,4,1 (axis_sum=1.4)",3,1,600,300,wt,False,,600,,0,,,,,
862604,2024-03-04,20240304_54_01#7B,RANK_7B,"1=2-7,3,4 (axis_sum=1.5)",3,0,0,300,wt,False,,740,,0,,,,,
862632,2024-03-04,20240304_54_05#7B,RANK_7B,"5=2-3,4,1 (axis_sum=1.4)",3,0,0,300,wt,False,,430,,0,,,,,
862677,2024-03-04,20240304_54_06#7B,RANK_7B,"2=5-7,3,4 (axis_sum=1.3)",3,0,0,300,wt,False,,1210,,0,,,,,
862556,2024-03-04,20240304_74_10#7B,RANK_7B,"7=1-5,4,3 (axis_sum=1.6)",3,0,0,300,wt,False,,13330,,0,,,,,
862720,2024-03-04,20240304_81_09#7B,RANK_7B,"3=5-4,7,1 (axis_sum=1.3)",3,1,200,300,wt,False,,200,,0,,,,,
862636,2024-03-04,20240304_84_04#7B,RANK_7B,"1=2-4,6,5 (axis_sum=1.4)",3,0,0,300,wt,False,,2470,,0,,,,,
862726,2024-03-05,20240305_27_03#7B,RANK_7B,"1=2-5,7,3 (axis_sum=1.3)",3,1,2700,300,wt,False,,2700,,0,,,,,
862701,2024-03-05,20240305_27_12#7B,RANK_7B,"4=2-7,5,1 (axis_sum=1.2)",3,0,0,300,wt,False,,570,,0,,,,,
862643,2024-03-05,20240305_36_02#7B,RANK_7B,"1=4-7,5,3 (axis_sum=1.4)",3,0,0,300,wt,False,,440,,0,,,,,
862683,2024-03-05,20240305_36_03#7B,RANK_7B,"1=2-5,3,4 (axis_sum=1.4)",3,0,0,300,wt,False,,1120,,0,,,,,
862601,2024-03-05,20240305_36_04#7B,RANK_7B,"5=3-1,4,2 (axis_sum=1.5)",3,0,0,300,wt,False,,180,,0,,,,,
862572,2024-03-05,20240305_47_02#7B,RANK_7B,"1=2-6,4,5 (axis_sum=1.8)",3,0,0,300,wt,False,,860,,0,,,,,
862628,2024-03-05,20240305_47_08#7B,RANK_7B,"1=2-3,6,5 (axis_sum=1.5)",3,1,240,300,wt,False,,240,,0,,,,,
862541,2024-03-05,20240305_51_06#7B,RANK_7B,"4=7-6,2,3 (axis_sum=1.7)",3,1,640,300,wt,False,,640,,0,,,,,
862743,2024-03-05,20240305_74_01#7B,RANK_7B,"2=4-5,7,1 (axis_sum=1.3)",3,0,0,300,wt,False,,1920,,0,,,,,
862560,2024-03-05,20240305_74_09#7B,RANK_7B,"1=4-2,3,7 (axis_sum=1.3)",3,0,0,300,wt,False,,1510,,0,,,,,
862637,2024-03-06,20240306_27_02#7B,RANK_7B,"2=5-4,1,3 (axis_sum=1.5)",3,0,0,300,wt,False,,2570,,0,,,,,
862611,2024-03-06,20240306_27_07#7B,RANK_7B,"5=2-7,4,3 (axis_sum=1.5)",3,1,1430,300,wt,False,,1430,,0,,,,,
862746,2024-03-06,20240306_27_12#7B,RANK_7B,"4=2-3,5,7 (axis_sum=1.3)",3,1,300,300,wt,False,,300,,0,,,,,
862753,2024-03-06,20240306_34_02#7B,RANK_7B,"1=5-6,2,7 (axis_sum=0.9)",3,0,0,300,wt,False,,6580,,0,,,,,
862713,2024-03-06,20240306_36_04#7B,RANK_7B,"5=3-7,4,2 (axis_sum=1.3)",3,0,0,300,wt,False,,490,,0,,,,,
862752,2024-03-06,20240306_36_05#7B,RANK_7B,"2=3-4,7,1 (axis_sum=1.2)",3,0,0,300,wt,False,,3310,,0,,,,,
862711,2024-03-06,20240306_51_06#7B,RANK_7B,"7=4-3,5,1 (axis_sum=1.3)",3,0,0,300,wt,False,,3300,,0,,,,,
862663,2024-03-06,20240306_51_07#7B,RANK_7B,"1=2-3,4,6 (axis_sum=1.3)",3,1,880,300,wt,False,,880,,0,,,,,
862672,2024-03-06,20240306_54_06#7B,RANK_7B,"1=5-2,7,4 (axis_sum=1.2)",3,0,0,300,wt,False,,370,,0,,,,,
862719,2024-03-06,20240306_54_09#7B,RANK_7B,"1=7-2,5,6 (axis_sum=1.3)",3,0,0,300,wt,False,,1550,,0,,,,,
862700,2024-03-06,20240306_54_11#7B,RANK_7B,"3=1-7,2,6 (axis_sum=1.4)",3,0,0,300,wt,False,,1620,,0,,,,,
862557,2024-03-06,20240306_81_02#7B,RANK_7B,"4=7-1,5,2 (axis_sum=1.6)",3,0,0,300,wt,False,,800,,0,,,,,
862738,2024-03-06,20240306_81_12#7B,RANK_7B,"2=4-1,7,3 (axis_sum=1.3)",3,0,0,300,wt,False,,2110,,0,,,,,
862653,2024-03-07,20240307_34_08#7B,RANK_7B,"1=2-3,5,6 (axis_sum=1.8)",3,0,0,300,wt,False,,1620,,0,,,,,
862580,2024-03-07,20240307_47_01#7B,RANK_7B,"1=2-6,5,4 (axis_sum=1.5)",3,0,0,300,wt,False,,3730,,0,,,,,
862705,2024-03-07,20240307_47_05#7B,RANK_7B,"1=2-4,5,6 (axis_sum=1.4)",3,0,0,300,wt,False,,690,,0,,,,,
862710,2024-03-07,20240307_81_11#7B,RANK_7B,"1=5-4,2,3 (axis_sum=1.4)",3,1,650,300,wt,False,,650,,0,,,,,
862732,2024-03-08,20240308_26_01#7B,RANK_7B,"2=1-4,5,3 (axis_sum=1.4)",3,1,1780,300,wt,False,,1780,,0,,,,,
862566,2024-03-08,20240308_26_07#7B,RANK_7B,"1=2-3,4,7 (axis_sum=1.8)",3,1,320,300,wt,False,,320,,0,,,,,
862622,2024-03-08,20240308_28_04#7B,RANK_7B,"1=3-7,5,4 (axis_sum=1.3)",3,1,310,300,wt,False,,310,,0,,,,,
862742,2024-03-08,20240308_28_06#7B,RANK_7B,"4=1-7,5,3 (axis_sum=0.9)",3,1,530,300,wt,False,,530,,0,,,,,
862750,2024-03-08,20240308_28_12#7B,RANK_7B,"1=7-2,3,5 (axis_sum=1.3)",3,0,0,300,wt,False,,840,,0,,,,,
862561,2024-03-08,20240308_42_04#7B,RANK_7B,"4=2-1,3,6 (axis_sum=1.8)",3,0,0,300,wt,False,,200,,0,,,,,
862577,2024-03-08,20240308_81_01#7B,RANK_7B,"1=3-5,7,4 (axis_sum=1.4)",3,1,1320,300,wt,False,,1320,,0,,,,,
862704,2024-03-08,20240308_81_04#7B,RANK_7B,"4=5-1,7,2 (axis_sum=1.3)",3,0,0,300,wt,False,,2210,,0,,,,,
862673,2024-03-08,20240308_81_10#7B,RANK_7B,"4=1-5,3,7 (axis_sum=1.3)",3,0,0,300,wt,False,,1280,,0,,,,,
862532,2024-03-08,20240308_84_02#7B,RANK_7B,"1=2-4,5,6 (axis_sum=1.8)",3,0,0,300,wt,False,,160,,0,,,,,
862587,2024-03-09,20240309_26_03#7B,RANK_7B,"2=1-4,6,3 (axis_sum=1.7)",3,0,0,300,wt,False,,320,,0,,,,,
862627,2024-03-09,20240309_26_08#7B,RANK_7B,"1=2-3,5,6 (axis_sum=1.5)",3,0,0,300,wt,False,,6730,,0,,,,,
862697,2024-03-09,20240309_28_09#7B,RANK_7B,"2=5-4,7,6 (axis_sum=1.4)",3,1,620,300,wt,False,,620,,0,,,,,
862681,2024-03-09,20240309_42_10#7B,RANK_7B,"2=4-3,5,7 (axis_sum=1.3)",3,0,0,300,wt,False,,4300,,0,,,,,
862702,2024-03-09,20240309_48_05#7B,RANK_7B,"1=4-7,3,5 (axis_sum=1.4)",3,0,0,300,wt,False,,280,,0,,,,,
862687,2024-03-09,20240309_48_08#7B,RANK_7B,"1=7-5,4,3 (axis_sum=1.4)",3,0,0,300,wt,False,,3890,,0,,,,,
862574,2024-03-09,20240309_48_10#7B,RANK_7B,"1=4-5,7,3 (axis_sum=1.4)",3,1,210,300,wt,False,,210,,0,,,,,
862640,2024-03-09,20240309_84_03#7B,RANK_7B,"2=3-5,4,7 (axis_sum=1.2)",3,0,0,300,wt,False,,3650,,0,,,,,
862741,2024-03-10,20240310_28_08#7B,RANK_7B,"7=3-2,1,4 (axis_sum=1.3)",3,0,0,300,wt,False,,13000,,0,,,,,
862674,2024-03-10,20240310_28_10#7B,RANK_7B,"3=7-2,5,1 (axis_sum=1.4)",3,0,0,300,wt,False,,6410,,0,,,,,
862680,2024-03-10,20240310_34_11#7B,RANK_7B,"2=4-5,1,6 (axis_sum=1.4)",3,0,0,300,wt,False,,7880,,0,,,,,
862570,2024-03-10,20240310_42_11#7B,RANK_7B,"5=1-3,4,2 (axis_sum=1.8)",3,0,0,300,wt,False,,2940,,0,,,,,
862736,2024-03-10,20240310_42_12#7B,RANK_7B,"2=4-5,1,7 (axis_sum=1.2)",3,0,0,300,wt,False,,2100,,0,,,,,
862671,2024-03-10,20240310_48_06#7B,RANK_7B,"5=4-7,3,2 (axis_sum=1.3)",3,0,0,300,wt,False,,2490,,0,,,,,
862727,2024-03-10,20240310_48_10#7B,RANK_7B,"1=2-6,4,7 (axis_sum=1.3)",3,0,0,300,wt,False,,1130,,0,,,,,
862600,2024-03-10,20240310_48_12#7B,RANK_7B,"1=7-5,3,2 (axis_sum=1.6)",3,0,0,300,wt,False,,160,,0,,,,,
862658,2024-03-10,20240310_84_06#7B,RANK_7B,"1=4-2,5,6 (axis_sum=1.4)",3,0,0,300,wt,False,,3570,,0,,,,,
862655,2024-03-11,20240311_36_05#7B,RANK_7B,"7=4-1,2,6 (axis_sum=1.6)",3,0,0,300,wt,False,,300,,0,,,,,
862735,2024-03-11,20240311_48_12#7B,RANK_7B,"1=3-4,6,2 (axis_sum=1.4)",3,0,0,300,wt,False,,2590,,0,,,,,
862593,2024-03-11,20240311_51_02#7B,RANK_7B,"4=3-1,5,2 (axis_sum=1.6)",3,0,0,300,wt,False,,330,,0,,,,,
862634,2024-03-11,20240311_51_06#7B,RANK_7B,"5=4-3,1,2 (axis_sum=1.3)",3,1,510,300,wt,False,,510,,0,,,,,
862620,2024-03-11,20240311_51_12#7B,RANK_7B,"4=1-2,7,5 (axis_sum=1.7)",3,1,180,300,wt,False,,180,,0,,,,,
862552,2024-03-11,20240311_71_05#7B,RANK_7B,"1=2-6,4,5 (axis_sum=1.4)",3,0,0,300,wt,False,,1330,,0,,,,,
862650,2024-03-12,20240312_23_01#7B,RANK_7B,"7=5-1,4,3 (axis_sum=1.3)",3,0,0,300,wt,False,,3650,,0,,,,,
862598,2024-03-12,20240312_34_02#7B,RANK_7B,"5=7-2,1,3 (axis_sum=1.2)",3,0,0,300,wt,False,,3610,,0,,,,,
862712,2024-03-12,20240312_34_03#7B,RANK_7B,"3=1-7,4,5 (axis_sum=1.2)",3,0,0,300,wt,False,,2270,,0,,,,,
862639,2024-03-12,20240312_43_07#7B,RANK_7B,"1=5-4,7,2 (axis_sum=1.5)",3,1,210,300,wt,False,,210,,0,,,,,
862629,2024-03-12,20240312_81_06#7B,RANK_7B,"1=2-4,3,5 (axis_sum=1.4)",3,0,0,300,wt,False,,2420,,0,,,,,
862698,2024-03-12,20240312_81_08#7B,RANK_7B,"3=2-1,4,5 (axis_sum=1.4)",3,0,0,300,wt,False,,3310,,0,,,,,
862709,2024-03-12,20240312_86_02#7B,RANK_7B,"1=3-7,4,2 (axis_sum=1.2)",3,0,0,300,wt,False,,540,,0,,,,,
862684,2024-03-12,20240312_86_03#7B,RANK_7B,"4=2-1,7,5 (axis_sum=1.3)",3,1,210,300,wt,False,,210,,0,,,,,
862623,2024-03-12,20240312_86_11#7B,RANK_7B,"1=7-5,3,4 (axis_sum=1.5)",3,1,320,300,wt,False,,320,,0,,,,,
862745,2024-03-13,20240313_23_03#7B,RANK_7B,"1=7-2,4,5 (axis_sum=1.1)",3,0,0,300,wt,False,,2010,,0,,,,,
862576,2024-03-13,20240313_23_05#7B,RANK_7B,"4=5-3,1,7 (axis_sum=1.7)",3,1,1460,300,wt,False,,1460,,0,,,,,
862597,2024-03-13,20240313_43_02#7B,RANK_7B,"2=4-5,7,6 (axis_sum=1.5)",3,0,0,300,wt,False,,620,,0,,,,,
862699,2024-03-13,20240313_43_12#7B,RANK_7B,"7=3-5,4,1 (axis_sum=1.5)",3,1,250,300,wt,False,,250,,0,,,,,
862610,2024-03-13,20240313_51_03#7B,RANK_7B,"1=3-4,5,7 (axis_sum=1.3)",3,0,0,300,wt,False,,1350,,0,,,,,
862682,2024-03-13,20240313_51_04#7B,RANK_7B,"4=5-1,7,2 (axis_sum=1.4)",3,1,340,300,wt,False,,340,,0,,,,,
862759,2024-03-13,20240313_51_10#7B,RANK_7B,"3=1-2,5,4 (axis_sum=1.1)",3,0,0,300,wt,False,,2450,,0,,,,,
862661,2024-03-13,20240313_51_11#7B,RANK_7B,"4=2-7,1,5 (axis_sum=1.3)",3,1,880,300,wt,False,,880,,0,,,,,
862647,2024-03-13,20240313_61_01#7B,RANK_7B,"1=2-3,5,7 (axis_sum=1.4)",3,0,0,300,wt,False,,210,,0,,,,,
862693,2024-03-13,20240313_71_09#7B,RANK_7B,"1=2-6,4,3 (axis_sum=1.5)",3,0,0,300,wt,False,,14680,,0,,,,,
862707,2024-03-13,20240313_81_03#7B,RANK_7B,"2=3-1,5,4 (axis_sum=1.3)",3,1,400,300,wt,False,,400,,0,,,,,
862730,2024-03-13,20240313_86_04#7B,RANK_7B,"7=4-2,3,5 (axis_sum=1.3)",3,0,0,300,wt,False,,1010,,0,,,,,
862565,2024-03-13,20240313_86_10#7B,RANK_7B,"4=1-5,7,6 (axis_sum=1.8)",3,0,0,300,wt,False,,2680,,0,,,,,
862739,2024-03-14,20240314_23_04#7B,RANK_7B,"7=5-1,2,4 (axis_sum=1.1)",3,0,0,300,wt,False,,610,,0,,,,,
862535,2024-03-14,20240314_37_01#7B,RANK_7B,"3=7-6,5,4 (axis_sum=1.7)",3,0,0,300,wt,False,,140,,0,,,,,
862592,2024-03-14,20240314_43_05#7B,RANK_7B,"1=5-7,3,4 (axis_sum=1.6)",3,1,260,300,wt,False,,260,,0,,,,,
862584,2024-03-14,20240314_47_05#7B,RANK_7B,"1=2-3,6,4 (axis_sum=1.3)",3,0,0,300,wt,False,,700,,0,,,,,
862714,2024-03-15,20240315_47_03#7B,RANK_7B,"1=2-3,6,4 (axis_sum=1.2)",3,0,0,300,wt,False,,2680,,0,,,,,
862555,2024-03-15,20240315_55_01#7B,RANK_7B,"3=5-4,2,7 (axis_sum=1.5)",3,0,0,300,wt,False,,320,,0,,,,,
862654,2024-03-16,20240316_26_06#7B,RANK_7B,"2=1-3,4,5 (axis_sum=1.5)",3,1,420,300,wt,False,,420,,0,,,,,
862716,2024-03-16,20240316_47_09#7B,RANK_7B,"1=5-3,4,2 (axis_sum=1.5)",3,0,0,300,wt,False,,340,,0,,,,,
862717,2024-03-17,20240317_22_06#7B,RANK_7B,"1=2-5,6,4 (axis_sum=1.5)",3,0,0,300,wt,False,,1420,,0,,,,,
862613,2024-03-17,20240317_24_02#7B,RANK_7B,"1=2-4,5,7 (axis_sum=1.5)",3,0,0,300,wt,False,,770,,0,,,,,
862567,2024-03-17,20240317_43_01#7B,RANK_7B,"7=1-5,3,6 (axis_sum=1.5)",3,0,0,300,wt,False,,410,,0,,,,,
862536,2024-03-17,20240317_43_07#7B,RANK_7B,"2=6-7,3,4 (axis_sum=1.8)",3,0,0,300,wt,False,,160,,0,,,,,
862667,2024-03-17,20240317_55_06#7B,RANK_7B,"4=2-3,7,1 (axis_sum=1.4)",3,1,320,300,wt,False,,320,,0,,,,,
862715,2024-03-17,20240317_55_07#7B,RANK_7B,"5=2-4,6,3 (axis_sum=1.5)",3,0,0,300,wt,False,,1290,,0,,,,,
862665,2024-03-17,20240317_74_08#7B,RANK_7B,"3=2-7,1,5 (axis_sum=1.4)",3,0,0,300,wt,False,,1680,,0,,,,,
862590,2024-03-17,20240317_86_04#7B,RANK_7B,"2=1-3,5,6 (axis_sum=1.6)",3,0,0,300,wt,False,,12310,,0,,,,,
862668,2024-03-17,20240317_86_06#7B,RANK_7B,"1=3-5,2,6 (axis_sum=1.2)",3,0,0,300,wt,False,,1330,,0,,,,,
862549,2024-03-18,20240318_24_02#7B,RANK_7B,"1=2-5,6,7 (axis_sum=1.6)",3,0,0,300,wt,False,,170,,0,,,,,
862588,2024-03-18,20240318_24_06#7B,RANK_7B,"2=1-4,3,5 (axis_sum=1.5)",3,1,400,300,wt,False,,400,,0,,,,,
862652,2024-03-18,20240318_24_07#7B,RANK_7B,"1=3-4,5,2 (axis_sum=1.6)",3,1,410,300,wt,False,,410,,0,,,,,
862605,2024-03-18,20240318_25_10#7B,RANK_7B,"5=1-4,3,6 (axis_sum=1.7)",3,1,180,300,wt,False,,180,,0,,,,,
862562,2024-03-18,20240318_25_11#7B,RANK_7B,"7=1-4,6,5 (axis_sum=1.7)",3,1,140,300,wt,False,,140,,0,,,,,
862550,2024-03-18,20240318_35_03#7B,RANK_7B,"3=7-4,5,6 (axis_sum=1.8)",3,0,0,300,wt,False,,260,,0,,,,,
862540,2024-03-18,20240318_43_07#7B,RANK_7B,"3=4-7,5,6 (axis_sum=1.7)",3,1,2540,300,wt,False,,2540,,0,,,,,
862721,2024-03-18,20240318_74_11#7B,RANK_7B,"1=3-4,2,5 (axis_sum=1.3)",3,1,750,300,wt,False,,750,,0,,,,,
862608,2024-03-18,20240318_81_03#7B,RANK_7B,"7=2-5,4,3 (axis_sum=1.5)",3,1,210,300,wt,False,,210,,0,,,,,
862578,2024-03-18,20240318_81_11#7B,RANK_7B,"4=1-2,5,7 (axis_sum=1.7)",3,0,0,300,wt,False,,570,,0,,,,,
862545,2024-03-18,20240318_86_05#7B,RANK_7B,"2=1-4,5,6 (axis_sum=1.7)",3,0,0,300,wt,False,,240,,0,,,,,
862744,2024-03-19,20240319_24_02#7B,RANK_7B,"2=1-4,3,7 (axis_sum=1.3)",3,0,0,300,wt,False,,160,,0,,,,,
862591,2024-03-19,20240319_25_04#7B,RANK_7B,"4=2-1,6,7 (axis_sum=1.7)",3,0,0,300,wt,False,,2400,,0,,,,,
862728,2024-03-19,20240319_25_06#7B,RANK_7B,"4=2-3,1,7 (axis_sum=1.1)",3,0,0,300,wt,False,,5180,,0,,,,,
862616,2024-03-19,20240319_35_03#7B,RANK_7B,"1=3-7,5,2 (axis_sum=1.4)",3,1,440,300,wt,False,,440,,0,,,,,
862615,2024-03-19,20240319_43_05#7B,RANK_7B,"2=4-1,3,5 (axis_sum=1.5)",3,1,230,300,wt,False,,230,,0,,,,,
862585,2024-03-19,20240319_47_06#7B,RANK_7B,"4=2-5,3,7 (axis_sum=1.5)",3,0,0,300,wt,False,,1030,,0,,,,,
862675,2024-03-19,20240319_74_08#7B,RANK_7B,"5=2-4,1,7 (axis_sum=1.4)",3,1,360,300,wt,False,,360,,0,,,,,
862575,2024-03-19,20240319_81_01#7B,RANK_7B,"1=7-5,4,3 (axis_sum=1.5)",3,0,0,300,wt,False,,6750,,0,,,,,
862729,2024-03-19,20240319_81_07#7B,RANK_7B,"3=2-7,5,4 (axis_sum=1.2)",3,0,0,300,wt,False,,3840,,0,,,,,
862685,2024-03-19,20240319_81_11#7B,RANK_7B,"1=2-4,5,7 (axis_sum=1.5)",3,1,1310,300,wt,False,,1310,,0,,,,,
862646,2024-03-19,20240319_86_03#7B,RANK_7B,"1=2-5,4,6 (axis_sum=1.4)",3,0,0,300,wt,False,,430,,0,,,,,
862747,2024-03-20,20240320_25_05#7B,RANK_7B,"2=1-5,3,4 (axis_sum=1.1)",3,0,0,300,wt,False,,2400,,0,,,,,
862648,2024-03-20,20240320_35_03#7B,RANK_7B,"3=5-1,6,7 (axis_sum=1.7)",3,0,0,300,wt,False,,1930,,0,,,,,
862692,2024-03-20,20240320_44_06#7B,RANK_7B,"1=3-5,4,6 (axis_sum=1.3)",3,0,0,300,wt,False,,1290,,0,,,,,
862607,2024-03-20,20240320_44_07#7B,RANK_7B,"1=2-4,5,6 (axis_sum=1.6)",3,1,230,300,wt,False,,230,,0,,,,,
862688,2024-03-20,20240320_47_12#7B,RANK_7B,"2=4-5,7,1 (axis_sum=1.4)",3,1,450,300,wt,False,,450,,0,,,,,
862582,2024-03-20,20240320_75_04#7B,RANK_7B,"1=4-2,5,6 (axis_sum=1.5)",3,0,0,300,wt,False,,870,,0,,,,,
862533,2024-03-20,20240320_75_06#7B,RANK_7B,"1=2-3,5,6 (axis_sum=1.7)",3,1,240,300,wt,False,,240,,0,,,,,
862539,2024-03-20,20240320_75_08#7B,RANK_7B,"2=1-4,5,6 (axis_sum=1.7)",3,0,0,300,wt,False,,3200,,0,,,,,
862589,2024-03-21,20240321_34_02#7B,RANK_7B,"4=2-5,1,7 (axis_sum=1.4)",3,0,0,300,wt,False,,5710,,0,,,,,
862609,2024-03-21,20240321_34_03#7B,RANK_7B,"2=5-7,4,6 (axis_sum=1.0)",3,0,0,300,wt,False,,6050,,0,,,,,
862596,2024-03-21,20240321_47_09#7B,RANK_7B,"4=5-1,3,2 (axis_sum=1.5)",3,0,0,300,wt,False,,2560,,0,,,,,
862543,2024-03-21,20240321_75_09#7B,RANK_7B,"1=2-3,5,6 (axis_sum=1.7)",3,1,240,300,wt,False,,240,,0,,,,,
862757,2024-03-22,20240322_34_01#7B,RANK_7B,"7=3-2,1,6 (axis_sum=0.9)",3,0,0,300,wt,False,,2140,,0,,,,,
862751,2024-03-22,20240322_34_03#7B,RANK_7B,"7=3-4,5,2 (axis_sum=1.1)",3,0,0,300,wt,False,,820,,0,,,,,
862603,2024-03-22,20240322_34_07#7B,RANK_7B,"1=3-7,2,6 (axis_sum=1.6)",3,1,180,300,wt,False,,180,,0,,,,,
862594,2024-03-22,20240322_43_10#7B,RANK_7B,"5=3-7,4,6 (axis_sum=1.6)",3,1,1750,300,wt,False,,1750,,0,,,,,
862645,2024-03-22,20240322_44_01#7B,RANK_7B,"1=2-4,3,7 (axis_sum=1.6)",3,0,0,300,wt,False,,1780,,0,,,,,
862641,2024-03-22,20240322_44_03#7B,RANK_7B,"1=2-4,5,7 (axis_sum=1.2)",3,0,0,300,wt,False,,3520,,0,,,,,
862581,2024-03-22,20240322_51_07#7B,RANK_7B,"7=1-2,4,5 (axis_sum=1.7)",3,1,2710,300,wt,False,,2710,,0,,,,,
862537,2024-03-22,20240322_75_05#7B,RANK_7B,"1=2-4,5,6 (axis_sum=1.6)",3,0,0,300,wt,False,,310,,0,,,,,
862559,2024-03-22,20240322_75_09#7B,RANK_7B,"1=3-4,5,6 (axis_sum=1.5)",3,1,1180,300,wt,False,,1180,,0,,,,,
862626,2024-03-22,20240322_84_03#7B,RANK_7B,"1=2-7,5,4 (axis_sum=1.5)",3,0,0,300,wt,False,,480,,0,,,,,
862651,2024-03-22,20240322_84_06#7B,RANK_7B,"7=3-5,2,1 (axis_sum=1.2)",3,1,3090,300,wt,False,,3090,,0,,,,,
862760,2024-03-22,20240322_84_07#7B,RANK_7B,"1=4-2,5,6 (axis_sum=1.2)",3,0,0,300,wt,False,,8140,,0,,,,,
862706,2024-03-23,20240323_43_09#7B,RANK_7B,"4=1-3,2,7 (axis_sum=1.3)",3,0,0,300,wt,False,,6520,,0,,,,,
862725,2024-03-23,20240323_81_07#7B,RANK_7B,"1=4-2,5,3 (axis_sum=1.3)",3,0,0,300,wt,False,,1230,,0,,,,,
862564,2024-03-23,20240323_84_04#7B,RANK_7B,"5=2-7,1,3 (axis_sum=1.5)",3,1,250,300,wt,False,,250,,0,,,,,
862542,2024-03-24,20240324_43_05#7B,RANK_7B,"4=3-5,1,7 (axis_sum=1.5)",3,0,0,300,wt,False,,1770,,0,,,,,
862547,2024-03-24,20240324_71_02#7B,RANK_7B,"1=7-3,4,5 (axis_sum=1.8)",3,0,0,300,wt,False,,200,,0,,,,,
862676,2024-03-24,20240324_81_03#7B,RANK_7B,"1=2-7,5,4 (axis_sum=1.4)",3,0,0,300,wt,False,,2130,,0,,,,,
862619,2024-03-24,20240324_84_05#7B,RANK_7B,"5=7-1,4,2 (axis_sum=1.4)",3,0,0,300,wt,False,,320,,0,,,,,
862731,2024-03-25,20240325_24_07#7B,RANK_7B,"7=2-5,1,3 (axis_sum=1.3)",3,0,0,300,wt,False,,21500,,0,,,,,
862538,2024-03-25,20240325_61_06#7B,RANK_7B,"3=7-1,2,6 (axis_sum=1.7)",3,0,0,300,wt,False,,210,,0,,,,,
862678,2024-03-25,20240325_81_03#7B,RANK_7B,"1=3-2,5,6 (axis_sum=1.2)",3,1,570,300,wt,False,,570,,0,,,,,
862748,2024-03-26,20240326_24_10#7B,RANK_7B,"5=7-2,1,4 (axis_sum=1.3)",3,0,0,300,wt,False,,2060,,0,,,,,
862534,2024-03-26,20240326_34_07#7B,RANK_7B,"6=1-7,5,4 (axis_sum=1.8)",3,1,190,300,wt,False,,190,,0,,,,,
862724,2024-03-26,20240326_44_05#7B,RANK_7B,"1=4-2,6,5 (axis_sum=1.3)",3,1,670,300,wt,False,,670,,0,,,,,
862602,2024-03-26,20240326_48_04#7B,RANK_7B,"4=1-3,2,5 (axis_sum=1.6)",3,0,0,300,wt,False,,460,,0,,,,,
862624,2024-03-26,20240326_61_02#7B,RANK_7B,"7=5-1,2,4 (axis_sum=1.5)",3,1,4220,300,wt,False,,4220,,0,,,,,
862583,2024-03-26,20240326_61_05#7B,RANK_7B,"5=7-3,4,1 (axis_sum=1.6)",3,1,2380,300,wt,False,,2380,,0,,,,,
862686,2024-03-26,20240326_61_08#7B,RANK_7B,"5=1-7,4,2 (axis_sum=1.2)",3,0,0,300,wt,False,,5150,,0,,,,,
862621,2024-03-27,20240327_24_04#7B,RANK_7B,"4=1-5,3,2 (axis_sum=1.4)",3,1,450,300,wt,False,,450,,0,,,,,
862633,2024-03-27,20240327_44_06#7B,RANK_7B,"1=3-2,6,7 (axis_sum=1.4)",3,0,0,300,wt,False,,1840,,0,,,,,
862586,2024-03-27,20240327_51_05#7B,RANK_7B,"3=1-5,2,7 (axis_sum=1.5)",3,1,310,300,wt,False,,310,,0,,,,,
862666,2024-03-27,20240327_51_07#7B,RANK_7B,"1=2-7,4,5 (axis_sum=1.3)",3,1,1590,300,wt,False,,1590,,0,,,,,
862553,2024-03-27,20240327_61_05#7B,RANK_7B,"3=4-2,5,1 (axis_sum=1.5)",3,0,0,300,wt,False,,280,,0,,,,,
862737,2024-03-27,20240327_85_06#7B,RANK_7B,"1=5-3,2,4 (axis_sum=1.3)",3,0,0,300,wt,False,,11020,,0,,,,,
862625,2024-03-28,20240328_34_04#7B,RANK_7B,"2=7-3,6,1 (axis_sum=1.5)",3,0,0,300,wt,False,,160,,0,,,,,
862734,2024-03-28,20240328_44_03#7B,RANK_7B,"2=1-3,4,6 (axis_sum=1.4)",3,0,0,300,wt,False,,2850,,0,,,,,
862689,2024-03-28,20240328_44_04#7B,RANK_7B,"1=2-7,3,6 (axis_sum=1.4)",3,0,0,300,wt,False,,480,,0,,,,,
862679,2024-03-28,20240328_51_04#7B,RANK_7B,"5=3-7,4,2 (axis_sum=1.3)",3,0,0,300,wt,False,,380,,0,,,,,
862644,2024-03-28,20240328_56_07#7B,RANK_7B,"3=5-4,1,6 (axis_sum=1.3)",3,0,0,300,wt,False,,3590,,0,,,,,
862606,2024-03-28,20240328_56_10#7B,RANK_7B,"4=1-3,2,7 (axis_sum=1.5)",3,0,0,300,wt,False,,340,,0,,,,,
862722,2024-03-28,20240328_85_04#7B,RANK_7B,"1=3-2,6,4 (axis_sum=1.2)",3,0,0,300,wt,False,,3010,,0,,,,,
862761,2024-03-29,20240329_56_03#7B,RANK_7B,"2=3-7,4,6 (axis_sum=1.1)",3,0,0,300,wt,False,,3490,,0,,,,,
862669,2024-03-29,20240329_56_04#7B,RANK_7B,"1=2-3,7,4 (axis_sum=1.4)",3,1,350,300,wt,False,,350,,0,,,,,
862718,2024-03-29,20240329_56_08#7B,RANK_7B,"1=4-2,7,5 (axis_sum=1.2)",3,0,0,300,wt,False,,12700,,0,,,,,
862569,2024-03-29,20240329_56_11#7B,RANK_7B,"3=5-1,7,4 (axis_sum=1.5)",3,0,0,300,wt,False,,16700,,0,,,,,
862571,2024-03-29,20240329_73_08#7B,RANK_7B,"1=2-3,5,4 (axis_sum=1.5)",3,0,0,300,wt,False,,450,,0,,,,,
862595,2024-03-29,20240329_75_10#7B,RANK_7B,"5=1-4,7,2 (axis_sum=1.7)",3,1,650,300,wt,False,,650,,0,,,,,
862544,2024-03-30,20240330_28_06#7B,RANK_7B,"1=5-3,4,6 (axis_sum=1.7)",3,0,0,300,wt,False,,220,,0,,,,,
862558,2024-03-30,20240330_37_05#7B,RANK_7B,"1=3-4,5,6 (axis_sum=1.3)",3,0,0,300,wt,False,,1550,,0,,,,,
862612,2024-03-30,20240330_37_06#7B,RANK_7B,"1=2-3,5,4 (axis_sum=1.4)",3,1,380,300,wt,False,,380,,0,,,,,
862758,2024-03-30,20240330_47_03#7B,RANK_7B,"2=3-7,1,5 (axis_sum=1.2)",3,0,0,300,wt,False,,1670,,0,,,,,
862756,2024-03-30,20240330_47_09#7B,RANK_7B,"7=5-2,3,4 (axis_sum=1.1)",3,1,3860,300,wt,False,,3860,,0,,,,,
862696,2024-03-30,20240330_56_04#7B,RANK_7B,"7=1-2,4,3 (axis_sum=1.2)",3,0,0,300,wt,False,,1710,,0,,,,,
862733,2024-03-30,20240330_75_04#7B,RANK_7B,"1=3-4,2,7 (axis_sum=1.4)",3,0,0,300,wt,False,,950,,0,,,,,
862617,2024-03-31,20240331_28_11#7B,RANK_7B,"3=1-2,4,5 (axis_sum=1.4)",3,0,0,300,wt,False,,420,,0,,,,,
862664,2024-03-31,20240331_37_02#7B,RANK_7B,"2=1-5,4,6 (axis_sum=1.2)",3,1,470,300,wt,False,,470,,0,,,,,
862660,2024-03-31,20240331_37_03#7B,RANK_7B,"1=2-3,4,6 (axis_sum=1.5)",3,0,0,300,wt,False,,13310,,0,,,,,
862554,2024-03-31,20240331_37_04#7B,RANK_7B,"1=3-4,5,6 (axis_sum=1.3)",3,0,0,300,wt,False,,330,,0,,,,,
862762,2024-03-31,20240331_37_09#7B,RANK_7B,"1=7-2,3,4 (axis_sum=1.1)",3,1,600,300,wt,False,,600,,0,,,,,
862614,2024-03-31,20240331_75_01#7B,RANK_7B,"1=5-2,4,6 (axis_sum=1.5)",3,1,380,300,wt,False,,380,,0,,,,,
862659,2024-03-31,20240331_75_12#7B,RANK_7B,"2=3-5,7,4 (axis_sum=1.4)",3,0,0,300,wt,False,,18870,,0,,,,,
862849,2024-04-01,20240401_31_02#7B,RANK_7B,"1=2-3,6,5 (axis_sum=1.5)",3,0,0,300,wt,False,,380,,0,,,,,
862962,2024-04-01,20240401_31_07#7B,RANK_7B,"1=2-6,3,5 (axis_sum=1.4)",3,1,730,300,wt,False,,730,,0,,,,,
862850,2024-04-01,20240401_35_05#7B,RANK_7B,"2=1-7,4,3 (axis_sum=1.3)",3,1,280,300,wt,False,,280,,0,,,,,
862836,2024-04-01,20240401_44_02#7B,RANK_7B,"1=2-4,5,6 (axis_sum=1.7)",3,0,0,300,wt,False,,390,,0,,,,,
862815,2024-04-01,20240401_44_05#7B,RANK_7B,"1=2-4,6,5 (axis_sum=1.7)",3,1,230,300,wt,False,,230,,0,,,,,
862881,2024-04-01,20240401_51_09#7B,RANK_7B,"2=5-3,1,6 (axis_sum=1.4)",3,1,430,300,wt,False,,430,,0,,,,,
862795,2024-04-01,20240401_51_12#7B,RANK_7B,"2=5-3,4,1 (axis_sum=1.6)",3,0,0,300,wt,False,,660,,0,,,,,
862934,2024-04-01,20240401_81_01#7B,RANK_7B,"1=7-5,2,4 (axis_sum=1.3)",3,0,0,300,wt,False,,2070,,0,,,,,
862848,2024-04-01,20240401_85_01#7B,RANK_7B,"1=2-3,6,4 (axis_sum=1.5)",3,0,0,300,wt,False,,17120,,0,,,,,
862924,2024-04-02,20240402_24_08#7B,RANK_7B,"1=2-7,5,4 (axis_sum=1.5)",3,0,0,300,wt,False,,3770,,0,,,,,
862859,2024-04-02,20240402_24_09#7B,RANK_7B,"1=7-2,3,5 (axis_sum=1.5)",3,0,0,300,wt,False,,16540,,0,,,,,
862988,2024-04-02,20240402_44_05#7B,RANK_7B,"1=2-3,4,5 (axis_sum=1.3)",3,0,0,300,wt,False,,5600,,0,,,,,
862775,2024-04-02,20240402_51_05#7B,RANK_7B,"1=3-7,2,4 (axis_sum=1.7)",3,0,0,300,wt,False,,2440,,0,,,,,
862782,2024-04-02,20240402_61_03#7B,RANK_7B,"5=1-3,4,7 (axis_sum=1.5)",3,0,0,300,wt,False,,1380,,0,,,,,
862805,2024-04-02,20240402_71_02#7B,RANK_7B,"1=2-4,5,6 (axis_sum=1.5)",3,0,0,300,wt,False,,8690,,0,,,,,
862763,2024-04-02,20240402_71_06#7B,RANK_7B,"1=4-3,7,5 (axis_sum=1.8)",3,1,450,300,wt,False,,450,,0,,,,,
862955,2024-04-03,20240403_24_06#7B,RANK_7B,"3=5-2,1,7 (axis_sum=1.5)",3,1,200,300,wt,False,,200,,0,,,,,
862947,2024-04-03,20240403_35_03#7B,RANK_7B,"5=1-4,2,7 (axis_sum=1.5)",3,0,0,300,wt,False,,860,,0,,,,,
862949,2024-04-03,20240403_44_01#7B,RANK_7B,"1=2-5,4,6 (axis_sum=1.0)",3,0,0,300,wt,False,,5490,,0,,,,,
862945,2024-04-03,20240403_44_05#7B,RANK_7B,"1=3-4,5,7 (axis_sum=1.3)",3,0,0,300,wt,False,,280,,0,,,,,
862801,2024-04-03,20240403_51_10#7B,RANK_7B,"2=3-1,4,5 (axis_sum=1.7)",3,0,0,300,wt,False,,240,,0,,,,,
862858,2024-04-03,20240403_51_11#7B,RANK_7B,"1=3-7,2,5 (axis_sum=1.5)",3,0,0,300,wt,False,,380,,0,,,,,
862972,2024-04-03,20240403_51_12#7B,RANK_7B,"7=4-1,5,2 (axis_sum=1.4)",3,0,0,300,wt,False,,17750,,0,,,,,
862873,2024-04-03,20240403_61_02#7B,RANK_7B,"5=7-3,2,1 (axis_sum=1.5)",3,0,0,300,wt,False,,2260,,0,,,,,
862943,2024-04-03,20240403_61_05#7B,RANK_7B,"1=2-3,7,6 (axis_sum=1.7)",3,0,0,300,wt,False,,4860,,0,,,,,
862821,2024-04-03,20240403_71_02#7B,RANK_7B,"7=4-3,2,5 (axis_sum=1.4)",3,1,880,300,wt,False,,880,,0,,,,,
862790,2024-04-03,20240403_71_06#7B,RANK_7B,"3=7-1,5,6 (axis_sum=1.7)",3,1,250,300,wt,False,,250,,0,,,,,
862886,2024-04-03,20240403_81_01#7B,RANK_7B,"2=1-4,5,3 (axis_sum=1.5)",3,0,0,300,wt,False,,500,,0,,,,,
862968,2024-04-03,20240403_85_01#7B,RANK_7B,"2=1-4,3,5 (axis_sum=1.2)",3,0,0,300,wt,False,,3800,,0,,,,,
862845,2024-04-03,20240403_85_02#7B,RANK_7B,"1=2-3,6,5 (axis_sum=1.5)",3,1,220,300,wt,False,,220,,0,,,,,
862927,2024-04-04,20240404_61_03#7B,RANK_7B,"1=7-3,2,6 (axis_sum=1.7)",3,1,460,300,wt,False,,460,,0,,,,,
862878,2024-04-04,20240404_74_03#7B,RANK_7B,"1=2-4,6,5 (axis_sum=1.4)",3,0,0,300,wt,False,,2810,,0,,,,,
862812,2024-04-05,20240405_13_10#7B,RANK_7B,"2=4-3,5,7 (axis_sum=1.5)",3,0,0,300,wt,False,,19070,,0,,,,,
862802,2024-04-05,20240405_22_02#7B,RANK_7B,"1=2-3,5,6 (axis_sum=1.5)",3,1,270,300,wt,False,,270,,0,,,,,
862813,2024-04-05,20240405_22_07#7B,RANK_7B,"1=2-4,3,6 (axis_sum=1.7)",3,0,0,300,wt,False,,38410,,0,,,,,
862778,2024-04-05,20240405_26_03#7B,RANK_7B,"7=2-5,4,3 (axis_sum=1.8)",3,1,640,300,wt,False,,640,,0,,,,,
862837,2024-04-05,20240405_47_07#7B,RANK_7B,"3=5-1,7,6 (axis_sum=1.4)",3,0,0,300,wt,False,,3530,,0,,,,,
862939,2024-04-05,20240405_55_10#7B,RANK_7B,"1=5-2,4,7 (axis_sum=1.3)",3,0,0,300,wt,False,,3750,,0,,,,,
862909,2024-04-06,20240406_13_03#7B,RANK_7B,"2=1-5,6,7 (axis_sum=1.5)",3,0,0,300,wt,False,,300,,0,,,,,
862915,2024-04-06,20240406_13_04#7B,RANK_7B,"3=5-1,2,6 (axis_sum=1.5)",3,0,0,300,wt,False,,210,,0,,,,,
862843,2024-04-06,20240406_22_03#7B,RANK_7B,"1=2-5,4,6 (axis_sum=1.4)",3,0,0,300,wt,False,,400,,0,,,,,
862930,2024-04-06,20240406_26_02#7B,RANK_7B,"3=1-5,2,4 (axis_sum=1.2)",3,1,940,300,wt,False,,940,,0,,,,,
862888,2024-04-06,20240406_26_03#7B,RANK_7B,"5=2-1,4,6 (axis_sum=1.4)",3,0,0,300,wt,False,,710,,0,,,,,
862936,2024-04-06,20240406_26_04#7B,RANK_7B,"3=5-4,1,2 (axis_sum=1.3)",3,0,0,300,wt,False,,16720,,0,,,,,
862774,2024-04-06,20240406_47_08#7B,RANK_7B,"7=4-1,2,3 (axis_sum=1.5)",3,0,0,300,wt,False,,4000,,0,,,,,
862913,2024-04-06,20240406_53_05#7B,RANK_7B,"2=1-3,5,6 (axis_sum=1.5)",3,1,280,300,wt,False,,280,,0,,,,,
862899,2024-04-06,20240406_74_05#7B,RANK_7B,"1=5-4,3,6 (axis_sum=1.5)",3,1,290,300,wt,False,,290,,0,,,,,
862967,2024-04-07,20240407_13_01#7B,RANK_7B,"5=7-4,3,6 (axis_sum=1.4)",3,1,6800,300,wt,False,,6800,,0,,,,,
862895,2024-04-07,20240407_13_06#7B,RANK_7B,"7=4-5,1,3 (axis_sum=1.3)",3,0,0,300,wt,False,,340,,0,,,,,
862877,2024-04-07,20240407_24_03#7B,RANK_7B,"1=2-4,5,6 (axis_sum=1.3)",3,0,0,300,wt,False,,490,,0,,,,,
862928,2024-04-07,20240407_26_04#7B,RANK_7B,"7=3-2,1,5 (axis_sum=1.3)",3,1,370,300,wt,False,,370,,0,,,,,
862806,2024-04-07,20240407_71_04#7B,RANK_7B,"1=2-4,5,6 (axis_sum=1.5)",3,0,0,300,wt,False,,330,,0,,,,,
862855,2024-04-07,20240407_75_05#7B,RANK_7B,"4=1-2,5,3 (axis_sum=1.7)",3,0,0,300,wt,False,,2140,,0,,,,,
862920,2024-04-08,20240408_24_07#7B,RANK_7B,"1=5-3,4,6 (axis_sum=1.6)",3,0,0,300,wt,False,,3730,,0,,,,,
862980,2024-04-08,20240408_28_05#7B,RANK_7B,"3=4-2,7,6 (axis_sum=1.4)",3,0,0,300,wt,False,,8320,,0,,,,,
862869,2024-04-08,20240408_28_06#7B,RANK_7B,"4=2-5,1,7 (axis_sum=1.4)",3,0,0,300,wt,False,,170,,0,,,,,
862835,2024-04-08,20240408_28_08#7B,RANK_7B,"1=7-5,6,2 (axis_sum=1.5)",3,0,0,300,wt,False,,210,,0,,,,,
862937,2024-04-08,20240408_36_05#7B,RANK_7B,"1=7-2,4,5 (axis_sum=1.4)",3,0,0,300,wt,False,,400,,0,,,,,
862870,2024-04-08,20240408_36_07#7B,RANK_7B,"5=1-3,7,6 (axis_sum=1.4)",3,0,0,300,wt,False,,190,,0,,,,,
862876,2024-04-08,20240408_36_09#7B,RANK_7B,"1=4-7,3,5 (axis_sum=1.5)",3,0,0,300,wt,False,,11110,,0,,,,,
862839,2024-04-08,20240408_36_10#7B,RANK_7B,"1=5-7,4,2 (axis_sum=1.6)",3,0,0,300,wt,False,,5330,,0,,,,,
862875,2024-04-08,20240408_48_08#7B,RANK_7B,"7=1-5,3,4 (axis_sum=1.4)",3,0,0,300,wt,False,,440,,0,,,,,
862771,2024-04-08,20240408_85_03#7B,RANK_7B,"5=1-4,3,7 (axis_sum=1.7)",3,1,640,300,wt,False,,640,,0,,,,,
862921,2024-04-08,20240408_85_07#7B,RANK_7B,"4=7-5,3,1 (axis_sum=1.2)",3,0,0,300,wt,False,,32300,,0,,,,,
862830,2024-04-08,20240408_85_10#7B,RANK_7B,"2=4-7,1,5 (axis_sum=1.4)",3,0,0,300,wt,False,,420,,0,,,,,
862933,2024-04-09,20240409_24_09#7B,RANK_7B,"2=1-3,4,7 (axis_sum=1.5)",3,1,1250,300,wt,False,,1250,,0,,,,,
862889,2024-04-09,20240409_28_04#7B,RANK_7B,"4=1-2,5,3 (axis_sum=1.6)",3,0,0,300,wt,False,,3060,,0,,,,,
862919,2024-04-09,20240409_56_09#7B,RANK_7B,"5=2-1,4,7 (axis_sum=1.4)",3,0,0,300,wt,False,,1250,,0,,,,,
862983,2024-04-09,20240409_56_12#7B,RANK_7B,"1=3-2,4,7 (axis_sum=1.2)",3,0,0,300,wt,False,,590,,0,,,,,
862898,2024-04-09,20240409_71_06#7B,RANK_7B,"1=3-6,2,4 (axis_sum=1.3)",3,1,240,300,wt,False,,240,,0,,,,,
862773,2024-04-09,20240409_84_02#7B,RANK_7B,"7=2-4,1,5 (axis_sum=1.8)",3,1,350,300,wt,False,,350,,0,,,,,
862942,2024-04-09,20240409_85_04#7B,RANK_7B,"3=7-2,5,1 (axis_sum=1.3)",3,0,0,300,wt,False,,1190,,0,,,,,
862970,2024-04-10,20240410_28_09#7B,RANK_7B,"5=7-1,4,2 (axis_sum=1.3)",3,0,0,300,wt,False,,1280,,0,,,,,
862965,2024-04-10,20240410_36_08#7B,RANK_7B,"7=3-1,4,5 (axis_sum=1.4)",3,0,0,300,wt,False,,610,,0,,,,,
862879,2024-04-10,20240410_36_09#7B,RANK_7B,"4=2-1,7,3 (axis_sum=1.4)",3,0,0,300,wt,False,,7790,,0,,,,,
862829,2024-04-10,20240410_44_03#7B,RANK_7B,"1=2-3,4,6 (axis_sum=1.5)",3,0,0,300,wt,False,,890,,0,,,,,
862931,2024-04-10,20240410_48_03#7B,RANK_7B,"1=7-5,4,2 (axis_sum=1.5)",3,0,0,300,wt,False,,5110,,0,,,,,
862918,2024-04-10,20240410_48_09#7B,RANK_7B,"4=2-7,1,3 (axis_sum=1.6)",3,0,0,300,wt,False,,9020,,0,,,,,
862797,2024-04-10,20240410_56_07#7B,RANK_7B,"5=1-4,3,7 (axis_sum=1.6)",3,0,0,300,wt,False,,5250,,0,,,,,
862982,2024-04-10,20240410_81_04#7B,RANK_7B,"7=1-2,5,4 (axis_sum=1.3)",3,1,700,300,wt,False,,700,,0,,,,,
862840,2024-04-10,20240410_81_05#7B,RANK_7B,"1=2-4,5,6 (axis_sum=1.6)",3,1,170,300,wt,False,,170,,0,,,,,
862807,2024-04-11,20240411_44_04#7B,RANK_7B,"1=2-5,4,6 (axis_sum=1.4)",3,0,0,300,wt,False,,470,,0,,,,,
862959,2024-04-11,20240411_47_03#7B,RANK_7B,"7=3-2,5,1 (axis_sum=1.2)",3,0,0,300,wt,False,,1010,,0,,,,,
862799,2024-04-11,20240411_47_04#7B,RANK_7B,"4=3-2,7,1 (axis_sum=1.5)",3,1,320,300,wt,False,,320,,0,,,,,
862789,2024-04-11,20240411_47_06#7B,RANK_7B,"1=5-3,7,2 (axis_sum=1.5)",3,0,0,300,wt,False,,670,,0,,,,,
862832,2024-04-11,20240411_47_11#7B,RANK_7B,"2=5-7,4,6 (axis_sum=1.5)",3,0,0,300,wt,False,,1310,,0,,,,,
862825,2024-04-11,20240411_53_02#7B,RANK_7B,"7=5-1,3,4 (axis_sum=1.5)",3,0,0,300,wt,False,,1460,,0,,,,,
862908,2024-04-11,20240411_53_06#7B,RANK_7B,"5=2-7,1,3 (axis_sum=1.4)",3,0,0,300,wt,False,,300,,0,,,,,
862938,2024-04-11,20240411_53_08#7B,RANK_7B,"5=2-4,3,7 (axis_sum=1.4)",3,0,0,300,wt,False,,270,,0,,,,,
862852,2024-04-12,20240412_44_02#7B,RANK_7B,"1=2-3,4,5 (axis_sum=1.5)",3,1,530,300,wt,False,,530,,0,,,,,
862865,2024-04-12,20240412_44_04#7B,RANK_7B,"1=4-2,6,5 (axis_sum=1.6)",3,1,300,300,wt,False,,300,,0,,,,,
862874,2024-04-12,20240412_47_02#7B,RANK_7B,"4=3-7,1,2 (axis_sum=1.5)",3,0,0,300,wt,False,,560,,0,,,,,
862824,2024-04-12,20240412_47_07#7B,RANK_7B,"5=4-7,1,2 (axis_sum=1.6)",3,1,540,300,wt,False,,540,,0,,,,,
862866,2024-04-12,20240412_53_01#7B,RANK_7B,"2=4-7,3,5 (axis_sum=1.3)",3,0,0,300,wt,False,,600,,0,,,,,
862925,2024-04-12,20240412_53_11#7B,RANK_7B,"3=5-7,4,2 (axis_sum=1.3)",3,1,410,300,wt,False,,410,,0,,,,,
862785,2024-04-12,20240412_81_08#7B,RANK_7B,"1=2-4,5,6 (axis_sum=1.8)",3,1,2040,300,wt,False,,2040,,0,,,,,
862872,2024-04-13,20240413_21_04#7B,RANK_7B,"1=2-5,4,6 (axis_sum=1.3)",3,0,0,300,wt,False,,2790,,0,,,,,
862810,2024-04-13,20240413_21_06#7B,RANK_7B,"1=2-3,6,5 (axis_sum=1.6)",3,0,0,300,wt,False,,430,,0,,,,,
862856,2024-04-13,20240413_47_05#7B,RANK_7B,"7=2-1,5,4 (axis_sum=1.5)",3,0,0,300,wt,False,,1550,,0,,,,,
862903,2024-04-13,20240413_83_07#7B,RANK_7B,"3=4-1,2,5 (axis_sum=1.5)",3,0,0,300,wt,False,,550,,0,,,,,
862822,2024-04-13,20240413_83_10#7B,RANK_7B,"4=3-7,1,5 (axis_sum=1.7)",3,1,130,300,wt,False,,130,,0,,,,,
862794,2024-04-14,20240414_21_05#7B,RANK_7B,"2=1-4,5,6 (axis_sum=1.6)",3,1,650,300,wt,False,,650,,0,,,,,
862814,2024-04-14,20240414_21_06#7B,RANK_7B,"1=2-4,5,6 (axis_sum=1.6)",3,0,0,300,wt,False,,240,,0,,,,,
862952,2024-04-14,20240414_21_07#7B,RANK_7B,"1=3-4,5,7 (axis_sum=1.2)",3,0,0,300,wt,False,,12210,,0,,,,,
862819,2024-04-14,20240414_22_04#7B,RANK_7B,"5=1-3,4,7 (axis_sum=1.5)",3,0,0,300,wt,False,,4320,,0,,,,,
862984,2024-04-14,20240414_22_12#7B,RANK_7B,"4=1-3,5,2 (axis_sum=1.2)",3,0,0,300,wt,False,,1180,,0,,,,,
862808,2024-04-14,20240414_36_02#7B,RANK_7B,"3=4-5,2,7 (axis_sum=1.6)",3,0,0,300,wt,False,,4640,,0,,,,,
862891,2024-04-14,20240414_36_03#7B,RANK_7B,"4=5-7,3,2 (axis_sum=1.7)",3,1,500,300,wt,False,,500,,0,,,,,
862853,2024-04-14,20240414_36_07#7B,RANK_7B,"1=2-4,3,7 (axis_sum=1.2)",3,0,0,300,wt,False,,230,,0,,,,,
862946,2024-04-14,20240414_36_08#7B,RANK_7B,"3=4-2,6,1 (axis_sum=1.4)",3,0,0,300,wt,False,,300,,0,,,,,
862916,2024-04-15,20240415_11_03#7B,RANK_7B,"1=4-2,3,6 (axis_sum=1.2)",3,0,0,300,wt,False,,1050,,0,,,,,
862765,2024-04-15,20240415_21_08#7B,RANK_7B,"2=1-5,4,6 (axis_sum=1.8)",3,1,440,300,wt,False,,440,,0,,,,,
862929,2024-04-15,20240415_25_08#7B,RANK_7B,"5=7-1,4,3 (axis_sum=1.3)",3,0,0,300,wt,False,,4780,,0,,,,,
862989,2024-04-15,20240415_25_12#7B,RANK_7B,"2=5-7,3,4 (axis_sum=1.3)",3,0,0,300,wt,False,,11130,,0,,,,,
862986,2024-04-15,20240415_54_05#7B,RANK_7B,"5=7-4,1,6 (axis_sum=1.4)",3,0,0,300,wt,False,,11660,,0,,,,,
862779,2024-04-15,20240415_54_06#7B,RANK_7B,"4=5-7,2,3 (axis_sum=1.7)",3,1,530,300,wt,False,,530,,0,,,,,
862901,2024-04-15,20240415_54_09#7B,RANK_7B,"4=1-5,7,3 (axis_sum=1.6)",3,1,460,300,wt,False,,460,,0,,,,,
862787,2024-04-15,20240415_54_10#7B,RANK_7B,"7=5-1,3,6 (axis_sum=1.6)",3,0,0,300,wt,False,,1390,,0,,,,,
862900,2024-04-15,20240415_83_04#7B,RANK_7B,"1=7-2,3,5 (axis_sum=1.5)",3,0,0,300,wt,False,,1260,,0,,,,,
862884,2024-04-15,20240415_83_10#7B,RANK_7B,"7=1-2,4,5 (axis_sum=1.5)",3,1,320,300,wt,False,,320,,0,,,,,
862777,2024-04-16,20240416_48_02#7B,RANK_7B,"1=5-2,4,3 (axis_sum=1.5)",3,0,0,300,wt,False,,1330,,0,,,,,
862910,2024-04-16,20240416_48_05#7B,RANK_7B,"3=1-2,4,5 (axis_sum=1.3)",3,0,0,300,wt,False,,2810,,0,,,,,
862944,2024-04-16,20240416_54_08#7B,RANK_7B,"3=1-5,7,2 (axis_sum=1.4)",3,0,0,300,wt,False,,500,,0,,,,,
862868,2024-04-16,20240416_84_03#7B,RANK_7B,"1=2-3,7,4 (axis_sum=1.4)",3,0,0,300,wt,False,,1390,,0,,,,,
862804,2024-04-16,20240416_84_04#7B,RANK_7B,"1=3-4,2,7 (axis_sum=1.3)",3,0,0,300,wt,False,,1030,,0,,,,,
862772,2024-04-16,20240416_84_05#7B,RANK_7B,"2=1-6,4,5 (axis_sum=1.7)",3,1,220,300,wt,False,,220,,0,,,,,
862957,2024-04-16,20240416_86_03#7B,RANK_7B,"7=3-4,2,6 (axis_sum=1.4)",3,0,0,300,wt,False,,2230,,0,,,,,
862907,2024-04-17,20240417_25_09#7B,RANK_7B,"2=1-4,5,7 (axis_sum=1.4)",3,0,0,300,wt,False,,700,,0,,,,,
862991,2024-04-17,20240417_48_08#7B,RANK_7B,"7=3-1,2,5 (axis_sum=1.2)",3,0,0,300,wt,False,,1140,,0,,,,,
862932,2024-04-17,20240417_48_09#7B,RANK_7B,"7=2-5,1,3 (axis_sum=1.4)",3,1,520,300,wt,False,,520,,0,,,,,
862770,2024-04-17,20240417_54_02#7B,RANK_7B,"4=7-5,3,1 (axis_sum=1.5)",3,1,1070,300,wt,False,,1070,,0,,,,,
862963,2024-04-17,20240417_54_08#7B,RANK_7B,"7=2-3,4,1 (axis_sum=1.2)",3,0,0,300,wt,False,,4420,,0,,,,,
862767,2024-04-17,20240417_54_11#7B,RANK_7B,"2=4-1,6,3 (axis_sum=1.6)",3,0,0,300,wt,False,,3520,,0,,,,,
862847,2024-04-17,20240417_84_05#7B,RANK_7B,"1=2-4,6,5 (axis_sum=1.5)",3,0,0,300,wt,False,,2420,,0,,,,,
862992,2024-04-18,20240418_11_05#7B,RANK_7B,"3=1-4,5,7 (axis_sum=1.3)",3,0,0,300,wt,False,,970,,0,,,,,
862892,2024-04-18,20240418_11_07#7B,RANK_7B,"3=1-7,2,5 (axis_sum=1.3)",3,0,0,300,wt,False,,730,,0,,,,,
862803,2024-04-18,20240418_48_01#7B,RANK_7B,"1=5-7,4,3 (axis_sum=1.2)",3,0,0,300,wt,False,,460,,0,,,,,
862791,2024-04-18,20240418_56_11#7B,RANK_7B,"5=7-4,3,1 (axis_sum=1.6)",3,0,0,300,wt,False,,310,,0,,,,,
862904,2024-04-18,20240418_73_05#7B,RANK_7B,"1=3-5,6,4 (axis_sum=1.4)",3,0,0,300,wt,False,,360,,0,,,,,
862766,2024-04-18,20240418_75_06#7B,RANK_7B,"3=1-7,4,2 (axis_sum=1.6)",3,1,700,300,wt,False,,700,,0,,,,,
862966,2024-04-18,20240418_84_06#7B,RANK_7B,"1=2-3,6,5 (axis_sum=1.3)",3,0,0,300,wt,False,,1790,,0,,,,,
862985,2024-04-19,20240419_11_11#7B,RANK_7B,"3=1-2,5,4 (axis_sum=1.3)",3,0,0,300,wt,False,,650,,0,,,,,
862823,2024-04-19,20240419_37_05#7B,RANK_7B,"1=2-3,4,5 (axis_sum=1.7)",3,0,0,300,wt,False,,13740,,0,,,,,
862764,2024-04-19,20240419_44_06#7B,RANK_7B,"1=3-4,5,6 (axis_sum=1.6)",3,0,0,300,wt,False,,110,,0,,,,,
862786,2024-04-19,20240419_51_03#7B,RANK_7B,"7=1-4,2,5 (axis_sum=1.5)",3,0,0,300,wt,False,,1240,,0,,,,,
862851,2024-04-19,20240419_51_05#7B,RANK_7B,"3=4-7,5,6 (axis_sum=1.4)",3,1,510,300,wt,False,,510,,0,,,,,
862976,2024-04-20,20240420_11_04#7B,RANK_7B,"6=2-1,5,4 (axis_sum=1.3)",3,0,0,300,wt,False,,960,,0,,,,,
862994,2024-04-20,20240420_11_11#7B,RANK_7B,"3=6-2,7,5 (axis_sum=1.2)",3,1,2790,300,wt,False,,2790,,0,,,,,
862993,2024-04-20,20240420_11_12#7B,RANK_7B,"7=2-1,6,4 (axis_sum=1.1)",3,0,0,300,wt,False,,1330,,0,,,,,
862838,2024-04-20,20240420_43_02#7B,RANK_7B,"5=3-7,2,4 (axis_sum=1.3)",3,0,0,300,wt,False,,710,,0,,,,,
862834,2024-04-20,20240420_43_11#7B,RANK_7B,"3=4-1,5,2 (axis_sum=1.4)",3,1,3550,300,wt,False,,3550,,0,,,,,
862788,2024-04-20,20240420_44_01#7B,RANK_7B,"1=2-3,5,6 (axis_sum=1.6)",3,0,0,300,wt,False,,570,,0,,,,,
862897,2024-04-20,20240420_44_05#7B,RANK_7B,"1=3-5,7,4 (axis_sum=1.7)",3,1,370,300,wt,False,,370,,0,,,,,
862923,2024-04-20,20240420_51_06#7B,RANK_7B,"4=1-2,7,3 (axis_sum=1.5)",3,1,900,300,wt,False,,900,,0,,,,,
862846,2024-04-21,20240421_37_06#7B,RANK_7B,"1=2-4,5,7 (axis_sum=1.6)",3,0,0,300,wt,False,,940,,0,,,,,
862964,2024-04-21,20240421_43_01#7B,RANK_7B,"5=1-7,2,4 (axis_sum=1.2)",3,0,0,300,wt,False,,260,,0,,,,,
862950,2024-04-21,20240421_43_08#7B,RANK_7B,"3=7-4,2,5 (axis_sum=1.3)",3,0,0,300,wt,False,,13150,,0,,,,,
862809,2024-04-21,20240421_44_02#7B,RANK_7B,"2=1-5,4,6 (axis_sum=1.4)",3,0,0,300,wt,False,,280,,0,,,,,
862902,2024-04-21,20240421_44_07#7B,RANK_7B,"1=3-6,4,5 (axis_sum=1.4)",3,0,0,300,wt,False,,2080,,0,,,,,
862906,2024-04-21,20240421_44_09#7B,RANK_7B,"1=2-4,5,6 (axis_sum=1.5)",3,0,0,300,wt,False,,1010,,0,,,,,
862953,2024-04-21,20240421_86_06#7B,RANK_7B,"7=2-1,3,4 (axis_sum=1.3)",3,1,430,300,wt,False,,430,,0,,,,,
862885,2024-04-21,20240421_86_08#7B,RANK_7B,"3=7-5,4,1 (axis_sum=1.4)",3,0,0,300,wt,False,,12300,,0,,,,,
862844,2024-04-22,20240422_43_06#7B,RANK_7B,"4=2-7,3,5 (axis_sum=1.5)",3,1,200,300,wt,False,,200,,0,,,,,
862954,2024-04-22,20240422_43_10#7B,RANK_7B,"7=1-3,2,4 (axis_sum=1.4)",3,0,0,300,wt,False,,310,,0,,,,,
862863,2024-04-22,20240422_61_05#7B,RANK_7B,"1=2-4,5,6 (axis_sum=1.3)",3,0,0,300,wt,False,,5030,,0,,,,,
862784,2024-04-22,20240422_61_06#7B,RANK_7B,"1=3-4,5,6 (axis_sum=1.6)",3,0,0,300,wt,False,,330,,0,,,,,
862857,2024-04-22,20240422_61_08#7B,RANK_7B,"1=4-5,3,6 (axis_sum=1.4)",3,0,0,300,wt,False,,2630,,0,,,,,
862912,2024-04-22,20240422_61_09#7B,RANK_7B,"1=2-4,3,5 (axis_sum=1.6)",3,1,300,300,wt,False,,300,,0,,,,,
862974,2024-04-22,20240422_85_07#7B,RANK_7B,"4=5-3,2,1 (axis_sum=1.5)",3,0,0,300,wt,False,,890,,0,,,,,
862820,2024-04-23,20240423_13_06#7B,RANK_7B,"2=4-1,5,6 (axis_sum=1.6)",3,1,250,300,wt,False,,250,,0,,,,,
862914,2024-04-23,20240423_35_02#7B,RANK_7B,"7=4-5,2,6 (axis_sum=1.3)",3,0,0,300,wt,False,,1350,,0,,,,,
862871,2024-04-23,20240423_61_03#7B,RANK_7B,"1=3-6,5,4 (axis_sum=1.4)",3,1,670,300,wt,False,,670,,0,,,,,
862882,2024-04-23,20240423_61_05#7B,RANK_7B,"1=2-7,4,5 (axis_sum=1.5)",3,1,410,300,wt,False,,410,,0,,,,,
862905,2024-04-23,20240423_85_05#7B,RANK_7B,"2=1-5,3,4 (axis_sum=1.3)",3,0,0,300,wt,False,,2920,,0,,,,,
862894,2024-04-23,20240423_86_06#7B,RANK_7B,"1=2-5,4,3 (axis_sum=1.5)",3,0,0,300,wt,False,,1230,,0,,,,,
862827,2024-04-24,20240424_11_03#7B,RANK_7B,"1=4-5,2,7 (axis_sum=1.6)",3,0,0,300,wt,False,,230,,0,,,,,
862922,2024-04-24,20240424_13_02#7B,RANK_7B,"2=3-1,7,6 (axis_sum=1.4)",3,0,0,300,wt,False,,1230,,0,,,,,
862798,2024-04-24,20240424_51_03#7B,RANK_7B,"1=2-5,7,4 (axis_sum=1.4)",3,0,0,300,wt,False,,2490,,0,,,,,
862973,2024-04-24,20240424_51_05#7B,RANK_7B,"7=3-1,5,2 (axis_sum=1.4)",3,0,0,300,wt,False,,750,,0,,,,,
862864,2024-04-24,20240424_51_08#7B,RANK_7B,"5=2-4,3,1 (axis_sum=1.3)",3,1,990,300,wt,False,,990,,0,,,,,
862969,2024-04-24,20240424_61_06#7B,RANK_7B,"1=2-6,7,5 (axis_sum=1.3)",3,1,720,300,wt,False,,720,,0,,,,,
862975,2024-04-24,20240424_61_09#7B,RANK_7B,"1=2-7,3,5 (axis_sum=1.4)",3,1,360,300,wt,False,,360,,0,,,,,
862768,2024-04-24,20240424_74_03#7B,RANK_7B,"5=1-4,2,7 (axis_sum=1.7)",3,0,0,300,wt,False,,270,,0,,,,,
862783,2024-04-24,20240424_74_11#7B,RANK_7B,"5=2-3,1,4 (axis_sum=1.5)",3,0,0,300,wt,False,,730,,0,,,,,
862948,2024-04-24,20240424_85_03#7B,RANK_7B,"4=3-2,5,1 (axis_sum=1.5)",3,0,0,300,wt,False,,7880,,0,,,,,
862960,2024-04-25,20240425_13_03#7B,RANK_7B,"1=5-2,6,3 (axis_sum=1.5)",3,0,0,300,wt,False,,2830,,0,,,,,
862890,2024-04-25,20240425_13_07#7B,RANK_7B,"1=4-2,7,5 (axis_sum=1.3)",3,0,0,300,wt,False,,530,,0,,,,,
862917,2024-04-25,20240425_21_10#7B,RANK_7B,"5=2-4,7,1 (axis_sum=1.3)",3,0,0,300,wt,False,,1490,,0,,,,,
862818,2024-04-25,20240425_24_02#7B,RANK_7B,"1=2-4,5,6 (axis_sum=1.6)",3,0,0,300,wt,False,,1170,,0,,,,,
862816,2024-04-25,20240425_35_09#7B,RANK_7B,"1=4-3,7,5 (axis_sum=1.7)",3,0,0,300,wt,False,,380,,0,,,,,
862893,2024-04-25,20240425_35_11#7B,RANK_7B,"7=5-2,6,4 (axis_sum=1.7)",3,0,0,300,wt,False,,940,,0,,,,,
862862,2024-04-25,20240425_51_04#7B,RANK_7B,"4=5-2,1,3 (axis_sum=1.4)",3,0,0,300,wt,False,,490,,0,,,,,
862911,2024-04-25,20240425_51_08#7B,RANK_7B,"3=4-5,1,7 (axis_sum=1.5)",3,0,0,300,wt,False,,750,,0,,,,,
862971,2024-04-25,20240425_51_09#7B,RANK_7B,"7=4-1,3,2 (axis_sum=1.1)",3,0,0,300,wt,False,,770,,0,,,,,
862981,2024-04-25,20240425_81_02#7B,RANK_7B,"1=2-4,3,5 (axis_sum=1.3)",3,0,0,300,wt,False,,5210,,0,,,,,
862926,2024-04-26,20240426_12_03#7B,RANK_7B,"1=2-4,3,5 (axis_sum=1.3)",3,1,1510,300,wt,False,,1510,,0,,,,,
862935,2024-04-26,20240426_37_08#7B,RANK_7B,"7=2-3,5,4 (axis_sum=1.4)",3,0,0,300,wt,False,,1460,,0,,,,,
862958,2024-04-26,20240426_81_04#7B,RANK_7B,"2=1-3,4,5 (axis_sum=1.4)",3,0,0,300,wt,False,,3020,,0,,,,,
862941,2024-04-26,20240426_81_07#7B,RANK_7B,"1=3-2,4,6 (axis_sum=1.4)",3,1,2160,300,wt,False,,2160,,0,,,,,
862781,2024-04-26,20240426_83_03#7B,RANK_7B,"4=6-5,3,2 (axis_sum=1.6)",3,0,0,300,wt,False,,8160,,0,,,,,
862867,2024-04-26,20240426_83_09#7B,RANK_7B,"1=5-4,3,7 (axis_sum=1.5)",3,0,0,300,wt,False,,280,,0,,,,,
862828,2024-04-26,20240426_83_11#7B,RANK_7B,"3=1-4,5,6 (axis_sum=1.6)",3,0,0,300,wt,False,,1260,,0,,,,,
862776,2024-04-27,20240427_21_11#7B,RANK_7B,"1=7-5,4,6 (axis_sum=1.8)",3,0,0,300,wt,False,,6230,,0,,,,,
862792,2024-04-27,20240427_25_10#7B,RANK_7B,"4=7-1,5,2 (axis_sum=1.6)",3,0,0,300,wt,False,,140,,0,,,,,
862841,2024-04-27,20240427_36_02#7B,RANK_7B,"1=5-7,4,2 (axis_sum=1.4)",3,0,0,300,wt,False,,3620,,0,,,,,
862854,2024-04-27,20240427_37_05#7B,RANK_7B,"4=1-2,5,3 (axis_sum=1.5)",3,0,0,300,wt,False,,4570,,0,,,,,
862990,2024-04-27,20240427_37_10#7B,RANK_7B,"4=3-5,7,1 (axis_sum=1.2)",3,0,0,300,wt,False,,2940,,0,,,,,
862833,2024-04-27,20240427_71_05#7B,RANK_7B,"2=1-7,4,3 (axis_sum=1.6)",3,1,450,300,wt,False,,450,,0,,,,,
862826,2024-04-28,20240428_25_03#7B,RANK_7B,"4=7-1,5,3 (axis_sum=1.6)",3,0,0,300,wt,False,,3320,,0,,,,,
862940,2024-04-28,20240428_25_09#7B,RANK_7B,"1=5-3,4,7 (axis_sum=1.3)",3,0,0,300,wt,False,,720,,0,,,,,
862887,2024-04-28,20240428_46_04#7B,RANK_7B,"1=7-2,3,5 (axis_sum=1.3)",3,1,330,300,wt,False,,330,,0,,,,,
862896,2024-04-28,20240428_46_08#7B,RANK_7B,"4=1-2,7,3 (axis_sum=1.4)",3,1,540,300,wt,False,,540,,0,,,,,
862796,2024-04-28,20240428_56_05#7B,RANK_7B,"1=2-6,7,4 (axis_sum=1.6)",3,0,0,300,wt,False,,1870,,0,,,,,
862842,2024-04-28,20240428_56_07#7B,RANK_7B,"1=4-3,6,5 (axis_sum=1.4)",3,1,1220,300,wt,False,,1220,,0,,,,,
862883,2024-04-28,20240428_71_04#7B,RANK_7B,"1=3-5,7,6 (axis_sum=1.4)",3,0,0,300,wt,False,,2110,,0,,,,,
862793,2024-04-28,20240428_83_03#7B,RANK_7B,"3=4-7,1,5 (axis_sum=1.5)",3,0,0,300,wt,False,,2330,,0,,,,,
862831,2024-04-28,20240428_83_05#7B,RANK_7B,"2=3-4,5,1 (axis_sum=1.5)",3,1,470,300,wt,False,,470,,0,,,,,
862769,2024-04-29,20240429_27_03#7B,RANK_7B,"4=1-5,2,6 (axis_sum=1.7)",3,0,0,300,wt,False,,2750,,0,,,,,
862800,2024-04-29,20240429_27_06#7B,RANK_7B,"1=7-4,5,3 (axis_sum=1.4)",3,0,0,300,wt,False,,640,,0,,,,,
862951,2024-04-29,20240429_36_04#7B,RANK_7B,"2=3-5,1,6 (axis_sum=1.3)",3,0,0,300,wt,False,,6190,,0,,,,,
862956,2024-04-29,20240429_46_05#7B,RANK_7B,"5=7-2,3,4 (axis_sum=1.2)",3,0,0,300,wt,False,,1140,,0,,,,,
862861,2024-04-29,20240429_46_09#7B,RANK_7B,"1=7-5,3,4 (axis_sum=1.5)",3,0,0,300,wt,False,,2280,,0,,,,,
862979,2024-04-29,20240429_54_01#7B,RANK_7B,"7=1-3,5,2 (axis_sum=1.0)",3,0,0,300,wt,False,,2570,,0,,,,,
862860,2024-04-30,20240430_27_01#7B,RANK_7B,"2=4-5,7,3 (axis_sum=1.4)",3,0,0,300,wt,False,,1920,,0,,,,,
862817,2024-04-30,20240430_27_02#7B,RANK_7B,"1=5-4,3,2 (axis_sum=1.5)",3,0,0,300,wt,False,,19470,,0,,,,,
862961,2024-04-30,20240430_35_05#7B,RANK_7B,"1=2-5,3,4 (axis_sum=1.4)",3,0,0,300,wt,False,,1770,,0,,,,,
862978,2024-04-30,20240430_35_09#7B,RANK_7B,"1=7-2,4,3 (axis_sum=1.3)",3,0,0,300,wt,False,,3150,,0,,,,,
862880,2024-04-30,20240430_48_07#7B,RANK_7B,"3=7-2,4,5 (axis_sum=1.4)",3,0,0,300,wt,False,,780,,0,,,,,
862987,2024-04-30,20240430_48_12#7B,RANK_7B,"7=2-4,1,3 (axis_sum=1.2)",3,0,0,300,wt,False,,1410,,0,,,,,
862977,2024-04-30,20240430_54_11#7B,RANK_7B,"7=2-4,3,5 (axis_sum=1.3)",3,0,0,300,wt,False,,1560,,0,,,,,
862811,2024-04-30,20240430_74_04#7B,RANK_7B,"3=1-7,4,6 (axis_sum=1.5)",3,0,0,300,wt,False,,530,,0,,,,,
862780,2024-04-30,20240430_74_05#7B,RANK_7B,"2=4-7,3,1 (axis_sum=1.6)",3,1,150,300,wt,False,,150,,0,,,,,
863048,2024-05-01,20240501_11_04#7B,RANK_7B,"1=3-6,5,4 (axis_sum=1.5)",3,0,0,300,wt,False,,44430,,0,,,,,
863213,2024-05-01,20240501_22_07#7B,RANK_7B,"1=5-3,2,7 (axis_sum=1.4)",3,0,0,300,wt,False,,860,,0,,,,,
863141,2024-05-01,20240501_27_01#7B,RANK_7B,"2=5-7,1,4 (axis_sum=1.5)",3,0,0,300,wt,False,,2500,,0,,,,,
863187,2024-05-01,20240501_27_09#7B,RANK_7B,"4=5-3,7,2 (axis_sum=1.5)",3,1,2540,300,wt,False,,2540,,0,,,,,
863128,2024-05-01,20240501_27_11#7B,RANK_7B,"3=1-5,7,2 (axis_sum=1.5)",3,0,0,300,wt,False,,7110,,0,,,,,
863199,2024-05-01,20240501_27_12#7B,RANK_7B,"1=4-3,5,7 (axis_sum=1.4)",3,0,0,300,wt,False,,7220,,0,,,,,
863078,2024-05-01,20240501_48_12#7B,RANK_7B,"1=4-3,2,7 (axis_sum=1.6)",3,0,0,300,wt,False,,550,,0,,,,,
863158,2024-05-01,20240501_54_08#7B,RANK_7B,"4=1-5,3,2 (axis_sum=1.5)",3,0,0,300,wt,False,,10780,,0,,,,,
863137,2024-05-01,20240501_54_09#7B,RANK_7B,"3=7-5,1,2 (axis_sum=1.5)",3,0,0,300,wt,False,,200,,0,,,,,
863068,2024-05-01,20240501_61_07#7B,RANK_7B,"7=2-5,1,4 (axis_sum=1.6)",3,1,540,300,wt,False,,540,,0,,,,,
863042,2024-05-01,20240501_71_04#7B,RANK_7B,"1=3-2,6,5 (axis_sum=1.5)",3,0,0,300,wt,False,,580,,0,,,,,
863049,2024-05-01,20240501_71_05#7B,RANK_7B,"1=2-3,6,7 (axis_sum=1.6)",3,1,220,300,wt,False,,220,,0,,,,,
863143,2024-05-01,20240501_84_07#7B,RANK_7B,"7=3-1,2,4 (axis_sum=1.6)",3,0,0,300,wt,False,,750,,0,,,,,
863005,2024-05-02,20240502_11_04#7B,RANK_7B,"1=2-4,6,5 (axis_sum=1.7)",3,0,0,300,wt,False,,120,,0,,,,,
863052,2024-05-02,20240502_11_05#7B,RANK_7B,"1=2-4,6,5 (axis_sum=1.5)",3,1,330,300,wt,False,,330,,0,,,,,
863192,2024-05-02,20240502_48_08#7B,RANK_7B,"2=4-5,1,7 (axis_sum=1.2)",3,1,330,300,wt,False,,330,,0,,,,,
863090,2024-05-02,20240502_61_07#7B,RANK_7B,"1=2-4,7,3 (axis_sum=1.3)",3,1,1990,300,wt,False,,1990,,0,,,,,
863036,2024-05-02,20240502_71_05#7B,RANK_7B,"1=2-3,4,5 (axis_sum=1.7)",3,0,0,300,wt,False,,500,,0,,,,,
863160,2024-05-02,20240502_74_04#7B,RANK_7B,"2=5-1,7,4 (axis_sum=1.3)",3,0,0,300,wt,False,,3700,,0,,,,,
863201,2024-05-02,20240502_84_04#7B,RANK_7B,"5=3-1,7,2 (axis_sum=1.1)",3,1,530,300,wt,False,,530,,0,,,,,
863133,2024-05-03,20240503_24_07#7B,RANK_7B,"2=7-5,1,4 (axis_sum=1.5)",3,1,400,300,wt,False,,400,,0,,,,,
863215,2024-05-03,20240503_24_12#7B,RANK_7B,"4=2-1,7,6 (axis_sum=1.1)",3,0,0,300,wt,False,,2770,,0,,,,,
863025,2024-05-03,20240503_34_02#7B,RANK_7B,"2=4-3,6,5 (axis_sum=1.7)",3,1,150,300,wt,False,,150,,0,,,,,
863082,2024-05-03,20240503_34_09#7B,RANK_7B,"4=1-5,2,7 (axis_sum=1.4)",3,0,0,300,wt,False,,800,,0,,,,,
863098,2024-05-03,20240503_61_10#7B,RANK_7B,"2=1-5,3,7 (axis_sum=1.6)",3,0,0,300,wt,False,,1600,,0,,,,,
863171,2024-05-03,20240503_71_07#7B,RANK_7B,"2=1-6,4,5 (axis_sum=1.6)",3,1,410,300,wt,False,,410,,0,,,,,
863109,2024-05-03,20240503_83_01#7B,RANK_7B,"1=5-7,4,2 (axis_sum=1.5)",3,0,0,300,wt,False,,410,,0,,,,,
863073,2024-05-03,20240503_83_10#7B,RANK_7B,"3=7-5,2,4 (axis_sum=1.7)",3,1,360,300,wt,False,,360,,0,,,,,
863104,2024-05-04,20240504_24_10#7B,RANK_7B,"5=7-3,4,6 (axis_sum=1.4)",3,0,0,300,wt,False,,6100,,0,,,,,
863178,2024-05-04,20240504_24_12#7B,RANK_7B,"2=7-1,5,4 (axis_sum=1.4)",3,0,0,300,wt,False,,2220,,0,,,,,
863142,2024-05-04,20240504_35_01#7B,RANK_7B,"1=2-4,5,6 (axis_sum=1.2)",3,0,0,300,wt,False,,1560,,0,,,,,
863016,2024-05-04,20240504_35_05#7B,RANK_7B,"1=2-5,4,7 (axis_sum=1.7)",3,1,250,300,wt,False,,250,,0,,,,,
863064,2024-05-04,20240504_43_01#7B,RANK_7B,"1=2-4,6,5 (axis_sum=1.5)",3,0,0,300,wt,False,,1290,,0,,,,,
863065,2024-05-04,20240504_43_02#7B,RANK_7B,"1=3-4,6,5 (axis_sum=1.5)",3,0,0,300,wt,False,,3500,,0,,,,,
863024,2024-05-04,20240504_46_01#7B,RANK_7B,"4=7-1,2,3 (axis_sum=1.6)",3,0,0,300,wt,False,,2290,,0,,,,,
863217,2024-05-04,20240504_46_10#7B,RANK_7B,"1=2-7,4,6 (axis_sum=1.0)",3,0,0,300,wt,False,,2400,,0,,,,,
863139,2024-05-04,20240504_83_08#7B,RANK_7B,"3=5-7,4,1 (axis_sum=1.3)",3,0,0,300,wt,False,,7680,,0,,,,,
863106,2024-05-05,20240505_24_04#7B,RANK_7B,"7=3-1,4,5 (axis_sum=1.6)",3,1,810,300,wt,False,,810,,0,,,,,
863102,2024-05-05,20240505_24_07#7B,RANK_7B,"1=3-4,7,5 (axis_sum=1.6)",3,0,0,300,wt,False,,1760,,0,,,,,
863212,2024-05-05,20240505_24_12#7B,RANK_7B,"1=4-2,5,7 (axis_sum=1.2)",3,0,0,300,wt,False,,1500,,0,,,,,
863169,2024-05-05,20240505_34_03#7B,RANK_7B,"2=7-1,5,4 (axis_sum=1.4)",3,0,0,300,wt,False,,660,,0,,,,,
863175,2024-05-05,20240505_34_08#7B,RANK_7B,"3=2-1,5,7 (axis_sum=1.8)",3,0,0,300,wt,False,,840,,0,,,,,
863176,2024-05-05,20240505_35_04#7B,RANK_7B,"1=4-2,5,7 (axis_sum=1.4)",3,0,0,300,wt,False,,610,,0,,,,,
863093,2024-05-05,20240505_43_04#7B,RANK_7B,"1=2-6,3,5 (axis_sum=1.6)",3,1,210,300,wt,False,,210,,0,,,,,
863101,2024-05-05,20240505_43_07#7B,RANK_7B,"1=2-3,4,5 (axis_sum=1.7)",3,1,140,300,wt,False,,140,,0,,,,,
863216,2024-05-05,20240505_51_07#7B,RANK_7B,"1=6-2,4,3 (axis_sum=1.3)",3,1,400,300,wt,False,,400,,0,,,,,
863177,2024-05-06,20240506_23_01#7B,RANK_7B,"3=1-4,7,5 (axis_sum=1.4)",3,0,0,300,wt,False,,2240,,0,,,,,
863116,2024-05-06,20240506_23_03#7B,RANK_7B,"7=4-3,5,2 (axis_sum=1.3)",3,0,0,300,wt,False,,6440,,0,,,,,
863100,2024-05-06,20240506_43_01#7B,RANK_7B,"1=5-3,2,6 (axis_sum=1.3)",3,0,0,300,wt,False,,520,,0,,,,,
863112,2024-05-06,20240506_61_03#7B,RANK_7B,"1=5-2,3,4 (axis_sum=1.4)",3,0,0,300,wt,False,,490,,0,,,,,
863054,2024-05-06,20240506_61_10#7B,RANK_7B,"7=2-5,6,4 (axis_sum=1.6)",3,1,200,300,wt,False,,200,,0,,,,,
863131,2024-05-06,20240506_86_04#7B,RANK_7B,"2=3-4,6,5 (axis_sum=1.1)",3,1,500,300,wt,False,,500,,0,,,,,
863053,2024-05-07,20240507_23_02#7B,RANK_7B,"1=7-3,5,6 (axis_sum=1.2)",3,0,0,300,wt,False,,400,,0,,,,,
863057,2024-05-07,20240507_23_09#7B,RANK_7B,"7=1-5,2,4 (axis_sum=1.5)",3,1,590,300,wt,False,,590,,0,,,,,
863191,2024-05-07,20240507_23_11#7B,RANK_7B,"5=2-7,3,1 (axis_sum=1.3)",3,0,0,300,wt,False,,2300,,0,,,,,
863047,2024-05-07,20240507_36_03#7B,RANK_7B,"7=3-2,5,4 (axis_sum=1.8)",3,1,210,300,wt,False,,210,,0,,,,,
863051,2024-05-07,20240507_61_02#7B,RANK_7B,"2=1-5,7,4 (axis_sum=1.4)",3,0,0,300,wt,False,,1940,,0,,,,,
863164,2024-05-07,20240507_81_02#7B,RANK_7B,"4=5-7,2,6 (axis_sum=1.5)",3,0,0,300,wt,False,,1520,,0,,,,,
863147,2024-05-08,20240508_23_06#7B,RANK_7B,"1=2-4,3,7 (axis_sum=1.1)",3,1,760,300,wt,False,,760,,0,,,,,
863062,2024-05-08,20240508_54_06#7B,RANK_7B,"1=2-4,5,6 (axis_sum=1.6)",3,1,780,300,wt,False,,780,,0,,,,,
863200,2024-05-08,20240508_55_12#7B,RANK_7B,"7=1-4,2,5 (axis_sum=1.5)",3,0,0,300,wt,False,,860,,0,,,,,
862997,2024-05-08,20240508_75_01#7B,RANK_7B,"2=1-4,5,6 (axis_sum=1.8)",3,1,260,300,wt,False,,260,,0,,,,,
863040,2024-05-08,20240508_75_06#7B,RANK_7B,"1=2-3,5,6 (axis_sum=1.7)",3,1,370,300,wt,False,,370,,0,,,,,
863190,2024-05-08,20240508_75_09#7B,RANK_7B,"2=1-3,7,5 (axis_sum=1.5)",3,0,0,300,wt,False,,300,,0,,,,,
863095,2024-05-09,20240509_11_09#7B,RANK_7B,"7=1-5,4,3 (axis_sum=1.3)",3,0,0,300,wt,False,,500,,0,,,,,
863161,2024-05-09,20240509_44_01#7B,RANK_7B,"1=4-5,7,3 (axis_sum=1.4)",3,0,0,300,wt,False,,520,,0,,,,,
863144,2024-05-09,20240509_54_02#7B,RANK_7B,"2=1-4,5,7 (axis_sum=1.4)",3,0,0,300,wt,False,,250,,0,,,,,
863043,2024-05-09,20240509_71_02#7B,RANK_7B,"2=1-4,3,5 (axis_sum=1.6)",3,0,0,300,wt,False,,850,,0,,,,,
863091,2024-05-09,20240509_71_03#7B,RANK_7B,"5=3-7,2,6 (axis_sum=1.6)",3,0,0,300,wt,False,,1020,,0,,,,,
863153,2024-05-09,20240509_71_06#7B,RANK_7B,"3=2-5,7,1 (axis_sum=1.3)",3,0,0,300,wt,False,,7650,,0,,,,,
863006,2024-05-09,20240509_75_02#7B,RANK_7B,"1=2-4,5,6 (axis_sum=1.8)",3,0,0,300,wt,False,,190,,0,,,,,
863156,2024-05-10,20240510_11_04#7B,RANK_7B,"4=7-1,6,5 (axis_sum=1.4)",3,0,0,300,wt,False,,700,,0,,,,,
863050,2024-05-10,20240510_35_03#7B,RANK_7B,"7=5-2,1,4 (axis_sum=1.6)",3,1,660,300,wt,False,,660,,0,,,,,
863118,2024-05-10,20240510_71_11#7B,RANK_7B,"7=5-1,4,3 (axis_sum=1.4)",3,1,660,300,wt,False,,660,,0,,,,,
863011,2024-05-10,20240510_75_02#7B,RANK_7B,"2=3-5,4,6 (axis_sum=1.6)",3,1,240,300,wt,False,,240,,0,,,,,
863206,2024-05-11,20240511_11_03#7B,RANK_7B,"2=4-1,3,5 (axis_sum=1.2)",3,0,0,300,wt,False,,4580,,0,,,,,
863094,2024-05-11,20240511_11_10#7B,RANK_7B,"7=1-2,3,6 (axis_sum=1.5)",3,0,0,300,wt,False,,290,,0,,,,,
863069,2024-05-11,20240511_27_03#7B,RANK_7B,"1=2-3,5,6 (axis_sum=1.5)",3,0,0,300,wt,False,,430,,0,,,,,
863084,2024-05-11,20240511_27_07#7B,RANK_7B,"1=2-3,6,4 (axis_sum=1.5)",3,0,0,300,wt,False,,2280,,0,,,,,
862995,2024-05-11,20240511_31_01#7B,RANK_7B,"1=2-4,5,6 (axis_sum=1.8)",3,0,0,300,wt,False,,150,,0,,,,,
863085,2024-05-11,20240511_31_05#7B,RANK_7B,"2=1-4,3,6 (axis_sum=1.5)",3,0,0,300,wt,False,,720,,0,,,,,
863129,2024-05-11,20240511_71_03#7B,RANK_7B,"3=5-4,7,2 (axis_sum=1.3)",3,1,880,300,wt,False,,880,,0,,,,,
863087,2024-05-12,20240512_12_06#7B,RANK_7B,"4=2-5,1,3 (axis_sum=1.3)",3,0,0,300,wt,False,,3170,,0,,,,,
863114,2024-05-12,20240512_12_07#7B,RANK_7B,"5=3-2,1,4 (axis_sum=1.5)",3,0,0,300,wt,False,,760,,0,,,,,
863071,2024-05-12,20240512_46_08#7B,RANK_7B,"7=1-2,3,4 (axis_sum=1.3)",3,0,0,300,wt,False,,15170,,0,,,,,
863013,2024-05-12,20240512_46_11#7B,RANK_7B,"4=7-5,3,2 (axis_sum=1.6)",3,0,0,300,wt,False,,120,,0,,,,,
863045,2024-05-12,20240512_53_01#7B,RANK_7B,"7=1-5,3,2 (axis_sum=1.5)",3,1,780,300,wt,False,,780,,0,,,,,
863019,2024-05-12,20240512_53_11#7B,RANK_7B,"4=1-7,3,2 (axis_sum=1.6)",3,0,0,300,wt,False,,2070,,0,,,,,
863181,2024-05-13,20240513_21_09#7B,RANK_7B,"2=5-4,1,7 (axis_sum=1.3)",3,0,0,300,wt,False,,31160,,0,,,,,
863033,2024-05-13,20240513_27_04#7B,RANK_7B,"1=2-4,5,6 (axis_sum=1.5)",3,0,0,300,wt,False,,3830,,0,,,,,
863124,2024-05-13,20240513_27_05#7B,RANK_7B,"1=3-2,4,6 (axis_sum=1.4)",3,0,0,300,wt,False,,6710,,0,,,,,
863003,2024-05-13,20240513_31_01#7B,RANK_7B,"1=2-3,4,6 (axis_sum=1.6)",3,1,280,300,wt,False,,280,,0,,,,,
863198,2024-05-13,20240513_31_07#7B,RANK_7B,"1=2-4,6,5 (axis_sum=1.2)",3,1,560,300,wt,False,,560,,0,,,,,
863121,2024-05-13,20240513_53_05#7B,RANK_7B,"3=4-2,7,1 (axis_sum=1.4)",3,0,0,300,wt,False,,580,,0,,,,,
863088,2024-05-13,20240513_53_09#7B,RANK_7B,"5=2-7,4,1 (axis_sum=1.6)",3,0,0,300,wt,False,,500,,0,,,,,
863039,2024-05-14,20240514_25_08#7B,RANK_7B,"3=7-1,2,6 (axis_sum=1.5)",3,0,0,300,wt,False,,470,,0,,,,,
863067,2024-05-14,20240514_25_10#7B,RANK_7B,"1=5-7,4,2 (axis_sum=1.5)",3,0,0,300,wt,False,,1150,,0,,,,,
863205,2024-05-14,20240514_46_08#7B,RANK_7B,"3=5-7,2,4 (axis_sum=1.2)",3,1,1730,300,wt,False,,1730,,0,,,,,
863183,2024-05-14,20240514_46_10#7B,RANK_7B,"3=1-5,4,7 (axis_sum=1.4)",3,0,0,300,wt,False,,790,,0,,,,,
862998,2024-05-14,20240514_48_02#7B,RANK_7B,"1=2-3,5,6 (axis_sum=1.7)",3,0,0,300,wt,False,,320,,0,,,,,
863061,2024-05-14,20240514_48_06#7B,RANK_7B,"1=2-4,6,7 (axis_sum=1.5)",3,0,0,300,wt,False,,9220,,0,,,,,
863136,2024-05-14,20240514_53_01#7B,RANK_7B,"3=2-1,7,4 (axis_sum=1.1)",3,0,0,300,wt,False,,860,,0,,,,,
863168,2024-05-14,20240514_53_10#7B,RANK_7B,"4=1-3,7,5 (axis_sum=1.3)",3,0,0,300,wt,False,,2340,,0,,,,,
863148,2024-05-14,20240514_61_01#7B,RANK_7B,"7=2-5,3,6 (axis_sum=1.5)",3,0,0,300,wt,False,,8600,,0,,,,,
862996,2024-05-14,20240514_74_01#7B,RANK_7B,"1=2-4,6,5 (axis_sum=1.8)",3,0,0,300,wt,False,,160,,0,,,,,
863123,2024-05-15,20240515_21_10#7B,RANK_7B,"1=7-5,3,4 (axis_sum=1.6)",3,1,150,300,wt,False,,150,,0,,,,,
863126,2024-05-15,20240515_21_12#7B,RANK_7B,"1=2-3,7,4 (axis_sum=1.4)",3,0,0,300,wt,False,,270,,0,,,,,
863194,2024-05-15,20240515_25_04#7B,RANK_7B,"1=5-2,3,6 (axis_sum=1.2)",3,0,0,300,wt,False,,980,,0,,,,,
863115,2024-05-15,20240515_48_07#7B,RANK_7B,"1=3-2,5,7 (axis_sum=1.4)",3,0,0,300,wt,False,,2850,,0,,,,,
863154,2024-05-15,20240515_48_08#7B,RANK_7B,"1=2-5,3,6 (axis_sum=1.4)",3,0,0,300,wt,False,,2740,,0,,,,,
863134,2024-05-15,20240515_55_08#7B,RANK_7B,"2=7-5,3,1 (axis_sum=1.4)",3,0,0,300,wt,False,,1040,,0,,,,,
863203,2024-05-15,20240515_61_07#7B,RANK_7B,"3=7-2,5,6 (axis_sum=1.2)",3,0,0,300,wt,False,,370,,0,,,,,
863180,2024-05-15,20240515_61_10#7B,RANK_7B,"1=2-3,7,5 (axis_sum=1.5)",3,0,0,300,wt,False,,2660,,0,,,,,
863089,2024-05-15,20240515_74_09#7B,RANK_7B,"1=2-3,4,6 (axis_sum=1.5)",3,1,580,300,wt,False,,580,,0,,,,,
863146,2024-05-16,20240516_25_06#7B,RANK_7B,"2=5-7,4,3 (axis_sum=1.4)",3,0,0,300,wt,False,,9450,,0,,,,,
863197,2024-05-16,20240516_25_08#7B,RANK_7B,"5=2-4,7,6 (axis_sum=1.2)",3,0,0,300,wt,False,,1200,,0,,,,,
863163,2024-05-16,20240516_25_09#7B,RANK_7B,"4=1-3,5,6 (axis_sum=1.3)",3,0,0,300,wt,False,,940,,0,,,,,
863058,2024-05-16,20240516_25_10#7B,RANK_7B,"4=3-7,1,6 (axis_sum=1.6)",3,0,0,300,wt,False,,2420,,0,,,,,
863030,2024-05-16,20240516_25_11#7B,RANK_7B,"5=1-6,2,4 (axis_sum=1.7)",3,0,0,300,wt,False,,1770,,0,,,,,
863010,2024-05-16,20240516_74_01#7B,RANK_7B,"1=2-3,5,6 (axis_sum=1.6)",3,0,0,300,wt,False,,310,,0,,,,,
863155,2024-05-17,20240517_55_04#7B,RANK_7B,"7=3-1,2,4 (axis_sum=1.4)",3,0,0,300,wt,False,,1120,,0,,,,,
863020,2024-05-17,20240517_86_03#7B,RANK_7B,"1=5-4,6,2 (axis_sum=1.7)",3,0,0,300,wt,False,,350,,0,,,,,
863008,2024-05-18,20240518_36_01#7B,RANK_7B,"1=5-3,4,2 (axis_sum=1.7)",3,1,150,300,wt,False,,150,,0,,,,,
863086,2024-05-18,20240518_43_07#7B,RANK_7B,"1=2-5,4,7 (axis_sum=1.7)",3,1,2410,300,wt,False,,2410,,0,,,,,
863151,2024-05-18,20240518_86_04#7B,RANK_7B,"3=1-7,4,6 (axis_sum=1.6)",3,0,0,300,wt,False,,1870,,0,,,,,
863034,2024-05-18,20240518_86_07#7B,RANK_7B,"1=7-6,4,2 (axis_sum=1.8)",3,0,0,300,wt,False,,8670,,0,,,,,
863157,2024-05-19,20240519_36_11#7B,RANK_7B,"1=7-5,3,6 (axis_sum=1.6)",3,0,0,300,wt,False,,5500,,0,,,,,
863127,2024-05-19,20240519_61_02#7B,RANK_7B,"1=5-7,4,3 (axis_sum=1.6)",3,0,0,300,wt,False,,29050,,0,,,,,
863066,2024-05-19,20240519_61_11#7B,RANK_7B,"3=7-4,5,2 (axis_sum=1.5)",3,1,140,300,wt,False,,140,,0,,,,,
863113,2024-05-19,20240519_83_01#7B,RANK_7B,"2=3-1,6,4 (axis_sum=1.3)",3,0,0,300,wt,False,,610,,0,,,,,
863021,2024-05-19,20240519_84_06#7B,RANK_7B,"7=4-3,1,6 (axis_sum=1.7)",3,1,800,300,wt,False,,800,,0,,,,,
863000,2024-05-20,20240520_12_02#7B,RANK_7B,"1=2-3,5,6 (axis_sum=1.8)",3,0,0,300,wt,False,,210,,0,,,,,
863026,2024-05-20,20240520_12_06#7B,RANK_7B,"1=2-3,4,5 (axis_sum=1.7)",3,0,0,300,wt,False,,2100,,0,,,,,
863009,2024-05-20,20240520_26_06#7B,RANK_7B,"4=6-5,7,3 (axis_sum=1.7)",3,0,0,300,wt,False,,36330,,0,,,,,
863060,2024-05-20,20240520_26_11#7B,RANK_7B,"7=2-1,4,3 (axis_sum=1.5)",3,1,1240,300,wt,False,,1240,,0,,,,,
863075,2024-05-20,20240520_36_06#7B,RANK_7B,"1=4-7,2,3 (axis_sum=1.5)",3,0,0,300,wt,False,,530,,0,,,,,
863211,2024-05-20,20240520_36_08#7B,RANK_7B,"2=7-3,5,4 (axis_sum=1.3)",3,0,0,300,wt,False,,4670,,0,,,,,
863099,2024-05-20,20240520_44_11#7B,RANK_7B,"4=1-5,2,3 (axis_sum=1.5)",3,0,0,300,wt,False,,13840,,0,,,,,
863188,2024-05-20,20240520_61_09#7B,RANK_7B,"2=4-3,1,5 (axis_sum=1.3)",3,0,0,300,wt,False,,860,,0,,,,,
863209,2024-05-20,20240520_71_09#7B,RANK_7B,"3=2-4,5,6 (axis_sum=1.2)",3,0,0,300,wt,False,,1930,,0,,,,,
863125,2024-05-20,20240520_84_03#7B,RANK_7B,"5=2-7,3,1 (axis_sum=1.3)",3,0,0,300,wt,False,,500,,0,,,,,
863002,2024-05-21,20240521_12_02#7B,RANK_7B,"1=2-3,5,6 (axis_sum=1.7)",3,0,0,300,wt,False,,400,,0,,,,,
863012,2024-05-21,20240521_12_03#7B,RANK_7B,"3=1-2,5,7 (axis_sum=1.5)",3,0,0,300,wt,False,,3020,,0,,,,,
863167,2024-05-21,20240521_26_01#7B,RANK_7B,"4=3-7,2,5 (axis_sum=1.2)",3,1,770,300,wt,False,,770,,0,,,,,
863119,2024-05-21,20240521_26_08#7B,RANK_7B,"1=6-5,2,4 (axis_sum=1.3)",3,0,0,300,wt,False,,5510,,0,,,,,
863140,2024-05-21,20240521_26_11#7B,RANK_7B,"3=1-5,2,6 (axis_sum=1.4)",3,1,680,300,wt,False,,680,,0,,,,,
863174,2024-05-21,20240521_26_12#7B,RANK_7B,"4=2-5,7,1 (axis_sum=1.4)",3,0,0,300,wt,False,,1630,,0,,,,,
863130,2024-05-21,20240521_53_10#7B,RANK_7B,"3=2-7,5,6 (axis_sum=1.4)",3,1,790,300,wt,False,,790,,0,,,,,
863063,2024-05-21,20240521_61_02#7B,RANK_7B,"3=1-5,2,6 (axis_sum=1.6)",3,0,0,300,wt,False,,870,,0,,,,,
863046,2024-05-21,20240521_61_07#7B,RANK_7B,"3=7-5,4,2 (axis_sum=1.4)",3,0,0,300,wt,False,,140,,0,,,,,
863159,2024-05-21,20240521_61_08#7B,RANK_7B,"2=5-3,4,6 (axis_sum=1.4)",3,0,0,300,wt,False,,1440,,0,,,,,
863186,2024-05-21,20240521_71_05#7B,RANK_7B,"1=2-3,4,6 (axis_sum=1.3)",3,0,0,300,wt,False,,2350,,0,,,,,
863172,2024-05-21,20240521_84_01#7B,RANK_7B,"3=4-2,1,6 (axis_sum=1.5)",3,0,0,300,wt,False,,8450,,0,,,,,
863031,2024-05-22,20240522_12_08#7B,RANK_7B,"1=3-4,5,6 (axis_sum=1.7)",3,0,0,300,wt,False,,170,,0,,,,,
862999,2024-05-22,20240522_26_05#7B,RANK_7B,"3=4-7,5,2 (axis_sum=1.5)",3,0,0,300,wt,False,,2830,,0,,,,,
863092,2024-05-22,20240522_36_10#7B,RANK_7B,"1=5-7,2,3 (axis_sum=1.5)",3,0,0,300,wt,False,,3160,,0,,,,,
863214,2024-05-22,20240522_53_03#7B,RANK_7B,"2=7-1,4,5 (axis_sum=1.1)",3,0,0,300,wt,False,,2060,,0,,,,,
863028,2024-05-22,20240522_71_03#7B,RANK_7B,"1=2-7,6,4 (axis_sum=1.7)",3,1,440,300,wt,False,,440,,0,,,,,
863122,2024-05-22,20240522_71_06#7B,RANK_7B,"1=2-3,6,5 (axis_sum=1.5)",3,0,0,300,wt,False,,530,,0,,,,,
863070,2024-05-23,20240523_22_01#7B,RANK_7B,"2=1-4,6,5 (axis_sum=1.7)",3,1,250,300,wt,False,,250,,0,,,,,
863107,2024-05-23,20240523_36_01#7B,RANK_7B,"1=3-5,7,4 (axis_sum=1.3)",3,1,640,300,wt,False,,640,,0,,,,,
863184,2024-05-23,20240523_51_12#7B,RANK_7B,"3=5-7,1,4 (axis_sum=1.3)",3,0,0,300,wt,False,,1490,,0,,,,,
863023,2024-05-23,20240523_55_03#7B,RANK_7B,"4=5-1,7,2 (axis_sum=1.6)",3,0,0,300,wt,False,,18260,,0,,,,,
863044,2024-05-23,20240523_86_02#7B,RANK_7B,"1=2-4,7,6 (axis_sum=1.6)",3,0,0,300,wt,False,,1140,,0,,,,,
863204,2024-05-24,20240524_11_08#7B,RANK_7B,"5=4-6,3,2 (axis_sum=1.3)",3,0,0,300,wt,False,,7220,,0,,,,,
863182,2024-05-24,20240524_22_04#7B,RANK_7B,"2=4-1,3,6 (axis_sum=1.4)",3,1,450,300,wt,False,,450,,0,,,,,
863103,2024-05-24,20240524_23_01#7B,RANK_7B,"2=5-3,4,7 (axis_sum=1.4)",3,1,460,300,wt,False,,460,,0,,,,,
863077,2024-05-24,20240524_43_01#7B,RANK_7B,"4=1-3,5,2 (axis_sum=1.3)",3,0,0,300,wt,False,,380,,0,,,,,
863037,2024-05-24,20240524_43_02#7B,RANK_7B,"5=1-7,4,3 (axis_sum=1.4)",3,0,0,300,wt,False,,2030,,0,,,,,
863041,2024-05-24,20240524_43_08#7B,RANK_7B,"1=4-3,2,6 (axis_sum=1.5)",3,0,0,300,wt,False,,250,,0,,,,,
863165,2024-05-24,20240524_75_01#7B,RANK_7B,"3=4-5,1,6 (axis_sum=1.3)",3,1,240,300,wt,False,,240,,0,,,,,
863027,2024-05-24,20240524_75_06#7B,RANK_7B,"7=3-2,5,1 (axis_sum=1.6)",3,1,150,300,wt,False,,150,,0,,,,,
863072,2024-05-25,20240525_11_01#7B,RANK_7B,"2=5-1,3,4 (axis_sum=1.5)",3,0,0,300,wt,False,,270,,0,,,,,
863152,2024-05-25,20240525_23_02#7B,RANK_7B,"7=1-2,5,4 (axis_sum=1.5)",3,0,0,300,wt,False,,4970,,0,,,,,
863193,2024-05-25,20240525_37_05#7B,RANK_7B,"1=3-2,7,5 (axis_sum=1.3)",3,0,0,300,wt,False,,6450,,0,,,,,
863135,2024-05-25,20240525_43_04#7B,RANK_7B,"1=7-5,3,4 (axis_sum=1.4)",3,1,1240,300,wt,False,,1240,,0,,,,,
863108,2024-05-25,20240525_51_10#7B,RANK_7B,"7=1-3,4,5 (axis_sum=1.6)",3,1,550,300,wt,False,,550,,0,,,,,
863207,2024-05-25,20240525_51_11#7B,RANK_7B,"4=5-7,1,2 (axis_sum=1.3)",3,0,0,300,wt,False,,650,,0,,,,,
863032,2024-05-25,20240525_51_12#7B,RANK_7B,"1=4-6,2,5 (axis_sum=1.5)",3,0,0,300,wt,False,,190,,0,,,,,
863120,2024-05-26,20240526_43_03#7B,RANK_7B,"1=7-4,2,6 (axis_sum=1.4)",3,1,400,300,wt,False,,400,,0,,,,,
863015,2024-05-26,20240526_56_03#7B,RANK_7B,"1=2-4,5,6 (axis_sum=1.6)",3,0,0,300,wt,False,,410,,0,,,,,
863004,2024-05-26,20240526_56_06#7B,RANK_7B,"2=1-4,5,7 (axis_sum=1.7)",3,0,0,300,wt,False,,120,,0,,,,,
863185,2024-05-26,20240526_84_01#7B,RANK_7B,"3=4-1,7,5 (axis_sum=1.5)",3,0,0,300,wt,False,,6240,,0,,,,,
863149,2024-05-26,20240526_84_07#7B,RANK_7B,"5=1-2,7,6 (axis_sum=1.4)",3,1,1170,300,wt,False,,1170,,0,,,,,
863080,2024-05-27,20240527_25_05#7B,RANK_7B,"1=7-3,2,4 (axis_sum=1.6)",3,0,0,300,wt,False,,870,,0,,,,,
863001,2024-05-27,20240527_31_06#7B,RANK_7B,"4=2-5,7,6 (axis_sum=1.8)",3,0,0,300,wt,False,,130,,0,,,,,
863179,2024-05-27,20240527_47_06#7B,RANK_7B,"1=4-3,2,7 (axis_sum=1.5)",3,0,0,300,wt,False,,2190,,0,,,,,
863014,2024-05-27,20240527_54_09#7B,RANK_7B,"3=4-2,5,1 (axis_sum=1.4)",3,0,0,300,wt,False,,150,,0,,,,,
863018,2024-05-27,20240527_54_10#7B,RANK_7B,"1=5-7,2,3 (axis_sum=1.6)",3,1,770,300,wt,False,,770,,0,,,,,
863166,2024-05-27,20240527_56_06#7B,RANK_7B,"1=7-3,2,4 (axis_sum=1.3)",3,1,310,300,wt,False,,310,,0,,,,,
863208,2024-05-27,20240527_84_03#7B,RANK_7B,"4=3-7,1,6 (axis_sum=1.3)",3,0,0,300,wt,False,,580,,0,,,,,
863196,2024-05-27,20240527_84_08#7B,RANK_7B,"7=4-6,1,3 (axis_sum=1.4)",3,1,860,300,wt,False,,860,,0,,,,,
863096,2024-05-28,20240528_31_03#7B,RANK_7B,"1=3-4,2,5 (axis_sum=1.5)",3,1,1320,300,wt,False,,1320,,0,,,,,
863110,2024-05-28,20240528_31_08#7B,RANK_7B,"7=5-4,3,1 (axis_sum=1.4)",3,0,0,300,wt,False,,1680,,0,,,,,
863117,2024-05-28,20240528_47_05#7B,RANK_7B,"2=1-3,4,6 (axis_sum=1.5)",3,0,0,300,wt,False,,340,,0,,,,,
863056,2024-05-28,20240528_54_02#7B,RANK_7B,"5=1-2,4,3 (axis_sum=1.5)",3,1,750,300,wt,False,,750,,0,,,,,
863170,2024-05-28,20240528_54_03#7B,RANK_7B,"5=1-7,6,2 (axis_sum=1.4)",3,1,850,300,wt,False,,850,,0,,,,,
863132,2024-05-28,20240528_54_06#7B,RANK_7B,"1=3-4,7,2 (axis_sum=1.3)",3,0,0,300,wt,False,,500,,0,,,,,
863202,2024-05-28,20240528_54_11#7B,RANK_7B,"7=3-4,2,5 (axis_sum=1.2)",3,0,0,300,wt,False,,1470,,0,,,,,
863035,2024-05-28,20240528_61_03#7B,RANK_7B,"5=1-3,4,7 (axis_sum=1.7)",3,1,1350,300,wt,False,,1350,,0,,,,,
863076,2024-05-28,20240528_84_05#7B,RANK_7B,"1=2-5,3,4 (axis_sum=1.4)",3,0,0,300,wt,False,,920,,0,,,,,
863162,2024-05-28,20240528_84_12#7B,RANK_7B,"5=1-7,4,6 (axis_sum=1.5)",3,0,0,300,wt,False,,3740,,0,,,,,
863105,2024-05-29,20240529_46_08#7B,RANK_7B,"3=7-4,5,1 (axis_sum=1.4)",3,1,280,300,wt,False,,280,,0,,,,,
863081,2024-05-29,20240529_46_10#7B,RANK_7B,"1=5-4,2,7 (axis_sum=1.5)",3,0,0,300,wt,False,,250,,0,,,,,
863074,2024-05-29,20240529_54_02#7B,RANK_7B,"7=1-4,3,2 (axis_sum=1.4)",3,0,0,300,wt,False,,420,,0,,,,,
863083,2024-05-29,20240529_54_07#7B,RANK_7B,"5=7-2,1,4 (axis_sum=1.3)",3,1,1500,300,wt,False,,1500,,0,,,,,
863173,2024-05-29,20240529_61_03#7B,RANK_7B,"1=5-2,7,4 (axis_sum=1.3)",3,0,0,300,wt,False,,1810,,0,,,,,
863111,2024-05-29,20240529_61_05#7B,RANK_7B,"2=1-5,7,4 (axis_sum=1.5)",3,0,0,300,wt,False,,380,,0,,,,,
863059,2024-05-29,20240529_61_08#7B,RANK_7B,"1=4-5,2,3 (axis_sum=1.4)",3,0,0,300,wt,False,,2350,,0,,,,,
863079,2024-05-29,20240529_85_05#7B,RANK_7B,"3=5-2,4,7 (axis_sum=1.6)",3,0,0,300,wt,False,,160,,0,,,,,
863017,2024-05-30,20240530_11_06#7B,RANK_7B,"7=1-5,4,6 (axis_sum=1.6)",3,1,180,300,wt,False,,180,,0,,,,,
863210,2024-05-30,20240530_37_12#7B,RANK_7B,"2=7-4,5,1 (axis_sum=1.4)",3,0,0,300,wt,False,,300,,0,,,,,
863150,2024-05-30,20240530_46_10#7B,RANK_7B,"4=5-2,1,7 (axis_sum=1.5)",3,0,0,300,wt,False,,780,,0,,,,,
863145,2024-05-30,20240530_46_12#7B,RANK_7B,"5=2-1,3,7 (axis_sum=1.5)",3,0,0,300,wt,False,,2240,,0,,,,,
863138,2024-05-30,20240530_61_02#7B,RANK_7B,"2=5-1,4,7 (axis_sum=1.4)",3,0,0,300,wt,False,,37680,,0,,,,,
863029,2024-05-30,20240530_85_05#7B,RANK_7B,"5=3-4,1,2 (axis_sum=1.7)",3,1,1350,300,wt,False,,1350,,0,,,,,
863097,2024-05-31,20240531_11_02#7B,RANK_7B,"2=5-1,4,7 (axis_sum=1.5)",3,0,0,300,wt,False,,3170,,0,,,,,
863195,2024-05-31,20240531_11_08#7B,RANK_7B,"3=5-1,7,4 (axis_sum=1.2)",3,0,0,300,wt,False,,660,,0,,,,,
863055,2024-05-31,20240531_37_02#7B,RANK_7B,"4=3-7,5,1 (axis_sum=1.5)",3,0,0,300,wt,False,,6130,,0,,,,,
863038,2024-05-31,20240531_75_04#7B,RANK_7B,"1=5-2,4,6 (axis_sum=1.5)",3,0,0,300,wt,False,,5260,,0,,,,,
863007,2024-05-31,20240531_75_07#7B,RANK_7B,"2=4-3,7,5 (axis_sum=1.6)",3,0,0,300,wt,False,,180,,0,,,,,
863189,2024-05-31,20240531_81_06#7B,RANK_7B,"1=2-3,6,5 (axis_sum=1.3)",3,0,0,300,wt,False,,7250,,0,,,,,
863022,2024-05-31,20240531_81_08#7B,RANK_7B,"1=2-3,5,6 (axis_sum=1.7)",3,0,0,300,wt,False,,32420,,0,,,,,
863267,2024-06-01,20240601_12_06#7B,RANK_7B,"7=1-4,5,2 (axis_sum=1.7)",3,0,0,300,wt,False,,390,,0,,,,,
863342,2024-06-01,20240601_37_08#7B,RANK_7B,"5=7-1,2,4 (axis_sum=1.3)",3,0,0,300,wt,False,,500,,0,,,,,
863264,2024-06-01,20240601_54_03#7B,RANK_7B,"2=7-3,4,1 (axis_sum=1.6)",3,0,0,300,wt,False,,4270,,0,,,,,
863218,2024-06-01,20240601_54_06#7B,RANK_7B,"1=5-2,3,6 (axis_sum=1.8)",3,1,210,300,wt,False,,210,,0,,,,,
863394,2024-06-01,20240601_75_09#7B,RANK_7B,"4=2-1,3,5 (axis_sum=1.5)",3,1,570,300,wt,False,,570,,0,,,,,
863219,2024-06-01,20240601_86_06#7B,RANK_7B,"1=5-3,6,2 (axis_sum=1.8)",3,1,290,300,wt,False,,290,,0,,,,,
863361,2024-06-02,20240602_12_03#7B,RANK_7B,"5=2-7,3,1 (axis_sum=1.2)",3,0,0,300,wt,False,,1650,,0,,,,,
863257,2024-06-02,20240602_27_05#7B,RANK_7B,"1=2-3,4,5 (axis_sum=1.7)",3,0,0,300,wt,False,,2610,,0,,,,,
863386,2024-06-02,20240602_36_06#7B,RANK_7B,"1=7-2,3,4 (axis_sum=1.3)",3,0,0,300,wt,False,,1990,,0,,,,,
863385,2024-06-02,20240602_48_03#7B,RANK_7B,"1=2-7,3,5 (axis_sum=1.1)",3,0,0,300,wt,False,,3200,,0,,,,,
863372,2024-06-02,20240602_53_07#7B,RANK_7B,"2=1-4,5,7 (axis_sum=1.5)",3,0,0,300,wt,False,,510,,0,,,,,
863226,2024-06-02,20240602_54_06#7B,RANK_7B,"5=3-7,6,4 (axis_sum=1.7)",3,0,0,300,wt,False,,1870,,0,,,,,
863301,2024-06-02,20240602_54_08#7B,RANK_7B,"7=1-3,2,4 (axis_sum=1.4)",3,0,0,300,wt,False,,760,,0,,,,,
863294,2024-06-02,20240602_54_09#7B,RANK_7B,"7=4-3,5,2 (axis_sum=1.3)",3,0,0,300,wt,False,,620,,0,,,,,
863387,2024-06-02,20240602_75_06#7B,RANK_7B,"2=1-5,6,3 (axis_sum=1.0)",3,0,0,300,wt,False,,840,,0,,,,,
863340,2024-06-02,20240602_75_09#7B,RANK_7B,"1=5-7,2,6 (axis_sum=1.3)",3,1,600,300,wt,False,,600,,0,,,,,
863281,2024-06-02,20240602_75_11#7B,RANK_7B,"7=1-6,2,5 (axis_sum=1.5)",3,0,0,300,wt,False,,7040,,0,,,,,
863307,2024-06-03,20240603_27_07#7B,RANK_7B,"1=2-3,6,5 (axis_sum=1.5)",3,0,0,300,wt,False,,4550,,0,,,,,
863356,2024-06-03,20240603_43_06#7B,RANK_7B,"1=3-5,4,2 (axis_sum=1.4)",3,0,0,300,wt,False,,1320,,0,,,,,
863250,2024-06-03,20240603_43_11#7B,RANK_7B,"4=2-1,3,5 (axis_sum=1.8)",3,0,0,300,wt,False,,300,,0,,,,,
863278,2024-06-03,20240603_53_01#7B,RANK_7B,"1=3-2,4,7 (axis_sum=1.5)",3,1,170,300,wt,False,,170,,0,,,,,
863344,2024-06-03,20240603_53_05#7B,RANK_7B,"1=3-5,6,4 (axis_sum=1.3)",3,0,0,300,wt,False,,530,,0,,,,,
863280,2024-06-03,20240603_54_01#7B,RANK_7B,"5=4-1,7,6 (axis_sum=1.5)",3,1,160,300,wt,False,,160,,0,,,,,
863379,2024-06-03,20240603_54_04#7B,RANK_7B,"4=5-1,3,7 (axis_sum=1.5)",3,0,0,300,wt,False,,3160,,0,,,,,
863312,2024-06-03,20240603_86_06#7B,RANK_7B,"7=1-5,2,6 (axis_sum=1.4)",3,0,0,300,wt,False,,810,,0,,,,,
863382,2024-06-04,20240604_61_03#7B,RANK_7B,"5=7-1,3,6 (axis_sum=1.3)",3,1,2740,300,wt,False,,2740,,0,,,,,
863296,2024-06-04,20240604_61_08#7B,RANK_7B,"3=7-4,1,2 (axis_sum=1.3)",3,0,0,300,wt,False,,370,,0,,,,,
863295,2024-06-04,20240604_84_01#7B,RANK_7B,"1=2-7,4,5 (axis_sum=1.2)",3,1,420,300,wt,False,,420,,0,,,,,
863279,2024-06-05,20240605_34_02#7B,RANK_7B,"1=2-3,4,6 (axis_sum=1.5)",3,1,140,300,wt,False,,140,,0,,,,,
863333,2024-06-05,20240605_34_06#7B,RANK_7B,"1=4-2,5,6 (axis_sum=1.2)",3,0,0,300,wt,False,,560,,0,,,,,
863364,2024-06-05,20240605_36_03#7B,RANK_7B,"3=7-1,4,2 (axis_sum=1.4)",3,0,0,300,wt,False,,510,,0,,,,,
863252,2024-06-05,20240605_36_04#7B,RANK_7B,"7=4-5,2,6 (axis_sum=1.6)",3,1,200,300,wt,False,,200,,0,,,,,
863357,2024-06-05,20240605_61_03#7B,RANK_7B,"5=1-2,4,7 (axis_sum=1.4)",3,0,0,300,wt,False,,13230,,0,,,,,
863323,2024-06-05,20240605_81_02#7B,RANK_7B,"1=7-5,3,4 (axis_sum=1.4)",3,0,0,300,wt,False,,2760,,0,,,,,
863231,2024-06-05,20240605_81_04#7B,RANK_7B,"7=6-1,2,3 (axis_sum=1.8)",3,1,160,300,wt,False,,160,,0,,,,,
863321,2024-06-05,20240605_81_07#7B,RANK_7B,"1=5-4,2,3 (axis_sum=1.3)",3,0,0,300,wt,False,,570,,0,,,,,
863341,2024-06-05,20240605_84_06#7B,RANK_7B,"1=3-4,5,6 (axis_sum=1.3)",3,0,0,300,wt,False,,750,,0,,,,,
863289,2024-06-06,20240606_34_01#7B,RANK_7B,"1=2-4,3,6 (axis_sum=1.5)",3,0,0,300,wt,False,,250,,0,,,,,
863376,2024-06-06,20240606_34_06#7B,RANK_7B,"1=2-3,4,6 (axis_sum=1.3)",3,0,0,300,wt,False,,2290,,0,,,,,
863327,2024-06-06,20240606_44_09#7B,RANK_7B,"5=4-2,7,6 (axis_sum=1.4)",3,0,0,300,wt,False,,3720,,0,,,,,
863298,2024-06-06,20240606_71_05#7B,RANK_7B,"4=2-7,3,5 (axis_sum=1.6)",3,1,1190,300,wt,False,,1190,,0,,,,,
863222,2024-06-07,20240607_11_02#7B,RANK_7B,"4=5-3,6,7 (axis_sum=1.6)",3,1,730,300,wt,False,,730,,0,,,,,
863269,2024-06-07,20240607_36_01#7B,RANK_7B,"4=1-5,2,7 (axis_sum=1.5)",3,0,0,300,wt,False,,520,,0,,,,,
863248,2024-06-07,20240607_36_04#7B,RANK_7B,"2=7-3,4,5 (axis_sum=1.5)",3,1,140,300,wt,False,,140,,0,,,,,
863276,2024-06-07,20240607_44_04#7B,RANK_7B,"5=1-2,7,3 (axis_sum=1.5)",3,0,0,300,wt,False,,300,,0,,,,,
863304,2024-06-07,20240607_44_07#7B,RANK_7B,"3=7-1,4,2 (axis_sum=1.4)",3,0,0,300,wt,False,,1400,,0,,,,,
863251,2024-06-07,20240607_46_01#7B,RANK_7B,"5=7-4,1,3 (axis_sum=1.4)",3,0,0,300,wt,False,,370,,0,,,,,
863284,2024-06-07,20240607_46_06#7B,RANK_7B,"4=7-5,1,3 (axis_sum=1.5)",3,0,0,300,wt,False,,4810,,0,,,,,
863243,2024-06-07,20240607_46_11#7B,RANK_7B,"7=4-5,2,3 (axis_sum=1.6)",3,1,260,300,wt,False,,260,,0,,,,,
863221,2024-06-07,20240607_75_02#7B,RANK_7B,"2=1-4,5,6 (axis_sum=1.8)",3,0,0,300,wt,False,,180,,0,,,,,
863233,2024-06-08,20240608_24_04#7B,RANK_7B,"5=2-7,4,3 (axis_sum=1.7)",3,1,180,300,wt,False,,180,,0,,,,,
863234,2024-06-08,20240608_25_10#7B,RANK_7B,"4=3-7,5,1 (axis_sum=1.6)",3,1,180,300,wt,False,,180,,0,,,,,
863355,2024-06-08,20240608_46_01#7B,RANK_7B,"1=3-2,7,6 (axis_sum=1.2)",3,1,620,300,wt,False,,620,,0,,,,,
863350,2024-06-09,20240609_75_06#7B,RANK_7B,"3=2-5,4,6 (axis_sum=1.3)",3,1,750,300,wt,False,,750,,0,,,,,
863261,2024-06-10,20240610_12_04#7B,RANK_7B,"1=2-3,7,4 (axis_sum=1.5)",3,0,0,300,wt,False,,300,,0,,,,,
863273,2024-06-10,20240610_12_07#7B,RANK_7B,"1=2-3,5,7 (axis_sum=1.5)",3,0,0,300,wt,False,,280,,0,,,,,
863305,2024-06-10,20240610_25_02#7B,RANK_7B,"5=1-3,4,7 (axis_sum=1.4)",3,0,0,300,wt,False,,300,,0,,,,,
863254,2024-06-10,20240610_25_03#7B,RANK_7B,"1=7-2,5,3 (axis_sum=1.5)",3,1,1400,300,wt,False,,1400,,0,,,,,
863390,2024-06-10,20240610_25_05#7B,RANK_7B,"3=7-2,4,5 (axis_sum=1.1)",3,0,0,300,wt,False,,1440,,0,,,,,
863374,2024-06-10,20240610_25_08#7B,RANK_7B,"5=7-1,3,4 (axis_sum=1.1)",3,1,4610,300,wt,False,,4610,,0,,,,,
863351,2024-06-11,20240611_12_01#7B,RANK_7B,"1=2-4,3,6 (axis_sum=1.4)",3,0,0,300,wt,False,,650,,0,,,,,
863336,2024-06-11,20240611_12_03#7B,RANK_7B,"1=2-4,3,7 (axis_sum=1.5)",3,0,0,300,wt,False,,420,,0,,,,,
863262,2024-06-11,20240611_12_04#7B,RANK_7B,"1=2-5,4,6 (axis_sum=1.7)",3,0,0,300,wt,False,,190,,0,,,,,
863315,2024-06-11,20240611_31_12#7B,RANK_7B,"4=1-2,7,5 (axis_sum=1.5)",3,0,0,300,wt,False,,11110,,0,,,,,
863286,2024-06-11,20240611_71_05#7B,RANK_7B,"7=4-3,5,6 (axis_sum=1.6)",3,0,0,300,wt,False,,6830,,0,,,,,
863311,2024-06-12,20240612_12_02#7B,RANK_7B,"1=2-6,3,5 (axis_sum=1.6)",3,0,0,300,wt,False,,740,,0,,,,,
863313,2024-06-12,20240612_12_04#7B,RANK_7B,"1=3-2,5,7 (axis_sum=1.3)",3,0,0,300,wt,False,,5580,,0,,,,,
863308,2024-06-12,20240612_12_08#7B,RANK_7B,"1=3-2,4,6 (axis_sum=1.5)",3,0,0,300,wt,False,,1150,,0,,,,,
863299,2024-06-12,20240612_31_07#7B,RANK_7B,"5=1-2,3,4 (axis_sum=1.3)",3,0,0,300,wt,False,,2520,,0,,,,,
863366,2024-06-12,20240612_48_12#7B,RANK_7B,"1=4-5,6,7 (axis_sum=1.4)",3,0,0,300,wt,False,,380,,0,,,,,
863319,2024-06-12,20240612_56_06#7B,RANK_7B,"2=6-1,4,3 (axis_sum=1.6)",3,1,450,300,wt,False,,450,,0,,,,,
863310,2024-06-12,20240612_71_07#7B,RANK_7B,"2=4-1,5,6 (axis_sum=1.7)",3,0,0,300,wt,False,,3800,,0,,,,,
863316,2024-06-12,20240612_83_02#7B,RANK_7B,"1=2-4,5,6 (axis_sum=1.5)",3,0,0,300,wt,False,,540,,0,,,,,
863259,2024-06-13,20240613_28_03#7B,RANK_7B,"1=4-5,2,7 (axis_sum=1.5)",3,1,520,300,wt,False,,520,,0,,,,,
863229,2024-06-13,20240613_34_01#7B,RANK_7B,"2=1-3,4,5 (axis_sum=1.7)",3,1,240,300,wt,False,,240,,0,,,,,
863236,2024-06-13,20240613_34_02#7B,RANK_7B,"1=2-3,5,6 (axis_sum=1.6)",3,1,750,300,wt,False,,750,,0,,,,,
863271,2024-06-13,20240613_34_05#7B,RANK_7B,"1=2-3,6,4 (axis_sum=1.5)",3,1,730,300,wt,False,,730,,0,,,,,
863352,2024-06-13,20240613_34_09#7B,RANK_7B,"2=3-5,4,6 (axis_sum=1.4)",3,1,320,300,wt,False,,320,,0,,,,,
863228,2024-06-13,20240613_43_04#7B,RANK_7B,"1=2-4,5,6 (axis_sum=1.6)",3,0,0,300,wt,False,,250,,0,,,,,
863324,2024-06-13,20240613_48_08#7B,RANK_7B,"7=1-2,4,5 (axis_sum=1.4)",3,1,470,300,wt,False,,470,,0,,,,,
863325,2024-06-14,20240614_21_01#7B,RANK_7B,"1=5-2,7,3 (axis_sum=1.3)",3,1,1230,300,wt,False,,1230,,0,,,,,
863393,2024-06-14,20240614_28_03#7B,RANK_7B,"5=2-7,1,3 (axis_sum=1.2)",3,0,0,300,wt,False,,6330,,0,,,,,
863244,2024-06-14,20240614_34_01#7B,RANK_7B,"1=2-3,4,5 (axis_sum=1.6)",3,0,0,300,wt,False,,2100,,0,,,,,
863237,2024-06-14,20240614_34_02#7B,RANK_7B,"1=2-3,5,6 (axis_sum=1.6)",3,0,0,300,wt,False,,1180,,0,,,,,
863349,2024-06-14,20240614_34_09#7B,RANK_7B,"3=1-2,5,7 (axis_sum=1.5)",3,0,0,300,wt,False,,2130,,0,,,,,
863246,2024-06-14,20240614_61_06#7B,RANK_7B,"4=1-3,2,7 (axis_sum=1.7)",3,0,0,300,wt,False,,31350,,0,,,,,
863270,2024-06-15,20240615_21_05#7B,RANK_7B,"1=7-4,5,2 (axis_sum=1.7)",3,1,210,300,wt,False,,210,,0,,,,,
863339,2024-06-15,20240615_21_11#7B,RANK_7B,"7=1-4,5,3 (axis_sum=1.4)",3,0,0,300,wt,False,,4340,,0,,,,,
863291,2024-06-15,20240615_34_02#7B,RANK_7B,"1=2-5,6,3 (axis_sum=1.3)",3,0,0,300,wt,False,,390,,0,,,,,
863353,2024-06-15,20240615_34_03#7B,RANK_7B,"1=2-4,5,6 (axis_sum=1.3)",3,1,610,300,wt,False,,610,,0,,,,,
863335,2024-06-15,20240615_43_06#7B,RANK_7B,"1=2-5,4,6 (axis_sum=1.3)",3,0,0,300,wt,False,,250,,0,,,,,
863225,2024-06-16,20240616_13_04#7B,RANK_7B,"1=2-4,5,7 (axis_sum=1.8)",3,1,150,300,wt,False,,150,,0,,,,,
863389,2024-06-16,20240616_21_08#7B,RANK_7B,"3=2-1,6,4 (axis_sum=1.3)",3,0,0,300,wt,False,,390,,0,,,,,
863277,2024-06-16,20240616_26_05#7B,RANK_7B,"4=1-7,5,3 (axis_sum=1.8)",3,1,200,300,wt,False,,200,,0,,,,,
863322,2024-06-16,20240616_26_09#7B,RANK_7B,"2=1-5,3,4 (axis_sum=1.4)",3,0,0,300,wt,False,,2220,,0,,,,,
863369,2024-06-16,20240616_26_11#7B,RANK_7B,"5=2-1,4,3 (axis_sum=1.3)",3,0,0,300,wt,False,,750,,0,,,,,
863268,2024-06-16,20240616_26_12#7B,RANK_7B,"1=5-3,7,2 (axis_sum=1.6)",3,1,1500,300,wt,False,,1500,,0,,,,,
863367,2024-06-17,20240617_37_12#7B,RANK_7B,"5=3-4,1,2 (axis_sum=1.4)",3,0,0,300,wt,False,,2080,,0,,,,,
863260,2024-06-17,20240617_44_01#7B,RANK_7B,"1=4-2,3,7 (axis_sum=1.5)",3,1,700,300,wt,False,,700,,0,,,,,
863256,2024-06-17,20240617_44_03#7B,RANK_7B,"7=1-5,3,4 (axis_sum=1.7)",3,0,0,300,wt,False,,1190,,0,,,,,
863373,2024-06-17,20240617_44_05#7B,RANK_7B,"4=3-1,6,7 (axis_sum=1.5)",3,0,0,300,wt,False,,8880,,0,,,,,
863348,2024-06-17,20240617_75_05#7B,RANK_7B,"4=7-1,3,5 (axis_sum=1.5)",3,1,1750,300,wt,False,,1750,,0,,,,,
863326,2024-06-17,20240617_85_01#7B,RANK_7B,"5=7-2,3,1 (axis_sum=1.3)",3,1,440,300,wt,False,,440,,0,,,,,
863380,2024-06-17,20240617_85_05#7B,RANK_7B,"4=7-3,2,1 (axis_sum=1.6)",3,1,1590,300,wt,False,,1590,,0,,,,,
863381,2024-06-18,20240618_37_11#7B,RANK_7B,"2=3-1,7,4 (axis_sum=1.2)",3,0,0,300,wt,False,,3010,,0,,,,,
863338,2024-06-18,20240618_37_12#7B,RANK_7B,"1=7-4,5,3 (axis_sum=1.4)",3,0,0,300,wt,False,,1380,,0,,,,,
863287,2024-06-18,20240618_44_03#7B,RANK_7B,"7=5-3,1,2 (axis_sum=1.6)",3,0,0,300,wt,False,,1560,,0,,,,,
863391,2024-06-18,20240618_44_08#7B,RANK_7B,"1=2-7,3,5 (axis_sum=1.2)",3,0,0,300,wt,False,,1670,,0,,,,,
863318,2024-06-18,20240618_85_01#7B,RANK_7B,"1=4-2,5,7 (axis_sum=1.2)",3,0,0,300,wt,False,,700,,0,,,,,
863290,2024-06-18,20240618_86_02#7B,RANK_7B,"2=7-3,1,5 (axis_sum=1.6)",3,1,460,300,wt,False,,460,,0,,,,,
863266,2024-06-19,20240619_21_10#7B,RANK_7B,"7=1-4,5,3 (axis_sum=1.4)",3,0,0,300,wt,False,,1910,,0,,,,,
863223,2024-06-19,20240619_22_02#7B,RANK_7B,"2=1-3,5,6 (axis_sum=1.7)",3,0,0,300,wt,False,,810,,0,,,,,
863343,2024-06-19,20240619_37_03#7B,RANK_7B,"5=1-4,2,3 (axis_sum=1.5)",3,1,620,300,wt,False,,620,,0,,,,,
863371,2024-06-19,20240619_44_11#7B,RANK_7B,"5=7-2,4,3 (axis_sum=1.3)",3,0,0,300,wt,False,,330,,0,,,,,
863297,2024-06-19,20240619_51_02#7B,RANK_7B,"1=2-7,3,4 (axis_sum=1.4)",3,1,470,300,wt,False,,470,,0,,,,,
863230,2024-06-19,20240619_51_03#7B,RANK_7B,"1=7-4,5,6 (axis_sum=1.8)",3,1,150,300,wt,False,,150,,0,,,,,
863249,2024-06-19,20240619_51_08#7B,RANK_7B,"7=1-2,3,4 (axis_sum=1.5)",3,0,0,300,wt,False,,790,,0,,,,,
863275,2024-06-19,20240619_51_10#7B,RANK_7B,"2=7-5,1,6 (axis_sum=1.4)",3,0,0,300,wt,False,,9570,,0,,,,,
863302,2024-06-19,20240619_86_06#7B,RANK_7B,"4=3-5,1,7 (axis_sum=1.7)",3,0,0,300,wt,False,,2480,,0,,,,,
863378,2024-06-20,20240620_36_01#7B,RANK_7B,"1=5-7,4,2 (axis_sum=1.3)",3,0,0,300,wt,False,,500,,0,,,,,
863359,2024-06-20,20240620_36_05#7B,RANK_7B,"1=3-4,7,6 (axis_sum=1.5)",3,0,0,300,wt,False,,2560,,0,,,,,
863283,2024-06-20,20240620_48_10#7B,RANK_7B,"7=1-4,3,5 (axis_sum=1.4)",3,0,0,300,wt,False,,420,,0,,,,,
863383,2024-06-20,20240620_48_12#7B,RANK_7B,"5=3-1,4,2 (axis_sum=1.3)",3,0,0,300,wt,False,,5010,,0,,,,,
863363,2024-06-20,20240620_51_12#7B,RANK_7B,"4=7-2,1,5 (axis_sum=1.4)",3,1,970,300,wt,False,,970,,0,,,,,
863272,2024-06-20,20240620_71_11#7B,RANK_7B,"1=2-5,3,4 (axis_sum=1.3)",3,0,0,300,wt,False,,2180,,0,,,,,
863345,2024-06-20,20240620_86_06#7B,RANK_7B,"1=2-5,7,3 (axis_sum=1.4)",3,0,0,300,wt,False,,430,,0,,,,,
863360,2024-06-21,20240621_12_09#7B,RANK_7B,"1=7-2,4,6 (axis_sum=1.4)",3,0,0,300,wt,False,,650,,0,,,,,
863388,2024-06-21,20240621_47_09#7B,RANK_7B,"3=2-1,5,4 (axis_sum=1.4)",3,0,0,300,wt,False,,730,,0,,,,,
863384,2024-06-21,20240621_51_08#7B,RANK_7B,"2=3-4,1,7 (axis_sum=1.3)",3,0,0,300,wt,False,,780,,0,,,,,
863224,2024-06-21,20240621_71_02#7B,RANK_7B,"1=7-3,5,2 (axis_sum=1.5)",3,1,1160,300,wt,False,,1160,,0,,,,,
863285,2024-06-21,20240621_71_07#7B,RANK_7B,"5=1-7,3,4 (axis_sum=1.4)",3,0,0,300,wt,False,,860,,0,,,,,
863303,2024-06-22,20240622_26_05#7B,RANK_7B,"4=1-3,2,5 (axis_sum=1.5)",3,1,150,300,wt,False,,150,,0,,,,,
863265,2024-06-22,20240622_31_08#7B,RANK_7B,"1=3-4,5,7 (axis_sum=1.5)",3,0,0,300,wt,False,,1950,,0,,,,,
863263,2024-06-22,20240622_81_05#7B,RANK_7B,"1=2-6,3,5 (axis_sum=1.5)",3,1,3330,300,wt,False,,3330,,0,,,,,
863258,2024-06-23,20240623_26_05#7B,RANK_7B,"4=7-2,5,1 (axis_sum=1.6)",3,0,0,300,wt,False,,4700,,0,,,,,
863358,2024-06-23,20240623_31_09#7B,RANK_7B,"5=3-1,4,6 (axis_sum=1.4)",3,0,0,300,wt,False,,590,,0,,,,,
863240,2024-06-23,20240623_37_09#7B,RANK_7B,"1=2-4,6,7 (axis_sum=1.6)",3,1,230,300,wt,False,,230,,0,,,,,
863375,2024-06-24,20240624_27_08#7B,RANK_7B,"2=3-1,7,4 (axis_sum=1.2)",3,1,3110,300,wt,False,,3110,,0,,,,,
863354,2024-06-24,20240624_27_10#7B,RANK_7B,"5=1-4,3,6 (axis_sum=1.4)",3,1,340,300,wt,False,,340,,0,,,,,
863241,2024-06-24,20240624_45_03#7B,RANK_7B,"4=1-2,3,7 (axis_sum=1.7)",3,0,0,300,wt,False,,4250,,0,,,,,
863328,2024-06-24,20240624_55_03#7B,RANK_7B,"1=4-7,5,3 (axis_sum=1.6)",3,1,170,300,wt,False,,170,,0,,,,,
863331,2024-06-24,20240624_81_08#7B,RANK_7B,"1=2-4,6,5 (axis_sum=1.7)",3,0,0,300,wt,False,,490,,0,,,,,
863320,2024-06-26,20240626_36_03#7B,RANK_7B,"7=1-4,5,2 (axis_sum=1.5)",3,1,360,300,wt,False,,360,,0,,,,,
863370,2024-06-26,20240626_36_10#7B,RANK_7B,"1=2-7,4,5 (axis_sum=1.5)",3,0,0,300,wt,False,,1940,,0,,,,,
863274,2024-06-26,20240626_45_04#7B,RANK_7B,"1=5-7,2,6 (axis_sum=1.6)",3,1,760,300,wt,False,,760,,0,,,,,
863255,2024-06-26,20240626_45_07#7B,RANK_7B,"1=7-3,5,4 (axis_sum=1.4)",3,0,0,300,wt,False,,200,,0,,,,,
863309,2024-06-26,20240626_53_05#7B,RANK_7B,"1=2-4,6,5 (axis_sum=1.6)",3,1,1410,300,wt,False,,1410,,0,,,,,
863220,2024-06-26,20240626_54_07#7B,RANK_7B,"5=1-3,2,4 (axis_sum=1.6)",3,1,450,300,wt,False,,450,,0,,,,,
863317,2024-06-26,20240626_54_08#7B,RANK_7B,"5=7-4,2,3 (axis_sum=1.2)",3,0,0,300,wt,False,,3350,,0,,,,,
863292,2024-06-26,20240626_81_02#7B,RANK_7B,"1=3-5,4,7 (axis_sum=1.3)",3,0,0,300,wt,False,,1400,,0,,,,,
863239,2024-06-26,20240626_81_04#7B,RANK_7B,"1=4-7,3,6 (axis_sum=1.5)",3,1,2250,300,wt,False,,2250,,0,,,,,
863247,2024-06-26,20240626_81_08#7B,RANK_7B,"1=5-4,7,2 (axis_sum=1.6)",3,1,770,300,wt,False,,770,,0,,,,,
863242,2024-06-26,20240626_81_11#7B,RANK_7B,"2=5-1,7,3 (axis_sum=1.5)",3,1,1080,300,wt,False,,1080,,0,,,,,
863332,2024-06-26,20240626_86_06#7B,RANK_7B,"1=2-4,3,5 (axis_sum=1.6)",3,0,0,300,wt,False,,2880,,0,,,,,
863293,2024-06-27,20240627_21_01#7B,RANK_7B,"2=1-3,4,5 (axis_sum=1.4)",3,1,200,300,wt,False,,200,,0,,,,,
863346,2024-06-27,20240627_53_03#7B,RANK_7B,"1=3-2,7,6 (axis_sum=1.4)",3,1,230,300,wt,False,,230,,0,,,,,
863365,2024-06-27,20240627_73_11#7B,RANK_7B,"5=7-3,1,4 (axis_sum=1.4)",3,0,0,300,wt,False,,5110,,0,,,,,
863282,2024-06-27,20240627_81_02#7B,RANK_7B,"4=1-3,2,5 (axis_sum=1.4)",3,1,570,300,wt,False,,570,,0,,,,,
863330,2024-06-27,20240627_81_07#7B,RANK_7B,"1=5-7,3,2 (axis_sum=1.4)",3,0,0,300,wt,False,,560,,0,,,,,
863300,2024-06-27,20240627_86_03#7B,RANK_7B,"1=2-5,3,7 (axis_sum=1.3)",3,0,0,300,wt,False,,550,,0,,,,,
863329,2024-06-28,20240628_12_07#7B,RANK_7B,"3=1-5,7,4 (axis_sum=1.6)",3,0,0,300,wt,False,,610,,0,,,,,
863238,2024-06-28,20240628_46_11#7B,RANK_7B,"7=1-5,2,4 (axis_sum=1.6)",3,1,130,300,wt,False,,130,,0,,,,,
863362,2024-06-28,20240628_54_12#7B,RANK_7B,"7=1-5,2,4 (axis_sum=1.3)",3,0,0,300,wt,False,,730,,0,,,,,
863232,2024-06-28,20240628_56_04#7B,RANK_7B,"1=2-4,5,6 (axis_sum=1.7)",3,1,370,300,wt,False,,370,,0,,,,,
863347,2024-06-28,20240628_73_04#7B,RANK_7B,"2=1-7,5,4 (axis_sum=1.3)",3,1,1860,300,wt,False,,1860,,0,,,,,
863235,2024-06-29,20240629_13_01#7B,RANK_7B,"1=7-3,5,2 (axis_sum=1.6)",3,0,0,300,wt,False,,3350,,0,,,,,
863288,2024-06-29,20240629_13_11#7B,RANK_7B,"4=1-5,3,7 (axis_sum=1.5)",3,1,560,300,wt,False,,560,,0,,,,,
863314,2024-06-29,20240629_46_03#7B,RANK_7B,"3=7-4,5,2 (axis_sum=1.2)",3,0,0,300,wt,False,,8620,,0,,,,,
863334,2024-06-29,20240629_46_04#7B,RANK_7B,"7=5-1,4,6 (axis_sum=1.3)",3,0,0,300,wt,False,,15730,,0,,,,,
863337,2024-06-29,20240629_46_11#7B,RANK_7B,"5=3-4,2,1 (axis_sum=1.5)",3,0,0,300,wt,False,,1640,,0,,,,,
863392,2024-06-29,20240629_75_03#7B,RANK_7B,"1=4-2,3,6 (axis_sum=1.1)",3,0,0,300,wt,False,,810,,0,,,,,
863245,2024-06-30,20240630_51_01#7B,RANK_7B,"1=5-4,2,6 (axis_sum=1.4)",3,0,0,300,wt,False,,8730,,0,,,,,
863377,2024-06-30,20240630_53_02#7B,RANK_7B,"7=1-5,4,3 (axis_sum=1.3)",3,0,0,300,wt,False,,1930,,0,,,,,
863253,2024-06-30,20240630_53_04#7B,RANK_7B,"5=3-1,2,4 (axis_sum=1.6)",3,1,1410,300,wt,False,,1410,,0,,,,,
863368,2024-06-30,20240630_53_05#7B,RANK_7B,"2=4-3,1,7 (axis_sum=1.6)",3,0,0,300,wt,False,,5120,,0,,,,,
863306,2024-06-30,20240630_53_10#7B,RANK_7B,"4=2-7,3,1 (axis_sum=1.4)",3,0,0,300,wt,False,,790,,0,,,,,
863227,2024-06-30,20240630_71_01#7B,RANK_7B,"2=4-7,5,3 (axis_sum=1.5)",3,1,150,300,wt,False,,150,,0,,,,,
863457,2024-07-01,20240701_37_05#7B,RANK_7B,"3=1-4,2,6 (axis_sum=1.4)",3,0,0,300,wt,False,,4620,,0,,,,,
863513,2024-07-01,20240701_45_01#7B,RANK_7B,"5=4-3,7,2 (axis_sum=1.2)",3,1,400,300,wt,False,,400,,0,,,,,
863533,2024-07-01,20240701_45_05#7B,RANK_7B,"3=2-1,5,7 (axis_sum=1.2)",3,0,0,300,wt,False,,2230,,0,,,,,
863398,2024-07-01,20240701_45_06#7B,RANK_7B,"4=5-7,2,6 (axis_sum=1.7)",3,0,0,300,wt,False,,180,,0,,,,,
863530,2024-07-01,20240701_51_06#7B,RANK_7B,"2=3-1,4,7 (axis_sum=1.3)",3,0,0,300,wt,False,,590,,0,,,,,
863451,2024-07-01,20240701_53_05#7B,RANK_7B,"1=7-5,4,3 (axis_sum=1.6)",3,0,0,300,wt,False,,7670,,0,,,,,
863514,2024-07-01,20240701_86_02#7B,RANK_7B,"3=4-2,6,5 (axis_sum=1.3)",3,0,0,300,wt,False,,150,,0,,,,,
863596,2024-07-01,20240701_86_04#7B,RANK_7B,"7=5-3,4,2 (axis_sum=1.2)",3,0,0,300,wt,False,,2000,,0,,,,,
863516,2024-07-01,20240701_86_06#7B,RANK_7B,"1=7-5,3,6 (axis_sum=1.5)",3,0,0,300,wt,False,,7300,,0,,,,,
863567,2024-07-02,20240702_21_05#7B,RANK_7B,"1=5-3,6,4 (axis_sum=1.2)",3,0,0,300,wt,False,,3910,,0,,,,,
863404,2024-07-02,20240702_45_06#7B,RANK_7B,"5=4-1,6,3 (axis_sum=1.8)",3,1,480,300,wt,False,,480,,0,,,,,
863559,2024-07-02,20240702_51_02#7B,RANK_7B,"7=6-3,4,5 (axis_sum=1.4)",3,0,0,300,wt,False,,5310,,0,,,,,
863515,2024-07-02,20240702_53_03#7B,RANK_7B,"4=7-1,2,3 (axis_sum=1.4)",3,0,0,300,wt,False,,1410,,0,,,,,
863502,2024-07-02,20240702_71_04#7B,RANK_7B,"1=3-4,7,5 (axis_sum=1.4)",3,1,340,300,wt,False,,340,,0,,,,,
863575,2024-07-02,20240702_81_05#7B,RANK_7B,"5=4-3,1,2 (axis_sum=1.3)",3,1,280,300,wt,False,,280,,0,,,,,
863569,2024-07-03,20240703_24_06#7B,RANK_7B,"5=3-1,7,4 (axis_sum=1.3)",3,0,0,300,wt,False,,1450,,0,,,,,
863536,2024-07-03,20240703_37_01#7B,RANK_7B,"1=2-3,6,4 (axis_sum=1.3)",3,0,0,300,wt,False,,8070,,0,,,,,
863577,2024-07-03,20240703_45_02#7B,RANK_7B,"2=6-1,4,7 (axis_sum=1.3)",3,0,0,300,wt,False,,340,,0,,,,,
863588,2024-07-03,20240703_45_09#7B,RANK_7B,"3=2-5,4,1 (axis_sum=1.0)",3,0,0,300,wt,False,,1270,,0,,,,,
863447,2024-07-03,20240703_81_03#7B,RANK_7B,"2=1-3,6,5 (axis_sum=1.3)",3,1,320,300,wt,False,,320,,0,,,,,
863546,2024-07-04,20240704_12_08#7B,RANK_7B,"7=1-4,3,2 (axis_sum=1.2)",3,1,160,300,wt,False,,160,,0,,,,,
863439,2024-07-04,20240704_12_11#7B,RANK_7B,"1=5-2,3,4 (axis_sum=1.5)",3,0,0,300,wt,False,,130,,0,,,,,
863399,2024-07-04,20240704_25_01#7B,RANK_7B,"2=6-4,7,3 (axis_sum=1.7)",3,0,0,300,wt,False,,130,,0,,,,,
863583,2024-07-04,20240704_25_07#7B,RANK_7B,"7=1-3,5,2 (axis_sum=1.3)",3,0,0,300,wt,False,,1290,,0,,,,,
863528,2024-07-04,20240704_54_02#7B,RANK_7B,"2=3-4,1,5 (axis_sum=1.1)",3,0,0,300,wt,False,,420,,0,,,,,
863449,2024-07-05,20240705_12_12#7B,RANK_7B,"1=4-7,2,3 (axis_sum=1.5)",3,1,170,300,wt,False,,170,,0,,,,,
863556,2024-07-05,20240705_24_10#7B,RANK_7B,"1=5-2,7,4 (axis_sum=1.4)",3,0,0,300,wt,False,,260,,0,,,,,
863458,2024-07-05,20240705_27_11#7B,RANK_7B,"1=2-4,3,6 (axis_sum=1.6)",3,0,0,300,wt,False,,1050,,0,,,,,
863403,2024-07-05,20240705_81_06#7B,RANK_7B,"1=5-3,2,4 (axis_sum=1.8)",3,0,0,300,wt,False,,110,,0,,,,,
863477,2024-07-05,20240705_83_02#7B,RANK_7B,"1=3-5,4,6 (axis_sum=1.3)",3,1,2760,300,wt,False,,2760,,0,,,,,
863408,2024-07-06,20240706_25_01#7B,RANK_7B,"2=3-7,6,4 (axis_sum=1.5)",3,0,0,300,wt,False,,1070,,0,,,,,
863470,2024-07-06,20240706_27_02#7B,RANK_7B,"2=3-4,1,7 (axis_sum=1.5)",3,0,0,300,wt,False,,4610,,0,,,,,
863441,2024-07-07,20240707_13_05#7B,RANK_7B,"4=5-1,3,2 (axis_sum=1.4)",3,0,0,300,wt,False,,23110,,0,,,,,
863402,2024-07-07,20240707_21_01#7B,RANK_7B,"1=2-3,4,6 (axis_sum=1.6)",3,1,3060,300,wt,False,,3060,,0,,,,,
863512,2024-07-07,20240707_21_05#7B,RANK_7B,"1=7-2,3,5 (axis_sum=1.5)",3,0,0,300,wt,False,,430,,0,,,,,
863401,2024-07-07,20240707_85_01#7B,RANK_7B,"1=2-3,4,6 (axis_sum=1.6)",3,1,230,300,wt,False,,230,,0,,,,,
863438,2024-07-07,20240707_85_08#7B,RANK_7B,"1=2-6,4,5 (axis_sum=1.6)",3,1,260,300,wt,False,,260,,0,,,,,
863500,2024-07-08,20240708_21_05#7B,RANK_7B,"1=7-3,2,6 (axis_sum=1.5)",3,1,160,300,wt,False,,160,,0,,,,,
863445,2024-07-08,20240708_22_03#7B,RANK_7B,"1=3-7,4,2 (axis_sum=1.7)",3,1,150,300,wt,False,,150,,0,,,,,
863448,2024-07-08,20240708_36_01#7B,RANK_7B,"1=5-7,4,2 (axis_sum=1.5)",3,0,0,300,wt,False,,840,,0,,,,,
863493,2024-07-08,20240708_86_04#7B,RANK_7B,"5=3-1,6,4 (axis_sum=1.4)",3,0,0,300,wt,False,,1200,,0,,,,,
863581,2024-07-08,20240708_86_05#7B,RANK_7B,"1=6-3,2,5 (axis_sum=1.3)",3,0,0,300,wt,False,,3460,,0,,,,,
863590,2024-07-09,20240709_13_10#7B,RANK_7B,"5=2-3,7,4 (axis_sum=1.3)",3,0,0,300,wt,False,,16890,,0,,,,,
863594,2024-07-09,20240709_36_05#7B,RANK_7B,"1=2-5,6,4 (axis_sum=1.2)",3,0,0,300,wt,False,,1030,,0,,,,,
863586,2024-07-09,20240709_36_07#7B,RANK_7B,"7=6-1,2,4 (axis_sum=1.3)",3,1,4510,300,wt,False,,4510,,0,,,,,
863562,2024-07-09,20240709_36_08#7B,RANK_7B,"4=5-7,1,2 (axis_sum=1.4)",3,0,0,300,wt,False,,290,,0,,,,,
863416,2024-07-09,20240709_43_10#7B,RANK_7B,"7=4-2,5,1 (axis_sum=1.4)",3,0,0,300,wt,False,,130,,0,,,,,
863409,2024-07-09,20240709_43_11#7B,RANK_7B,"3=5-1,4,2 (axis_sum=1.6)",3,1,110,300,wt,False,,110,,0,,,,,
863414,2024-07-09,20240709_85_01#7B,RANK_7B,"1=2-3,4,5 (axis_sum=1.6)",3,0,0,300,wt,False,,5450,,0,,,,,
863551,2024-07-09,20240709_86_04#7B,RANK_7B,"3=6-7,2,5 (axis_sum=1.3)",3,1,220,300,wt,False,,220,,0,,,,,
863459,2024-07-10,20240710_22_10#7B,RANK_7B,"7=2-1,3,4 (axis_sum=1.5)",3,1,1800,300,wt,False,,1800,,0,,,,,
863593,2024-07-10,20240710_36_03#7B,RANK_7B,"3=6-2,1,5 (axis_sum=1.1)",3,0,0,300,wt,False,,2680,,0,,,,,
863544,2024-07-10,20240710_36_06#7B,RANK_7B,"5=1-2,6,7 (axis_sum=1.4)",3,1,1470,300,wt,False,,1470,,0,,,,,
863553,2024-07-10,20240710_36_12#7B,RANK_7B,"5=1-4,3,2 (axis_sum=1.4)",3,0,0,300,wt,False,,230,,0,,,,,
863491,2024-07-10,20240710_43_09#7B,RANK_7B,"4=5-3,7,1 (axis_sum=1.5)",3,1,190,300,wt,False,,190,,0,,,,,
863592,2024-07-10,20240710_74_07#7B,RANK_7B,"1=7-4,3,5 (axis_sum=1.3)",3,0,0,300,wt,False,,850,,0,,,,,
863555,2024-07-10,20240710_83_07#7B,RANK_7B,"5=4-2,7,1 (axis_sum=1.3)",3,0,0,300,wt,False,,950,,0,,,,,
863462,2024-07-10,20240710_86_05#7B,RANK_7B,"1=5-7,3,2 (axis_sum=1.5)",3,0,0,300,wt,False,,1650,,0,,,,,
863541,2024-07-11,20240711_43_05#7B,RANK_7B,"2=5-3,7,4 (axis_sum=1.2)",3,0,0,300,wt,False,,1850,,0,,,,,
863486,2024-07-11,20240711_54_02#7B,RANK_7B,"1=4-6,7,2 (axis_sum=1.4)",3,0,0,300,wt,False,,1090,,0,,,,,
863510,2024-07-11,20240711_83_07#7B,RANK_7B,"1=3-5,2,4 (axis_sum=1.4)",3,0,0,300,wt,False,,430,,0,,,,,
863475,2024-07-12,20240712_26_11#7B,RANK_7B,"5=4-7,3,1 (axis_sum=1.5)",3,0,0,300,wt,False,,130,,0,,,,,
863587,2024-07-12,20240712_45_04#7B,RANK_7B,"5=4-1,3,2 (axis_sum=1.0)",3,1,930,300,wt,False,,930,,0,,,,,
863496,2024-07-12,20240712_74_02#7B,RANK_7B,"1=3-2,4,5 (axis_sum=1.4)",3,0,0,300,wt,False,,920,,0,,,,,
863490,2024-07-12,20240712_83_08#7B,RANK_7B,"1=3-7,2,4 (axis_sum=1.6)",3,1,150,300,wt,False,,150,,0,,,,,
863485,2024-07-12,20240712_83_09#7B,RANK_7B,"2=5-1,7,6 (axis_sum=1.4)",3,0,0,300,wt,False,,6480,,0,,,,,
863468,2024-07-13,20240713_24_02#7B,RANK_7B,"1=4-3,5,6 (axis_sum=1.3)",3,0,0,300,wt,False,,660,,0,,,,,
863568,2024-07-13,20240713_26_07#7B,RANK_7B,"4=7-5,1,6 (axis_sum=1.2)",3,0,0,300,wt,False,,710,,0,,,,,
863426,2024-07-13,20240713_42_04#7B,RANK_7B,"3=1-4,5,2 (axis_sum=1.3)",3,0,0,300,wt,False,,2020,,0,,,,,
863446,2024-07-13,20240713_53_04#7B,RANK_7B,"4=7-1,3,6 (axis_sum=1.5)",3,0,0,300,wt,False,,260,,0,,,,,
863579,2024-07-13,20240713_61_05#7B,RANK_7B,"7=1-4,3,5 (axis_sum=1.2)",3,0,0,300,wt,False,,6670,,0,,,,,
863478,2024-07-14,20240714_24_01#7B,RANK_7B,"2=3-1,4,5 (axis_sum=1.3)",3,0,0,300,wt,False,,1400,,0,,,,,
863557,2024-07-14,20240714_42_04#7B,RANK_7B,"5=2-7,3,1 (axis_sum=1.2)",3,0,0,300,wt,False,,500,,0,,,,,
863415,2024-07-14,20240714_42_07#7B,RANK_7B,"5=7-4,1,3 (axis_sum=1.7)",3,0,0,300,wt,False,,4480,,0,,,,,
863571,2024-07-14,20240714_61_11#7B,RANK_7B,"2=1-4,5,7 (axis_sum=1.3)",3,0,0,300,wt,False,,2630,,0,,,,,
863576,2024-07-15,20240715_42_08#7B,RANK_7B,"2=3-4,1,7 (axis_sum=1.2)",3,0,0,300,wt,False,,940,,0,,,,,
863522,2024-07-15,20240715_44_01#7B,RANK_7B,"1=3-5,4,6 (axis_sum=1.1)",3,1,1090,300,wt,False,,1090,,0,,,,,
863585,2024-07-15,20240715_53_09#7B,RANK_7B,"3=1-7,4,5 (axis_sum=1.2)",3,0,0,300,wt,False,,7000,,0,,,,,
863431,2024-07-16,20240716_12_02#7B,RANK_7B,"7=2-1,5,3 (axis_sum=1.5)",3,0,0,300,wt,False,,1310,,0,,,,,
863482,2024-07-16,20240716_12_05#7B,RANK_7B,"5=3-4,2,7 (axis_sum=1.5)",3,0,0,300,wt,False,,11720,,0,,,,,
863543,2024-07-16,20240716_12_12#7B,RANK_7B,"2=7-3,4,5 (axis_sum=1.4)",3,0,0,300,wt,False,,2980,,0,,,,,
863497,2024-07-16,20240716_28_12#7B,RANK_7B,"5=3-2,4,7 (axis_sum=1.4)",3,0,0,300,wt,False,,220,,0,,,,,
863419,2024-07-16,20240716_34_11#7B,RANK_7B,"3=7-6,5,1 (axis_sum=1.8)",3,1,170,300,wt,False,,170,,0,,,,,
863413,2024-07-16,20240716_73_04#7B,RANK_7B,"1=2-6,3,5 (axis_sum=1.6)",3,1,210,300,wt,False,,210,,0,,,,,
863525,2024-07-16,20240716_85_03#7B,RANK_7B,"1=2-3,5,6 (axis_sum=1.2)",3,0,0,300,wt,False,,540,,0,,,,,
863578,2024-07-17,20240717_12_11#7B,RANK_7B,"5=1-7,2,6 (axis_sum=1.3)",3,0,0,300,wt,False,,1330,,0,,,,,
863549,2024-07-17,20240717_34_08#7B,RANK_7B,"1=5-4,2,7 (axis_sum=1.2)",3,1,240,300,wt,False,,240,,0,,,,,
863547,2024-07-17,20240717_37_02#7B,RANK_7B,"4=7-1,5,3 (axis_sum=1.2)",3,0,0,300,wt,False,,2040,,0,,,,,
863563,2024-07-17,20240717_37_03#7B,RANK_7B,"5=7-1,2,4 (axis_sum=1.1)",3,0,0,300,wt,False,,380,,0,,,,,
863540,2024-07-17,20240717_54_02#7B,RANK_7B,"5=7-4,2,1 (axis_sum=1.2)",3,0,0,300,wt,False,,1110,,0,,,,,
863455,2024-07-17,20240717_54_03#7B,RANK_7B,"5=4-1,7,3 (axis_sum=1.4)",3,1,1160,300,wt,False,,1160,,0,,,,,
863433,2024-07-17,20240717_54_11#7B,RANK_7B,"7=1-5,3,2 (axis_sum=1.6)",3,1,110,300,wt,False,,110,,0,,,,,
863396,2024-07-17,20240717_73_01#7B,RANK_7B,"1=2-4,5,6 (axis_sum=1.7)",3,1,290,300,wt,False,,290,,0,,,,,
863584,2024-07-17,20240717_73_03#7B,RANK_7B,"4=1-3,6,2 (axis_sum=1.2)",3,1,530,300,wt,False,,530,,0,,,,,
863508,2024-07-17,20240717_85_03#7B,RANK_7B,"1=2-5,4,3 (axis_sum=1.3)",3,0,0,300,wt,False,,1830,,0,,,,,
863531,2024-07-17,20240717_85_07#7B,RANK_7B,"1=2-5,4,3 (axis_sum=1.3)",3,0,0,300,wt,False,,1250,,0,,,,,
863582,2024-07-18,20240718_28_02#7B,RANK_7B,"1=6-3,4,2 (axis_sum=1.3)",3,0,0,300,wt,False,,5700,,0,,,,,
863517,2024-07-18,20240718_34_05#7B,RANK_7B,"2=5-1,4,3 (axis_sum=1.3)",3,0,0,300,wt,False,,4430,,0,,,,,
863483,2024-07-18,20240718_71_04#7B,RANK_7B,"5=1-7,2,3 (axis_sum=1.5)",3,0,0,300,wt,False,,2070,,0,,,,,
863421,2024-07-18,20240718_74_05#7B,RANK_7B,"1=4-3,6,7 (axis_sum=1.6)",3,1,970,300,wt,False,,970,,0,,,,,
863463,2024-07-19,20240719_24_01#7B,RANK_7B,"1=4-2,5,6 (axis_sum=1.5)",3,1,310,300,wt,False,,310,,0,,,,,
863501,2024-07-19,20240719_24_03#7B,RANK_7B,"1=4-2,5,6 (axis_sum=1.1)",3,0,0,300,wt,False,,1470,,0,,,,,
863498,2024-07-19,20240719_25_02#7B,RANK_7B,"2=3-5,7,4 (axis_sum=1.2)",3,0,0,300,wt,False,,280,,0,,,,,
863440,2024-07-19,20240719_25_06#7B,RANK_7B,"3=5-1,7,4 (axis_sum=1.7)",3,0,0,300,wt,False,,340,,0,,,,,
863460,2024-07-19,20240719_25_07#7B,RANK_7B,"4=7-5,1,3 (axis_sum=1.3)",3,0,0,300,wt,False,,2180,,0,,,,,
863524,2024-07-19,20240719_35_08#7B,RANK_7B,"1=4-7,3,6 (axis_sum=1.4)",3,0,0,300,wt,False,,11540,,0,,,,,
863487,2024-07-19,20240719_43_10#7B,RANK_7B,"1=4-5,3,7 (axis_sum=1.3)",3,0,0,300,wt,False,,4290,,0,,,,,
863480,2024-07-19,20240719_44_01#7B,RANK_7B,"1=2-3,5,6 (axis_sum=1.3)",3,0,0,300,wt,False,,660,,0,,,,,
863465,2024-07-19,20240719_44_04#7B,RANK_7B,"1=7-2,4,5 (axis_sum=1.5)",3,0,0,300,wt,False,,180,,0,,,,,
863492,2024-07-19,20240719_54_02#7B,RANK_7B,"7=1-5,4,2 (axis_sum=1.1)",3,0,0,300,wt,False,,820,,0,,,,,
863428,2024-07-19,20240719_54_04#7B,RANK_7B,"4=3-5,7,6 (axis_sum=1.6)",3,0,0,300,wt,False,,7670,,0,,,,,
863539,2024-07-19,20240719_71_04#7B,RANK_7B,"7=2-3,5,1 (axis_sum=1.1)",3,0,0,300,wt,False,,330,,0,,,,,
863489,2024-07-19,20240719_74_12#7B,RANK_7B,"3=7-2,6,4 (axis_sum=1.5)",3,0,0,300,wt,False,,230,,0,,,,,
863518,2024-07-20,20240720_25_05#7B,RANK_7B,"3=2-4,1,6 (axis_sum=1.2)",3,0,0,300,wt,False,,9970,,0,,,,,
863495,2024-07-20,20240720_25_06#7B,RANK_7B,"4=1-2,6,7 (axis_sum=1.4)",3,0,0,300,wt,False,,1370,,0,,,,,
863507,2024-07-20,20240720_35_10#7B,RANK_7B,"4=7-2,5,3 (axis_sum=1.2)",3,0,0,300,wt,False,,440,,0,,,,,
863481,2024-07-20,20240720_44_02#7B,RANK_7B,"1=2-4,3,6 (axis_sum=1.4)",3,0,0,300,wt,False,,13360,,0,,,,,
863472,2024-07-20,20240720_44_06#7B,RANK_7B,"2=1-4,5,6 (axis_sum=1.4)",3,0,0,300,wt,False,,3790,,0,,,,,
863422,2024-07-20,20240720_71_07#7B,RANK_7B,"7=2-6,1,5 (axis_sum=1.5)",3,0,0,300,wt,False,,6760,,0,,,,,
863527,2024-07-20,20240720_87_09#7B,RANK_7B,"5=4-1,7,3 (axis_sum=1.4)",3,0,0,300,wt,False,,260,,0,,,,,
863423,2024-07-21,20240721_24_05#7B,RANK_7B,"5=1-2,3,4 (axis_sum=1.7)",3,1,140,300,wt,False,,140,,0,,,,,
863560,2024-07-21,20240721_25_04#7B,RANK_7B,"4=7-2,1,3 (axis_sum=1.1)",3,1,980,300,wt,False,,980,,0,,,,,
863561,2024-07-21,20240721_35_08#7B,RANK_7B,"1=2-3,5,7 (axis_sum=1.3)",3,0,0,300,wt,False,,7860,,0,,,,,
863484,2024-07-21,20240721_44_04#7B,RANK_7B,"1=2-5,4,6 (axis_sum=1.4)",3,0,0,300,wt,False,,6720,,0,,,,,
863452,2024-07-21,20240721_46_04#7B,RANK_7B,"2=5-1,7,6 (axis_sum=1.5)",3,0,0,300,wt,False,,1050,,0,,,,,
863435,2024-07-21,20240721_46_10#7B,RANK_7B,"5=6-7,4,2 (axis_sum=1.5)",3,0,0,300,wt,False,,13510,,0,,,,,
863437,2024-07-21,20240721_46_11#7B,RANK_7B,"5=2-1,7,3 (axis_sum=1.6)",3,1,190,300,wt,False,,190,,0,,,,,
863526,2024-07-21,20240721_87_02#7B,RANK_7B,"3=7-2,1,5 (axis_sum=1.3)",3,0,0,300,wt,False,,4080,,0,,,,,
863552,2024-07-21,20240721_87_11#7B,RANK_7B,"5=6-1,7,4 (axis_sum=1.3)",3,0,0,300,wt,False,,240,,0,,,,,
863412,2024-07-22,20240722_21_09#7B,RANK_7B,"5=2-7,1,4 (axis_sum=1.6)",3,0,0,300,wt,False,,160,,0,,,,,
863537,2024-07-22,20240722_36_02#7B,RANK_7B,"7=4-5,3,1 (axis_sum=1.6)",3,1,720,300,wt,False,,720,,0,,,,,
863432,2024-07-22,20240722_37_03#7B,RANK_7B,"1=3-4,5,6 (axis_sum=1.2)",3,1,600,300,wt,False,,600,,0,,,,,
863424,2024-07-22,20240722_43_10#7B,RANK_7B,"4=7-1,5,6 (axis_sum=1.5)",3,0,0,300,wt,False,,300,,0,,,,,
863474,2024-07-22,20240722_46_03#7B,RANK_7B,"3=4-5,7,2 (axis_sum=1.4)",3,0,0,300,wt,False,,26150,,0,,,,,
863479,2024-07-22,20240722_87_12#7B,RANK_7B,"1=2-5,7,6 (axis_sum=1.7)",3,0,0,300,wt,False,,460,,0,,,,,
863505,2024-07-23,20240723_21_04#7B,RANK_7B,"1=7-5,4,3 (axis_sum=1.3)",3,0,0,300,wt,False,,2450,,0,,,,,
863554,2024-07-23,20240723_21_09#7B,RANK_7B,"4=7-2,5,3 (axis_sum=1.1)",3,0,0,300,wt,False,,5890,,0,,,,,
863442,2024-07-23,20240723_37_03#7B,RANK_7B,"1=2-4,7,5 (axis_sum=1.3)",3,0,0,300,wt,False,,170,,0,,,,,
863494,2024-07-23,20240723_43_02#7B,RANK_7B,"2=6-7,5,4 (axis_sum=1.5)",3,0,0,300,wt,False,,460,,0,,,,,
863443,2024-07-23,20240723_43_07#7B,RANK_7B,"4=1-3,2,7 (axis_sum=1.6)",3,0,0,300,wt,False,,16120,,0,,,,,
863473,2024-07-23,20240723_43_10#7B,RANK_7B,"2=7-4,1,3 (axis_sum=1.4)",3,0,0,300,wt,False,,1560,,0,,,,,
863453,2024-07-23,20240723_43_12#7B,RANK_7B,"1=2-7,3,4 (axis_sum=1.5)",3,0,0,300,wt,False,,310,,0,,,,,
863436,2024-07-23,20240723_46_10#7B,RANK_7B,"7=6-2,1,4 (axis_sum=1.5)",3,0,0,300,wt,False,,580,,0,,,,,
863395,2024-07-23,20240723_73_06#7B,RANK_7B,"1=7-3,6,4 (axis_sum=1.6)",3,0,0,300,wt,False,,3350,,0,,,,,
863532,2024-07-23,20240723_84_04#7B,RANK_7B,"1=3-2,4,6 (axis_sum=1.4)",3,1,670,300,wt,False,,670,,0,,,,,
863572,2024-07-23,20240723_84_08#7B,RANK_7B,"1=7-6,2,4 (axis_sum=1.5)",3,0,0,300,wt,False,,7230,,0,,,,,
863511,2024-07-24,20240724_25_04#7B,RANK_7B,"3=1-4,7,2 (axis_sum=1.4)",3,1,680,300,wt,False,,680,,0,,,,,
863506,2024-07-24,20240724_25_12#7B,RANK_7B,"4=1-3,6,5 (axis_sum=1.4)",3,1,950,300,wt,False,,950,,0,,,,,
863397,2024-07-24,20240724_36_06#7B,RANK_7B,"2=1-6,7,4 (axis_sum=1.6)",3,0,0,300,wt,False,,1480,,0,,,,,
863574,2024-07-24,20240724_73_04#7B,RANK_7B,"7=4-5,3,1 (axis_sum=1.0)",3,0,0,300,wt,False,,910,,0,,,,,
863542,2024-07-24,20240724_73_05#7B,RANK_7B,"3=4-1,5,2 (axis_sum=1.2)",3,1,440,300,wt,False,,440,,0,,,,,
863407,2024-07-24,20240724_73_07#7B,RANK_7B,"4=5-7,2,6 (axis_sum=1.5)",3,0,0,300,wt,False,,240,,0,,,,,
863427,2024-07-24,20240724_85_04#7B,RANK_7B,"1=7-3,6,4 (axis_sum=1.5)",3,1,140,300,wt,False,,140,,0,,,,,
863523,2024-07-25,20240725_25_04#7B,RANK_7B,"1=4-2,5,7 (axis_sum=1.3)",3,0,0,300,wt,False,,5330,,0,,,,,
863469,2024-07-25,20240725_25_12#7B,RANK_7B,"4=1-5,6,7 (axis_sum=1.5)",3,0,0,300,wt,False,,320,,0,,,,,
863429,2024-07-25,20240725_45_01#7B,RANK_7B,"7=4-1,2,5 (axis_sum=1.5)",3,0,0,300,wt,False,,500,,0,,,,,
863550,2024-07-25,20240725_45_10#7B,RANK_7B,"4=3-7,1,5 (axis_sum=1.4)",3,1,400,300,wt,False,,400,,0,,,,,
863591,2024-07-25,20240725_61_12#7B,RANK_7B,"2=4-1,7,6 (axis_sum=1.0)",3,0,0,300,wt,False,,1080,,0,,,,,
863466,2024-07-25,20240725_73_09#7B,RANK_7B,"6=1-4,2,7 (axis_sum=1.3)",3,0,0,300,wt,False,,3930,,0,,,,,
863444,2024-07-25,20240725_74_04#7B,RANK_7B,"2=3-1,4,5 (axis_sum=1.6)",3,0,0,300,wt,False,,1320,,0,,,,,
863425,2024-07-25,20240725_74_07#7B,RANK_7B,"1=2-3,5,6 (axis_sum=1.7)",3,1,210,300,wt,False,,210,,0,,,,,
863406,2024-07-26,20240726_12_06#7B,RANK_7B,"3=2-4,7,1 (axis_sum=1.7)",3,0,0,300,wt,False,,5330,,0,,,,,
863411,2024-07-26,20240726_12_07#7B,RANK_7B,"7=4-6,2,1 (axis_sum=1.7)",3,0,0,300,wt,False,,1060,,0,,,,,
863464,2024-07-26,20240726_25_07#7B,RANK_7B,"4=2-7,5,1 (axis_sum=1.5)",3,0,0,300,wt,False,,10410,,0,,,,,
863509,2024-07-26,20240726_45_03#7B,RANK_7B,"3=2-7,5,4 (axis_sum=1.3)",3,0,0,300,wt,False,,1080,,0,,,,,
863548,2024-07-26,20240726_45_04#7B,RANK_7B,"2=1-5,7,3 (axis_sum=1.3)",3,1,750,300,wt,False,,750,,0,,,,,
863573,2024-07-26,20240726_47_05#7B,RANK_7B,"4=5-3,6,1 (axis_sum=1.3)",3,0,0,300,wt,False,,1100,,0,,,,,
863471,2024-07-26,20240726_61_01#7B,RANK_7B,"7=2-5,4,3 (axis_sum=1.4)",3,0,0,300,wt,False,,1750,,0,,,,,
863410,2024-07-27,20240727_12_07#7B,RANK_7B,"1=7-2,5,4 (axis_sum=1.7)",3,1,1140,300,wt,False,,1140,,0,,,,,
863450,2024-07-27,20240727_13_03#7B,RANK_7B,"1=2-4,3,6 (axis_sum=1.5)",3,1,690,300,wt,False,,690,,0,,,,,
863519,2024-07-27,20240727_36_04#7B,RANK_7B,"4=5-7,1,3 (axis_sum=1.4)",3,0,0,300,wt,False,,3860,,0,,,,,
863400,2024-07-27,20240727_36_06#7B,RANK_7B,"6=4-1,5,3 (axis_sum=1.7)",3,0,0,300,wt,False,,1250,,0,,,,,
863467,2024-07-27,20240727_45_08#7B,RANK_7B,"1=6-4,3,2 (axis_sum=1.5)",3,0,0,300,wt,False,,3890,,0,,,,,
863417,2024-07-27,20240727_55_02#7B,RANK_7B,"3=5-4,1,7 (axis_sum=1.6)",3,0,0,300,wt,False,,5920,,0,,,,,
863499,2024-07-27,20240727_87_07#7B,RANK_7B,"4=1-2,3,7 (axis_sum=1.4)",3,0,0,300,wt,False,,2690,,0,,,,,
863456,2024-07-28,20240728_12_02#7B,RANK_7B,"7=5-2,3,4 (axis_sum=1.2)",3,0,0,300,wt,False,,1050,,0,,,,,
863564,2024-07-28,20240728_12_10#7B,RANK_7B,"1=3-5,4,6 (axis_sum=1.2)",3,0,0,300,wt,False,,630,,0,,,,,
863454,2024-07-28,20240728_36_05#7B,RANK_7B,"3=5-7,4,6 (axis_sum=1.5)",3,1,340,300,wt,False,,340,,0,,,,,
863405,2024-07-28,20240728_36_06#7B,RANK_7B,"3=2-7,1,6 (axis_sum=1.6)",3,0,0,300,wt,False,,820,,0,,,,,
863418,2024-07-28,20240728_44_01#7B,RANK_7B,"2=1-3,4,6 (axis_sum=1.7)",3,1,210,300,wt,False,,210,,0,,,,,
863558,2024-07-28,20240728_53_02#7B,RANK_7B,"2=1-5,7,4 (axis_sum=1.1)",3,0,0,300,wt,False,,260,,0,,,,,
863434,2024-07-28,20240728_53_07#7B,RANK_7B,"1=2-4,5,6 (axis_sum=1.5)",3,1,460,300,wt,False,,460,,0,,,,,
863461,2024-07-28,20240728_87_06#7B,RANK_7B,"1=6-4,2,7 (axis_sum=1.5)",3,0,0,300,wt,False,,960,,0,,,,,
863488,2024-07-29,20240729_34_02#7B,RANK_7B,"3=5-1,6,2 (axis_sum=1.5)",3,0,0,300,wt,False,,470,,0,,,,,
863589,2024-07-29,20240729_36_05#7B,RANK_7B,"7=4-1,3,6 (axis_sum=1.3)",3,1,700,300,wt,False,,700,,0,,,,,
863545,2024-07-29,20240729_53_08#7B,RANK_7B,"3=2-1,6,5 (axis_sum=1.2)",3,0,0,300,wt,False,,520,,0,,,,,
863595,2024-07-29,20240729_55_11#7B,RANK_7B,"2=3-1,5,7 (axis_sum=1.1)",3,0,0,300,wt,False,,2370,,0,,,,,
863529,2024-07-30,20240730_34_03#7B,RANK_7B,"2=4-1,3,6 (axis_sum=1.5)",3,0,0,300,wt,False,,630,,0,,,,,
863538,2024-07-30,20240730_34_04#7B,RANK_7B,"2=7-4,3,5 (axis_sum=1.5)",3,0,0,300,wt,False,,300,,0,,,,,
863504,2024-07-30,20240730_34_05#7B,RANK_7B,"5=1-3,7,2 (axis_sum=1.5)",3,0,0,300,wt,False,,500,,0,,,,,
863535,2024-07-30,20240730_45_04#7B,RANK_7B,"4=2-1,6,7 (axis_sum=1.5)",3,0,0,300,wt,False,,770,,0,,,,,
863476,2024-07-30,20240730_45_06#7B,RANK_7B,"5=2-4,1,3 (axis_sum=1.5)",3,1,1290,300,wt,False,,1290,,0,,,,,
863565,2024-07-30,20240730_45_09#7B,RANK_7B,"7=3-4,5,2 (axis_sum=1.2)",3,0,0,300,wt,False,,5160,,0,,,,,
863420,2024-07-31,20240731_12_02#7B,RANK_7B,"2=1-4,5,6 (axis_sum=1.6)",3,0,0,300,wt,False,,130,,0,,,,,
863520,2024-07-31,20240731_21_03#7B,RANK_7B,"4=3-2,7,5 (axis_sum=1.7)",3,0,0,300,wt,False,,380,,0,,,,,
863566,2024-07-31,20240731_23_02#7B,RANK_7B,"1=4-3,5,7 (axis_sum=1.4)",3,0,0,300,wt,False,,890,,0,,,,,
863534,2024-07-31,20240731_23_04#7B,RANK_7B,"4=2-3,7,1 (axis_sum=1.3)",3,0,0,300,wt,False,,290,,0,,,,,
863570,2024-07-31,20240731_45_09#7B,RANK_7B,"5=7-2,1,4 (axis_sum=1.1)",3,1,900,300,wt,False,,900,,0,,,,,
863521,2024-07-31,20240731_45_11#7B,RANK_7B,"4=2-5,1,6 (axis_sum=1.3)",3,0,0,300,wt,False,,130,,0,,,,,
863503,2024-07-31,20240731_51_02#7B,RANK_7B,"1=5-4,7,2 (axis_sum=1.2)",3,0,0,300,wt,False,,340,,0,,,,,
863430,2024-07-31,20240731_75_04#7B,RANK_7B,"6=2-3,5,4 (axis_sum=1.5)",3,1,250,300,wt,False,,250,,0,,,,,
863580,2024-07-31,20240731_87_07#7B,RANK_7B,"5=3-2,7,1 (axis_sum=1.4)",3,0,0,300,wt,False,,1050,,0,,,,,
863658,2024-08-01,20240801_45_06#7B,RANK_7B,"1=7-2,4,6 (axis_sum=1.3)",3,1,310,300,wt,False,,310,,0,,,,,
863761,2024-08-01,20240801_51_04#7B,RANK_7B,"4=3-1,5,7 (axis_sum=1.0)",3,0,0,300,wt,False,,11920,,0,,,,,
863648,2024-08-01,20240801_51_12#7B,RANK_7B,"1=5-2,6,4 (axis_sum=1.6)",3,1,1040,300,wt,False,,1040,,0,,,,,
863623,2024-08-01,20240801_74_11#7B,RANK_7B,"4=7-5,2,1 (axis_sum=1.6)",3,1,570,300,wt,False,,570,,0,,,,,
863749,2024-08-01,20240801_75_05#7B,RANK_7B,"2=1-3,4,5 (axis_sum=1.3)",3,1,390,300,wt,False,,390,,0,,,,,
863732,2024-08-01,20240801_83_08#7B,RANK_7B,"5=3-6,2,4 (axis_sum=1.4)",3,0,0,300,wt,False,,400,,0,,,,,
863740,2024-08-02,20240802_31_01#7B,RANK_7B,"5=4-3,2,7 (axis_sum=1.3)",3,0,0,300,wt,False,,3990,,0,,,,,
863720,2024-08-02,20240802_46_08#7B,RANK_7B,"1=4-3,5,7 (axis_sum=1.2)",3,1,1180,300,wt,False,,1180,,0,,,,,
863735,2024-08-02,20240802_51_02#7B,RANK_7B,"5=3-1,4,2 (axis_sum=1.4)",3,0,0,300,wt,False,,390,,0,,,,,
863692,2024-08-02,20240802_51_06#7B,RANK_7B,"7=5-3,2,4 (axis_sum=1.3)",3,1,520,300,wt,False,,520,,0,,,,,
863754,2024-08-02,20240802_51_11#7B,RANK_7B,"5=2-4,3,7 (axis_sum=1.2)",3,0,0,300,wt,False,,3630,,0,,,,,
863742,2024-08-02,20240802_83_05#7B,RANK_7B,"5=1-2,7,3 (axis_sum=1.5)",3,0,0,300,wt,False,,1680,,0,,,,,
863654,2024-08-02,20240802_87_05#7B,RANK_7B,"7=4-1,5,3 (axis_sum=1.5)",3,0,0,300,wt,False,,1300,,0,,,,,
863776,2024-08-03,20240803_42_01#7B,RANK_7B,"1=2-4,5,6 (axis_sum=1.2)",3,0,0,300,wt,False,,260,,0,,,,,
863688,2024-08-03,20240803_46_04#7B,RANK_7B,"5=3-2,7,6 (axis_sum=1.4)",3,0,0,300,wt,False,,1840,,0,,,,,
863629,2024-08-03,20240803_46_11#7B,RANK_7B,"5=2-1,4,6 (axis_sum=1.5)",3,0,0,300,wt,False,,640,,0,,,,,
863626,2024-08-03,20240803_71_01#7B,RANK_7B,"7=1-5,2,6 (axis_sum=1.6)",3,0,0,300,wt,False,,210,,0,,,,,
863738,2024-08-03,20240803_71_03#7B,RANK_7B,"2=3-7,5,1 (axis_sum=1.2)",3,0,0,300,wt,False,,380,,0,,,,,
863752,2024-08-03,20240803_83_09#7B,RANK_7B,"1=4-5,2,7 (axis_sum=1.3)",3,0,0,300,wt,False,,640,,0,,,,,
863616,2024-08-04,20240804_11_11#7B,RANK_7B,"1=5-3,7,6 (axis_sum=1.8)",3,0,0,300,wt,False,,810,,0,,,,,
863782,2024-08-04,20240804_24_03#7B,RANK_7B,"2=1-5,4,7 (axis_sum=1.0)",3,0,0,300,wt,False,,6310,,0,,,,,
863615,2024-08-04,20240804_28_10#7B,RANK_7B,"7=4-5,6,3 (axis_sum=1.5)",3,0,0,300,wt,False,,130,,0,,,,,
863665,2024-08-04,20240804_56_01#7B,RANK_7B,"7=2-4,3,1 (axis_sum=1.4)",3,0,0,300,wt,False,,18800,,0,,,,,
863715,2024-08-04,20240804_56_08#7B,RANK_7B,"5=1-3,4,2 (axis_sum=1.4)",3,1,980,300,wt,False,,980,,0,,,,,
863770,2024-08-04,20240804_56_11#7B,RANK_7B,"5=2-3,4,7 (axis_sum=1.1)",3,0,0,300,wt,False,,1240,,0,,,,,
863662,2024-08-04,20240804_61_06#7B,RANK_7B,"3=1-2,7,4 (axis_sum=1.4)",3,1,490,300,wt,False,,490,,0,,,,,
863728,2024-08-04,20240804_71_02#7B,RANK_7B,"4=1-6,7,2 (axis_sum=1.3)",3,0,0,300,wt,False,,420,,0,,,,,
863717,2024-08-04,20240804_71_05#7B,RANK_7B,"1=7-5,3,2 (axis_sum=1.4)",3,1,860,300,wt,False,,860,,0,,,,,
863613,2024-08-04,20240804_86_03#7B,RANK_7B,"1=7-3,2,5 (axis_sum=1.6)",3,1,380,300,wt,False,,380,,0,,,,,
863679,2024-08-05,20240805_11_04#7B,RANK_7B,"3=1-2,7,4 (axis_sum=1.5)",3,1,480,300,wt,False,,480,,0,,,,,
863753,2024-08-05,20240805_42_07#7B,RANK_7B,"3=1-2,4,5 (axis_sum=1.4)",3,0,0,300,wt,False,,4360,,0,,,,,
863725,2024-08-05,20240805_54_05#7B,RANK_7B,"1=4-5,3,6 (axis_sum=1.3)",3,0,0,300,wt,False,,160,,0,,,,,
863699,2024-08-05,20240805_61_08#7B,RANK_7B,"1=4-5,7,3 (axis_sum=1.3)",3,0,0,300,wt,False,,3250,,0,,,,,
863706,2024-08-05,20240805_61_10#7B,RANK_7B,"5=1-3,7,4 (axis_sum=1.3)",3,0,0,300,wt,False,,370,,0,,,,,
863736,2024-08-05,20240805_71_03#7B,RANK_7B,"7=3-4,1,2 (axis_sum=1.3)",3,0,0,300,wt,False,,760,,0,,,,,
863674,2024-08-05,20240805_86_02#7B,RANK_7B,"5=1-2,3,4 (axis_sum=1.5)",3,1,420,300,wt,False,,420,,0,,,,,
863780,2024-08-06,20240806_11_03#7B,RANK_7B,"7=3-5,4,1 (axis_sum=1.0)",3,1,1310,300,wt,False,,1310,,0,,,,,
863757,2024-08-06,20240806_11_11#7B,RANK_7B,"4=1-3,5,2 (axis_sum=1.3)",3,0,0,300,wt,False,,970,,0,,,,,
863634,2024-08-06,20240806_36_04#7B,RANK_7B,"1=4-3,2,5 (axis_sum=1.5)",3,1,520,300,wt,False,,520,,0,,,,,
863718,2024-08-06,20240806_36_08#7B,RANK_7B,"5=1-2,7,3 (axis_sum=1.2)",3,0,0,300,wt,False,,3470,,0,,,,,
863777,2024-08-06,20240806_61_11#7B,RANK_7B,"7=3-5,1,2 (axis_sum=1.3)",3,0,0,300,wt,False,,970,,0,,,,,
863657,2024-08-07,20240807_35_05#7B,RANK_7B,"1=2-4,6,5 (axis_sum=1.2)",3,0,0,300,wt,False,,320,,0,,,,,
863625,2024-08-07,20240807_45_03#7B,RANK_7B,"1=5-3,4,7 (axis_sum=1.6)",3,1,420,300,wt,False,,420,,0,,,,,
863730,2024-08-07,20240807_85_02#7B,RANK_7B,"5=1-7,2,4 (axis_sum=1.6)",3,0,0,300,wt,False,,970,,0,,,,,
863774,2024-08-07,20240807_85_12#7B,RANK_7B,"4=2-1,5,3 (axis_sum=1.1)",3,0,0,300,wt,False,,5920,,0,,,,,
863620,2024-08-08,20240808_13_01#7B,RANK_7B,"5=1-3,7,4 (axis_sum=1.6)",3,0,0,300,wt,False,,17760,,0,,,,,
863763,2024-08-08,20240808_13_03#7B,RANK_7B,"3=1-5,2,4 (axis_sum=1.0)",3,0,0,300,wt,False,,1120,,0,,,,,
863734,2024-08-08,20240808_36_04#7B,RANK_7B,"7=4-1,5,2 (axis_sum=1.4)",3,0,0,300,wt,False,,3120,,0,,,,,
863716,2024-08-08,20240808_45_03#7B,RANK_7B,"1=2-4,6,5 (axis_sum=1.4)",3,1,710,300,wt,False,,710,,0,,,,,
863598,2024-08-08,20240808_51_02#7B,RANK_7B,"1=4-3,7,2 (axis_sum=1.7)",3,0,0,300,wt,False,,130,,0,,,,,
863748,2024-08-09,20240809_13_04#7B,RANK_7B,"4=5-2,7,3 (axis_sum=1.2)",3,0,0,300,wt,False,,380,,0,,,,,
863643,2024-08-09,20240809_35_06#7B,RANK_7B,"1=3-7,5,4 (axis_sum=1.4)",3,0,0,300,wt,False,,5410,,0,,,,,
863597,2024-08-09,20240809_44_06#7B,RANK_7B,"3=1-5,4,2 (axis_sum=1.7)",3,0,0,300,wt,False,,160,,0,,,,,
863667,2024-08-09,20240809_44_08#7B,RANK_7B,"4=5-7,1,2 (axis_sum=1.4)",3,0,0,300,wt,False,,1770,,0,,,,,
863599,2024-08-09,20240809_44_10#7B,RANK_7B,"1=5-7,2,4 (axis_sum=1.7)",3,0,0,300,wt,False,,8840,,0,,,,,
863610,2024-08-09,20240809_45_01#7B,RANK_7B,"1=2-4,5,6 (axis_sum=1.5)",3,0,0,300,wt,False,,420,,0,,,,,
863779,2024-08-10,20240810_11_09#7B,RANK_7B,"1=2-4,6,5 (axis_sum=1.2)",3,0,0,300,wt,False,,1070,,0,,,,,
863726,2024-08-10,20240810_13_05#7B,RANK_7B,"7=3-2,1,4 (axis_sum=1.2)",3,0,0,300,wt,False,,5110,,0,,,,,
863709,2024-08-10,20240810_27_06#7B,RANK_7B,"1=2-4,5,6 (axis_sum=1.4)",3,1,1260,300,wt,False,,1260,,0,,,,,
863768,2024-08-10,20240810_44_01#7B,RANK_7B,"7=1-3,5,6 (axis_sum=1.3)",3,0,0,300,wt,False,,6780,,0,,,,,
863681,2024-08-10,20240810_47_01#7B,RANK_7B,"3=5-1,4,7 (axis_sum=1.4)",3,1,590,300,wt,False,,590,,0,,,,,
863756,2024-08-10,20240810_47_02#7B,RANK_7B,"1=4-6,2,5 (axis_sum=1.6)",3,0,0,300,wt,False,,2830,,0,,,,,
863771,2024-08-10,20240810_47_05#7B,RANK_7B,"2=4-7,3,1 (axis_sum=1.4)",3,0,0,300,wt,False,,1220,,0,,,,,
863678,2024-08-10,20240810_51_03#7B,RANK_7B,"3=2-4,1,6 (axis_sum=1.3)",3,1,1640,300,wt,False,,1640,,0,,,,,
863641,2024-08-11,20240811_11_08#7B,RANK_7B,"1=2-3,5,6 (axis_sum=1.6)",3,1,380,300,wt,False,,380,,0,,,,,
863611,2024-08-11,20240811_23_06#7B,RANK_7B,"7=1-5,3,2 (axis_sum=1.5)",3,1,2280,300,wt,False,,2280,,0,,,,,
863743,2024-08-11,20240811_26_04#7B,RANK_7B,"2=3-7,1,6 (axis_sum=1.1)",3,0,0,300,wt,False,,750,,0,,,,,
863772,2024-08-11,20240811_26_08#7B,RANK_7B,"7=3-5,4,2 (axis_sum=1.0)",3,0,0,300,wt,False,,860,,0,,,,,
863778,2024-08-11,20240811_44_04#7B,RANK_7B,"5=3-2,6,4 (axis_sum=0.9)",3,0,0,300,wt,False,,5760,,0,,,,,
863646,2024-08-11,20240811_47_04#7B,RANK_7B,"3=5-1,2,4 (axis_sum=1.5)",3,0,0,300,wt,False,,1090,,0,,,,,
863669,2024-08-11,20240811_47_11#7B,RANK_7B,"2=3-5,7,1 (axis_sum=1.4)",3,0,0,300,wt,False,,1770,,0,,,,,
863684,2024-08-12,20240812_23_06#7B,RANK_7B,"2=1-4,3,6 (axis_sum=1.5)",3,0,0,300,wt,False,,2340,,0,,,,,
863644,2024-08-12,20240812_26_04#7B,RANK_7B,"2=4-1,5,3 (axis_sum=1.4)",3,1,390,300,wt,False,,390,,0,,,,,
863750,2024-08-12,20240812_26_10#7B,RANK_7B,"4=1-7,5,2 (axis_sum=1.4)",3,1,1440,300,wt,False,,1440,,0,,,,,
863729,2024-08-12,20240812_34_11#7B,RANK_7B,"1=3-2,5,7 (axis_sum=1.4)",3,0,0,300,wt,False,,2160,,0,,,,,
863751,2024-08-12,20240812_34_12#7B,RANK_7B,"3=2-5,4,1 (axis_sum=1.4)",3,1,900,300,wt,False,,900,,0,,,,,
863783,2024-08-12,20240812_47_03#7B,RANK_7B,"2=3-1,5,7 (axis_sum=1.1)",3,1,3260,300,wt,False,,3260,,0,,,,,
863747,2024-08-12,20240812_47_07#7B,RANK_7B,"1=4-5,3,6 (axis_sum=1.2)",3,0,0,300,wt,False,,1340,,0,,,,,
863603,2024-08-13,20240813_12_01#7B,RANK_7B,"7=3-2,5,4 (axis_sum=1.6)",3,0,0,300,wt,False,,110,,0,,,,,
863762,2024-08-13,20240813_45_09#7B,RANK_7B,"1=2-5,7,4 (axis_sum=1.2)",3,0,0,300,wt,False,,7420,,0,,,,,
863661,2024-08-13,20240813_51_09#7B,RANK_7B,"3=5-1,2,7 (axis_sum=1.6)",3,0,0,300,wt,False,,300,,0,,,,,
863676,2024-08-13,20240813_51_11#7B,RANK_7B,"1=5-7,3,2 (axis_sum=1.5)",3,1,1420,300,wt,False,,1420,,0,,,,,
863764,2024-08-13,20240813_51_12#7B,RANK_7B,"2=3-6,7,5 (axis_sum=1.1)",3,1,1320,300,wt,False,,1320,,0,,,,,
863612,2024-08-13,20240813_73_03#7B,RANK_7B,"1=5-7,4,6 (axis_sum=1.8)",3,1,590,300,wt,False,,590,,0,,,,,
863606,2024-08-13,20240813_73_08#7B,RANK_7B,"7=5-1,6,3 (axis_sum=1.5)",3,1,420,300,wt,False,,420,,0,,,,,
863653,2024-08-13,20240813_73_09#7B,RANK_7B,"5=3-7,4,2 (axis_sum=1.5)",3,0,0,300,wt,False,,7130,,0,,,,,
863784,2024-08-13,20240813_73_12#7B,RANK_7B,"1=2-3,7,6 (axis_sum=1.1)",3,0,0,300,wt,False,,1650,,0,,,,,
863668,2024-08-13,20240813_85_01#7B,RANK_7B,"4=3-1,5,7 (axis_sum=1.3)",3,0,0,300,wt,False,,1050,,0,,,,,
863642,2024-08-13,20240813_85_07#7B,RANK_7B,"2=1-5,4,6 (axis_sum=1.7)",3,0,0,300,wt,False,,150,,0,,,,,
863694,2024-08-14,20240814_73_04#7B,RANK_7B,"3=7-2,4,6 (axis_sum=1.4)",3,0,0,300,wt,False,,7210,,0,,,,,
863608,2024-08-14,20240814_73_06#7B,RANK_7B,"2=1-4,6,3 (axis_sum=1.6)",3,1,250,300,wt,False,,250,,0,,,,,
863601,2024-08-14,20240814_85_09#7B,RANK_7B,"2=1-5,4,6 (axis_sum=1.7)",3,0,0,300,wt,False,,120,,0,,,,,
863680,2024-08-15,20240815_12_01#7B,RANK_7B,"4=7-5,3,2 (axis_sum=1.4)",3,0,0,300,wt,False,,160,,0,,,,,
863682,2024-08-15,20240815_45_08#7B,RANK_7B,"2=3-5,6,4 (axis_sum=1.7)",3,1,410,300,wt,False,,410,,0,,,,,
863758,2024-08-15,20240815_51_10#7B,RANK_7B,"7=2-5,1,4 (axis_sum=1.1)",3,0,0,300,wt,False,,360,,0,,,,,
863714,2024-08-15,20240815_73_01#7B,RANK_7B,"1=4-2,3,6 (axis_sum=1.2)",3,0,0,300,wt,False,,1410,,0,,,,,
863744,2024-08-15,20240815_85_09#7B,RANK_7B,"3=2-6,5,4 (axis_sum=1.5)",3,1,1180,300,wt,False,,1180,,0,,,,,
863638,2024-08-16,20240816_21_03#7B,RANK_7B,"2=6-4,3,5 (axis_sum=1.6)",3,0,0,300,wt,False,,380,,0,,,,,
863627,2024-08-16,20240816_22_03#7B,RANK_7B,"2=7-1,4,5 (axis_sum=1.3)",3,0,0,300,wt,False,,970,,0,,,,,
863767,2024-08-16,20240816_42_06#7B,RANK_7B,"1=7-5,2,6 (axis_sum=1.2)",3,1,1610,300,wt,False,,1610,,0,,,,,
863690,2024-08-16,20240816_42_12#7B,RANK_7B,"3=4-2,7,5 (axis_sum=1.4)",3,0,0,300,wt,False,,5280,,0,,,,,
863696,2024-08-17,20240817_42_06#7B,RANK_7B,"4=2-7,5,1 (axis_sum=1.5)",3,1,1350,300,wt,False,,1350,,0,,,,,
863673,2024-08-17,20240817_61_02#7B,RANK_7B,"3=5-2,4,6 (axis_sum=1.2)",3,0,0,300,wt,False,,540,,0,,,,,
863630,2024-08-17,20240817_61_05#7B,RANK_7B,"4=3-1,5,6 (axis_sum=1.6)",3,1,340,300,wt,False,,340,,0,,,,,
863722,2024-08-17,20240817_84_11#7B,RANK_7B,"2=7-4,5,3 (axis_sum=1.4)",3,0,0,300,wt,False,,490,,0,,,,,
863704,2024-08-18,20240818_22_11#7B,RANK_7B,"1=7-2,3,5 (axis_sum=1.5)",3,0,0,300,wt,False,,290,,0,,,,,
863614,2024-08-18,20240818_84_05#7B,RANK_7B,"1=5-3,4,2 (axis_sum=1.5)",3,0,0,300,wt,False,,1220,,0,,,,,
863632,2024-08-18,20240818_84_10#7B,RANK_7B,"7=1-4,5,3 (axis_sum=1.6)",3,0,0,300,wt,False,,1060,,0,,,,,
863693,2024-08-19,20240819_11_01#7B,RANK_7B,"1=5-6,2,4 (axis_sum=1.4)",3,0,0,300,wt,False,,1420,,0,,,,,
863664,2024-08-19,20240819_11_08#7B,RANK_7B,"4=1-5,3,2 (axis_sum=1.6)",3,0,0,300,wt,False,,1030,,0,,,,,
863639,2024-08-19,20240819_11_09#7B,RANK_7B,"2=3-5,4,6 (axis_sum=1.7)",3,1,570,300,wt,False,,570,,0,,,,,
863621,2024-08-19,20240819_12_02#7B,RANK_7B,"3=4-5,2,7 (axis_sum=1.4)",3,0,0,300,wt,False,,500,,0,,,,,
863640,2024-08-19,20240819_12_03#7B,RANK_7B,"7=3-5,4,1 (axis_sum=1.6)",3,1,230,300,wt,False,,230,,0,,,,,
863604,2024-08-19,20240819_12_05#7B,RANK_7B,"2=3-1,7,4 (axis_sum=1.7)",3,1,560,300,wt,False,,560,,0,,,,,
863605,2024-08-19,20240819_86_04#7B,RANK_7B,"1=2-3,4,7 (axis_sum=1.6)",3,0,0,300,wt,False,,130,,0,,,,,
863675,2024-08-20,20240820_11_05#7B,RANK_7B,"5=4-2,3,7 (axis_sum=1.6)",3,0,0,300,wt,False,,250,,0,,,,,
863711,2024-08-20,20240820_12_03#7B,RANK_7B,"2=7-1,3,5 (axis_sum=1.2)",3,0,0,300,wt,False,,3490,,0,,,,,
863724,2024-08-20,20240820_27_03#7B,RANK_7B,"1=3-4,5,7 (axis_sum=1.3)",3,0,0,300,wt,False,,430,,0,,,,,
863766,2024-08-20,20240820_34_01#7B,RANK_7B,"4=3-6,1,7 (axis_sum=1.1)",3,0,0,300,wt,False,,2890,,0,,,,,
863628,2024-08-20,20240820_34_02#7B,RANK_7B,"2=7-4,1,3 (axis_sum=1.6)",3,1,390,300,wt,False,,390,,0,,,,,
863710,2024-08-20,20240820_46_09#7B,RANK_7B,"4=2-7,1,3 (axis_sum=1.3)",3,0,0,300,wt,False,,5310,,0,,,,,
863731,2024-08-20,20240820_56_07#7B,RANK_7B,"2=1-7,3,6 (axis_sum=1.2)",3,0,0,300,wt,False,,890,,0,,,,,
863713,2024-08-20,20240820_56_08#7B,RANK_7B,"1=3-2,7,5 (axis_sum=1.2)",3,0,0,300,wt,False,,910,,0,,,,,
863759,2024-08-21,20240821_11_12#7B,RANK_7B,"1=6-3,5,4 (axis_sum=1.3)",3,1,1730,300,wt,False,,1730,,0,,,,,
863609,2024-08-21,20240821_23_03#7B,RANK_7B,"4=1-7,3,6 (axis_sum=1.7)",3,1,1590,300,wt,False,,1590,,0,,,,,
863745,2024-08-21,20240821_34_08#7B,RANK_7B,"2=7-5,1,6 (axis_sum=1.6)",3,0,0,300,wt,False,,630,,0,,,,,
863660,2024-08-21,20240821_34_09#7B,RANK_7B,"7=4-1,3,6 (axis_sum=1.7)",3,0,0,300,wt,False,,2250,,0,,,,,
863618,2024-08-21,20240821_56_02#7B,RANK_7B,"4=2-7,3,1 (axis_sum=1.6)",3,0,0,300,wt,False,,25660,,0,,,,,
863705,2024-08-21,20240821_56_03#7B,RANK_7B,"1=4-5,2,3 (axis_sum=1.5)",3,0,0,300,wt,False,,3530,,0,,,,,
863769,2024-08-21,20240821_56_09#7B,RANK_7B,"2=4-5,1,3 (axis_sum=1.2)",3,1,830,300,wt,False,,830,,0,,,,,
863607,2024-08-21,20240821_74_03#7B,RANK_7B,"7=2-1,3,5 (axis_sum=1.6)",3,0,0,300,wt,False,,150,,0,,,,,
863746,2024-08-22,20240822_23_10#7B,RANK_7B,"4=1-2,3,7 (axis_sum=1.2)",3,0,0,300,wt,False,,1080,,0,,,,,
863670,2024-08-22,20240822_34_04#7B,RANK_7B,"5=1-7,6,4 (axis_sum=1.5)",3,1,590,300,wt,False,,590,,0,,,,,
863685,2024-08-22,20240822_46_04#7B,RANK_7B,"4=2-7,5,1 (axis_sum=1.3)",3,1,270,300,wt,False,,270,,0,,,,,
863741,2024-08-22,20240822_46_10#7B,RANK_7B,"1=5-3,2,7 (axis_sum=1.5)",3,1,960,300,wt,False,,960,,0,,,,,
863650,2024-08-22,20240822_54_09#7B,RANK_7B,"4=5-7,1,3 (axis_sum=1.4)",3,1,420,300,wt,False,,420,,0,,,,,
863636,2024-08-23,20240823_43_04#7B,RANK_7B,"1=3-4,6,5 (axis_sum=1.7)",3,0,0,300,wt,False,,160,,0,,,,,
863691,2024-08-23,20240823_47_02#7B,RANK_7B,"7=3-1,4,5 (axis_sum=1.3)",3,0,0,300,wt,False,,1670,,0,,,,,
863659,2024-08-23,20240823_47_06#7B,RANK_7B,"1=4-7,5,2 (axis_sum=1.4)",3,0,0,300,wt,False,,2540,,0,,,,,
863656,2024-08-23,20240823_85_12#7B,RANK_7B,"5=1-2,4,7 (axis_sum=1.6)",3,0,0,300,wt,False,,1790,,0,,,,,
863624,2024-08-24,20240824_21_08#7B,RANK_7B,"4=1-5,3,6 (axis_sum=1.5)",3,0,0,300,wt,False,,3790,,0,,,,,
863622,2024-08-24,20240824_47_02#7B,RANK_7B,"3=2-5,1,4 (axis_sum=1.4)",3,0,0,300,wt,False,,2270,,0,,,,,
863773,2024-08-24,20240824_47_04#7B,RANK_7B,"4=5-1,3,7 (axis_sum=1.2)",3,0,0,300,wt,False,,1880,,0,,,,,
863647,2024-08-24,20240824_54_05#7B,RANK_7B,"1=3-5,6,2 (axis_sum=1.6)",3,1,430,300,wt,False,,430,,0,,,,,
863695,2024-08-24,20240824_54_10#7B,RANK_7B,"7=2-1,4,3 (axis_sum=1.7)",3,0,0,300,wt,False,,390,,0,,,,,
863727,2024-08-24,20240824_73_07#7B,RANK_7B,"1=7-3,5,4 (axis_sum=1.4)",3,0,0,300,wt,False,,2260,,0,,,,,
863655,2024-08-24,20240824_85_02#7B,RANK_7B,"5=2-1,3,4 (axis_sum=1.1)",3,1,1110,300,wt,False,,1110,,0,,,,,
863723,2024-08-24,20240824_85_06#7B,RANK_7B,"3=2-7,1,4 (axis_sum=1.3)",3,0,0,300,wt,False,,820,,0,,,,,
863703,2024-08-25,20240825_11_05#7B,RANK_7B,"2=1-3,7,5 (axis_sum=1.3)",3,0,0,300,wt,False,,390,,0,,,,,
863755,2024-08-25,20240825_11_09#7B,RANK_7B,"1=2-3,4,7 (axis_sum=1.3)",3,0,0,300,wt,False,,3480,,0,,,,,
863733,2024-08-25,20240825_21_03#7B,RANK_7B,"3=5-1,6,2 (axis_sum=1.3)",3,0,0,300,wt,False,,3020,,0,,,,,
863619,2024-08-25,20240825_21_12#7B,RANK_7B,"1=5-2,3,7 (axis_sum=1.6)",3,0,0,300,wt,False,,3640,,0,,,,,
863635,2024-08-25,20240825_53_01#7B,RANK_7B,"3=2-4,5,7 (axis_sum=1.4)",3,0,0,300,wt,False,,4760,,0,,,,,
863663,2024-08-25,20240825_53_06#7B,RANK_7B,"1=2-3,5,6 (axis_sum=1.4)",3,1,270,300,wt,False,,270,,0,,,,,
863633,2024-08-26,20240826_12_05#7B,RANK_7B,"5=4-7,3,6 (axis_sum=1.4)",3,0,0,300,wt,False,,1570,,0,,,,,
863708,2024-08-26,20240826_21_06#7B,RANK_7B,"1=2-5,3,6 (axis_sum=1.3)",3,1,460,300,wt,False,,460,,0,,,,,
863687,2024-08-26,20240826_27_03#7B,RANK_7B,"5=2-4,3,1 (axis_sum=1.4)",3,0,0,300,wt,False,,190,,0,,,,,
863671,2024-08-26,20240826_71_01#7B,RANK_7B,"1=7-4,3,2 (axis_sum=1.6)",3,0,0,300,wt,False,,240,,0,,,,,
863683,2024-08-26,20240826_71_02#7B,RANK_7B,"2=1-7,3,5 (axis_sum=1.5)",3,1,510,300,wt,False,,510,,0,,,,,
863700,2024-08-26,20240826_71_06#7B,RANK_7B,"7=3-5,1,4 (axis_sum=1.4)",3,1,430,300,wt,False,,430,,0,,,,,
863760,2024-08-26,20240826_71_11#7B,RANK_7B,"5=4-1,2,6 (axis_sum=1.3)",3,1,830,300,wt,False,,830,,0,,,,,
863698,2024-08-27,20240827_27_06#7B,RANK_7B,"4=7-2,1,5 (axis_sum=1.3)",3,0,0,300,wt,False,,2030,,0,,,,,
863737,2024-08-27,20240827_27_09#7B,RANK_7B,"7=5-1,4,2 (axis_sum=1.3)",3,0,0,300,wt,False,,250,,0,,,,,
863651,2024-08-27,20240827_84_11#7B,RANK_7B,"2=5-4,3,7 (axis_sum=1.4)",3,1,1820,300,wt,False,,1820,,0,,,,,
863719,2024-08-27,20240827_84_12#7B,RANK_7B,"2=4-1,7,3 (axis_sum=1.5)",3,0,0,300,wt,False,,420,,0,,,,,
863652,2024-08-28,20240828_26_06#7B,RANK_7B,"1=6-3,5,4 (axis_sum=1.6)",3,0,0,300,wt,False,,140,,0,,,,,
863631,2024-08-28,20240828_26_08#7B,RANK_7B,"2=1-4,7,5 (axis_sum=1.7)",3,1,300,300,wt,False,,300,,0,,,,,
863645,2024-08-28,20240828_34_06#7B,RANK_7B,"1=5-4,3,6 (axis_sum=1.5)",3,0,0,300,wt,False,,1370,,0,,,,,
863666,2024-08-28,20240828_34_09#7B,RANK_7B,"5=3-2,4,6 (axis_sum=1.4)",3,0,0,300,wt,False,,190,,0,,,,,
863617,2024-08-28,20240828_61_08#7B,RANK_7B,"2=1-6,7,5 (axis_sum=1.6)",3,0,0,300,wt,False,,180,,0,,,,,
863781,2024-08-28,20240828_61_09#7B,RANK_7B,"1=4-6,7,2 (axis_sum=1.4)",3,0,0,300,wt,False,,460,,0,,,,,
863686,2024-08-28,20240828_73_01#7B,RANK_7B,"1=7-4,5,3 (axis_sum=1.5)",3,0,0,300,wt,False,,5000,,0,,,,,
863697,2024-08-28,20240828_73_03#7B,RANK_7B,"4=1-5,2,6 (axis_sum=1.4)",3,1,500,300,wt,False,,500,,0,,,,,
863739,2024-08-28,20240828_73_09#7B,RANK_7B,"4=1-3,7,2 (axis_sum=1.5)",3,1,1060,300,wt,False,,1060,,0,,,,,
863672,2024-08-28,20240828_84_02#7B,RANK_7B,"3=2-7,5,4 (axis_sum=1.2)",3,0,0,300,wt,False,,350,,0,,,,,
863689,2024-08-29,20240829_34_04#7B,RANK_7B,"1=5-3,4,6 (axis_sum=1.4)",3,0,0,300,wt,False,,1900,,0,,,,,
863775,2024-08-29,20240829_34_05#7B,RANK_7B,"1=2-7,5,3 (axis_sum=1.1)",3,0,0,300,wt,False,,830,,0,,,,,
863702,2024-08-29,20240829_73_08#7B,RANK_7B,"1=2-7,5,3 (axis_sum=1.2)",3,0,0,300,wt,False,,400,,0,,,,,
863721,2024-08-29,20240829_73_09#7B,RANK_7B,"5=2-3,1,6 (axis_sum=1.3)",3,1,2670,300,wt,False,,2670,,0,,,,,
863765,2024-08-30,20240830_26_02#7B,RANK_7B,"1=2-3,6,7 (axis_sum=1.1)",3,0,0,300,wt,False,,680,,0,,,,,
863677,2024-08-30,20240830_34_02#7B,RANK_7B,"1=2-5,4,3 (axis_sum=1.4)",3,0,0,300,wt,False,,490,,0,,,,,
863712,2024-08-30,20240830_34_04#7B,RANK_7B,"7=4-3,5,6 (axis_sum=1.4)",3,0,0,300,wt,False,,790,,0,,,,,
863707,2024-08-30,20240830_34_12#7B,RANK_7B,"4=3-5,1,6 (axis_sum=1.4)",3,0,0,300,wt,False,,4250,,0,,,,,
863637,2024-08-30,20240830_61_03#7B,RANK_7B,"1=4-3,5,6 (axis_sum=1.4)",3,0,0,300,wt,False,,300,,0,,,,,
863600,2024-08-31,20240831_28_06#7B,RANK_7B,"6=1-7,3,4 (axis_sum=1.7)",3,0,0,300,wt,False,,180,,0,,,,,
863701,2024-08-31,20240831_28_11#7B,RANK_7B,"1=2-4,3,7 (axis_sum=1.3)",3,0,0,300,wt,False,,340,,0,,,,,
863602,2024-08-31,20240831_37_06#7B,RANK_7B,"3=4-5,1,7 (axis_sum=1.6)",3,0,0,300,wt,False,,150,,0,,,,,
863649,2024-08-31,20240831_55_09#7B,RANK_7B,"7=3-1,2,5 (axis_sum=1.6)",3,0,0,300,wt,False,,370,,0,,,,,
863887,2024-09-01,20240901_22_06#7B,RANK_7B,"3=2-5,6,7 (axis_sum=1.6)",3,0,0,300,wt,False,,2470,,0,,,,,
863871,2024-09-01,20240901_22_09#7B,RANK_7B,"3=2-7,1,4 (axis_sum=1.5)",3,0,0,300,wt,False,,2990,,0,,,,,
863869,2024-09-01,20240901_23_04#7B,RANK_7B,"1=2-7,3,5 (axis_sum=1.7)",3,0,0,300,wt,False,,5500,,0,,,,,
863949,2024-09-01,20240901_37_06#7B,RANK_7B,"2=6-1,4,7 (axis_sum=1.1)",3,0,0,300,wt,False,,6700,,0,,,,,
863902,2024-09-01,20240901_37_08#7B,RANK_7B,"4=7-1,5,6 (axis_sum=1.4)",3,0,0,300,wt,False,,6430,,0,,,,,
863925,2024-09-01,20240901_37_10#7B,RANK_7B,"1=5-4,2,3 (axis_sum=1.2)",3,0,0,300,wt,False,,1870,,0,,,,,
863856,2024-09-01,20240901_53_04#7B,RANK_7B,"1=2-3,5,6 (axis_sum=1.4)",3,0,0,300,wt,False,,4190,,0,,,,,
863952,2024-09-01,20240901_75_10#7B,RANK_7B,"1=7-2,3,6 (axis_sum=1.4)",3,1,520,300,wt,False,,520,,0,,,,,
863968,2024-09-01,20240901_75_12#7B,RANK_7B,"3=1-5,7,4 (axis_sum=1.2)",3,0,0,300,wt,False,,3700,,0,,,,,
863921,2024-09-02,20240902_22_01#7B,RANK_7B,"1=2-3,5,7 (axis_sum=1.2)",3,0,0,300,wt,False,,580,,0,,,,,
863957,2024-09-02,20240902_22_04#7B,RANK_7B,"2=3-1,5,4 (axis_sum=1.1)",3,1,1940,300,wt,False,,1940,,0,,,,,
863866,2024-09-02,20240902_22_05#7B,RANK_7B,"2=4-7,1,3 (axis_sum=1.4)",3,1,240,300,wt,False,,240,,0,,,,,
863907,2024-09-02,20240902_22_06#7B,RANK_7B,"1=2-3,7,4 (axis_sum=1.3)",3,0,0,300,wt,False,,5110,,0,,,,,
863923,2024-09-02,20240902_22_10#7B,RANK_7B,"2=4-5,1,6 (axis_sum=1.4)",3,1,1230,300,wt,False,,1230,,0,,,,,
863908,2024-09-02,20240902_22_12#7B,RANK_7B,"4=2-5,3,7 (axis_sum=1.5)",3,0,0,300,wt,False,,1820,,0,,,,,
863947,2024-09-02,20240902_23_04#7B,RANK_7B,"5=3-2,7,4 (axis_sum=1.2)",3,1,710,300,wt,False,,710,,0,,,,,
863840,2024-09-02,20240902_35_03#7B,RANK_7B,"1=4-5,3,6 (axis_sum=1.4)",3,1,1390,300,wt,False,,1390,,0,,,,,
863910,2024-09-02,20240902_53_02#7B,RANK_7B,"2=1-3,4,5 (axis_sum=1.4)",3,0,0,300,wt,False,,460,,0,,,,,
863830,2024-09-02,20240902_55_04#7B,RANK_7B,"1=3-2,7,5 (axis_sum=1.4)",3,0,0,300,wt,False,,680,,0,,,,,
863896,2024-09-02,20240902_55_11#7B,RANK_7B,"7=3-1,2,5 (axis_sum=1.3)",3,0,0,300,wt,False,,320,,0,,,,,
863853,2024-09-02,20240902_71_01#7B,RANK_7B,"1=5-7,3,4 (axis_sum=1.3)",3,0,0,300,wt,False,,920,,0,,,,,
863855,2024-09-02,20240902_75_01#7B,RANK_7B,"7=3-2,4,6 (axis_sum=1.6)",3,0,0,300,wt,False,,170,,0,,,,,
863885,2024-09-02,20240902_86_05#7B,RANK_7B,"1=5-3,4,6 (axis_sum=1.5)",3,1,240,300,wt,False,,240,,0,,,,,
863824,2024-09-03,20240903_42_01#7B,RANK_7B,"7=1-5,3,2 (axis_sum=1.5)",3,0,0,300,wt,False,,310,,0,,,,,
863862,2024-09-03,20240903_42_02#7B,RANK_7B,"7=2-1,4,5 (axis_sum=1.3)",3,0,0,300,wt,False,,1860,,0,,,,,
863924,2024-09-03,20240903_61_01#7B,RANK_7B,"2=1-5,6,4 (axis_sum=1.3)",3,0,0,300,wt,False,,370,,0,,,,,
863793,2024-09-03,20240903_61_04#7B,RANK_7B,"2=1-5,4,6 (axis_sum=1.8)",3,0,0,300,wt,False,,120,,0,,,,,
863808,2024-09-03,20240903_75_03#7B,RANK_7B,"1=2-5,3,7 (axis_sum=1.5)",3,0,0,300,wt,False,,2130,,0,,,,,
863976,2024-09-03,20240903_75_12#7B,RANK_7B,"1=5-3,7,2 (axis_sum=1.2)",3,0,0,300,wt,False,,2480,,0,,,,,
863967,2024-09-03,20240903_87_08#7B,RANK_7B,"3=1-4,5,2 (axis_sum=1.2)",3,0,0,300,wt,False,,790,,0,,,,,
863913,2024-09-04,20240904_11_01#7B,RANK_7B,"1=2-7,3,5 (axis_sum=1.3)",3,1,760,300,wt,False,,760,,0,,,,,
863915,2024-09-04,20240904_11_03#7B,RANK_7B,"1=3-5,4,6 (axis_sum=1.2)",3,1,1270,300,wt,False,,1270,,0,,,,,
863833,2024-09-04,20240904_42_01#7B,RANK_7B,"3=7-5,2,1 (axis_sum=1.6)",3,1,790,300,wt,False,,790,,0,,,,,
863956,2024-09-05,20240905_11_01#7B,RANK_7B,"2=3-4,6,1 (axis_sum=1.2)",3,1,250,300,wt,False,,250,,0,,,,,
863893,2024-09-05,20240905_21_01#7B,RANK_7B,"1=2-3,7,4 (axis_sum=1.3)",3,0,0,300,wt,False,,4940,,0,,,,,
863937,2024-09-05,20240905_21_05#7B,RANK_7B,"1=6-5,3,4 (axis_sum=1.4)",3,0,0,300,wt,False,,530,,0,,,,,
863810,2024-09-05,20240905_42_10#7B,RANK_7B,"1=2-5,7,4 (axis_sum=1.6)",3,0,0,300,wt,False,,180,,0,,,,,
863875,2024-09-05,20240905_71_01#7B,RANK_7B,"2=5-4,7,1 (axis_sum=1.4)",3,0,0,300,wt,False,,760,,0,,,,,
863787,2024-09-05,20240905_71_06#7B,RANK_7B,"5=7-3,1,6 (axis_sum=1.6)",3,0,0,300,wt,False,,160,,0,,,,,
863892,2024-09-06,20240906_12_05#7B,RANK_7B,"2=5-4,1,3 (axis_sum=1.3)",3,0,0,300,wt,False,,2030,,0,,,,,
863950,2024-09-06,20240906_13_12#7B,RANK_7B,"2=4-1,7,6 (axis_sum=1.5)",3,0,0,300,wt,False,,1630,,0,,,,,
863835,2024-09-06,20240906_71_02#7B,RANK_7B,"4=7-3,5,2 (axis_sum=1.4)",3,0,0,300,wt,False,,190,,0,,,,,
863931,2024-09-06,20240906_73_04#7B,RANK_7B,"2=1-6,3,5 (axis_sum=1.2)",3,0,0,300,wt,False,,7280,,0,,,,,
863798,2024-09-06,20240906_73_05#7B,RANK_7B,"1=2-3,5,6 (axis_sum=1.6)",3,0,0,300,wt,False,,5630,,0,,,,,
863791,2024-09-06,20240906_73_06#7B,RANK_7B,"1=4-3,5,6 (axis_sum=1.6)",3,0,0,300,wt,False,,6040,,0,,,,,
863895,2024-09-06,20240906_86_03#7B,RANK_7B,"1=5-4,7,3 (axis_sum=1.5)",3,0,0,300,wt,False,,460,,0,,,,,
863814,2024-09-06,20240906_86_09#7B,RANK_7B,"4=7-2,3,5 (axis_sum=1.6)",3,0,0,300,wt,False,,150,,0,,,,,
863919,2024-09-07,20240907_28_03#7B,RANK_7B,"1=2-7,4,5 (axis_sum=1.4)",3,0,0,300,wt,False,,3060,,0,,,,,
863876,2024-09-07,20240907_28_12#7B,RANK_7B,"1=7-2,4,3 (axis_sum=1.5)",3,1,1160,300,wt,False,,1160,,0,,,,,
863861,2024-09-07,20240907_47_02#7B,RANK_7B,"1=2-3,4,5 (axis_sum=1.4)",3,0,0,300,wt,False,,940,,0,,,,,
863888,2024-09-07,20240907_71_01#7B,RANK_7B,"5=2-4,1,6 (axis_sum=1.3)",3,0,0,300,wt,False,,1750,,0,,,,,
863852,2024-09-07,20240907_71_03#7B,RANK_7B,"5=1-7,6,2 (axis_sum=1.6)",3,1,340,300,wt,False,,340,,0,,,,,
863917,2024-09-07,20240907_71_07#7B,RANK_7B,"1=3-5,4,7 (axis_sum=1.3)",3,0,0,300,wt,False,,11970,,0,,,,,
863881,2024-09-07,20240907_73_07#7B,RANK_7B,"1=2-4,5,6 (axis_sum=1.5)",3,0,0,300,wt,False,,2520,,0,,,,,
863868,2024-09-07,20240907_86_11#7B,RANK_7B,"4=2-5,7,3 (axis_sum=1.4)",3,0,0,300,wt,False,,2070,,0,,,,,
863939,2024-09-08,20240908_28_11#7B,RANK_7B,"7=1-5,4,2 (axis_sum=1.3)",3,0,0,300,wt,False,,1040,,0,,,,,
863964,2024-09-08,20240908_37_06#7B,RANK_7B,"2=4-7,1,5 (axis_sum=1.2)",3,0,0,300,wt,False,,2150,,0,,,,,
863804,2024-09-08,20240908_37_11#7B,RANK_7B,"7=3-1,2,4 (axis_sum=1.6)",3,0,0,300,wt,False,,110,,0,,,,,
863879,2024-09-08,20240908_47_07#7B,RANK_7B,"4=1-3,5,6 (axis_sum=1.4)",3,0,0,300,wt,False,,690,,0,,,,,
863884,2024-09-08,20240908_86_08#7B,RANK_7B,"5=1-7,2,3 (axis_sum=1.4)",3,0,0,300,wt,False,,3970,,0,,,,,
863974,2024-09-08,20240908_86_12#7B,RANK_7B,"5=1-3,4,7 (axis_sum=1.2)",3,0,0,300,wt,False,,1470,,0,,,,,
863883,2024-09-09,20240909_12_04#7B,RANK_7B,"3=2-4,5,7 (axis_sum=1.4)",3,1,530,300,wt,False,,530,,0,,,,,
863841,2024-09-09,20240909_12_06#7B,RANK_7B,"2=1-3,6,5 (axis_sum=1.4)",3,1,450,300,wt,False,,450,,0,,,,,
863812,2024-09-09,20240909_21_08#7B,RANK_7B,"2=1-4,5,7 (axis_sum=1.7)",3,0,0,300,wt,False,,150,,0,,,,,
863938,2024-09-09,20240909_37_12#7B,RANK_7B,"2=5-4,7,3 (axis_sum=1.4)",3,1,960,300,wt,False,,960,,0,,,,,
863825,2024-09-09,20240909_45_06#7B,RANK_7B,"7=1-2,5,3 (axis_sum=1.5)",3,0,0,300,wt,False,,4850,,0,,,,,
863927,2024-09-09,20240909_61_06#7B,RANK_7B,"7=3-5,4,2 (axis_sum=1.1)",3,1,520,300,wt,False,,520,,0,,,,,
863909,2024-09-10,20240910_21_05#7B,RANK_7B,"1=2-3,6,4 (axis_sum=1.5)",3,0,0,300,wt,False,,230,,0,,,,,
863863,2024-09-10,20240910_21_07#7B,RANK_7B,"2=1-4,5,6 (axis_sum=1.5)",3,0,0,300,wt,False,,540,,0,,,,,
863873,2024-09-10,20240910_45_02#7B,RANK_7B,"7=5-4,2,3 (axis_sum=1.2)",3,0,0,300,wt,False,,410,,0,,,,,
863816,2024-09-10,20240910_45_03#7B,RANK_7B,"4=1-7,3,2 (axis_sum=1.7)",3,0,0,300,wt,False,,4280,,0,,,,,
863806,2024-09-10,20240910_46_04#7B,RANK_7B,"7=1-3,4,2 (axis_sum=1.7)",3,0,0,300,wt,False,,1480,,0,,,,,
863916,2024-09-10,20240910_46_12#7B,RANK_7B,"5=7-2,3,4 (axis_sum=1.5)",3,0,0,300,wt,False,,210,,0,,,,,
863796,2024-09-11,20240911_21_01#7B,RANK_7B,"1=2-4,5,6 (axis_sum=1.5)",3,1,1770,300,wt,False,,1770,,0,,,,,
863926,2024-09-11,20240911_21_04#7B,RANK_7B,"2=1-3,5,4 (axis_sum=1.4)",3,0,0,300,wt,False,,200,,0,,,,,
863854,2024-09-11,20240911_45_07#7B,RANK_7B,"1=2-7,3,5 (axis_sum=1.4)",3,0,0,300,wt,False,,380,,0,,,,,
863941,2024-09-11,20240911_45_09#7B,RANK_7B,"4=3-2,1,7 (axis_sum=1.3)",3,0,0,300,wt,False,,1250,,0,,,,,
863933,2024-09-11,20240911_45_10#7B,RANK_7B,"4=1-5,3,7 (axis_sum=1.4)",3,0,0,300,wt,False,,2370,,0,,,,,
863890,2024-09-11,20240911_51_04#7B,RANK_7B,"7=1-2,3,6 (axis_sum=1.3)",3,0,0,300,wt,False,,9940,,0,,,,,
863948,2024-09-11,20240911_61_03#7B,RANK_7B,"3=1-4,5,2 (axis_sum=1.3)",3,0,0,300,wt,False,,520,,0,,,,,
863859,2024-09-11,20240911_61_05#7B,RANK_7B,"3=4-5,7,2 (axis_sum=1.4)",3,0,0,300,wt,False,,170,,0,,,,,
863894,2024-09-11,20240911_61_11#7B,RANK_7B,"5=3-4,1,7 (axis_sum=1.6)",3,1,530,300,wt,False,,530,,0,,,,,
863969,2024-09-12,20240912_46_12#7B,RANK_7B,"2=6-1,3,7 (axis_sum=1.3)",3,0,0,300,wt,False,,1020,,0,,,,,
863878,2024-09-12,20240912_47_09#7B,RANK_7B,"2=1-4,5,6 (axis_sum=1.4)",3,0,0,300,wt,False,,370,,0,,,,,
863789,2024-09-12,20240912_83_01#7B,RANK_7B,"1=2-4,5,6 (axis_sum=1.8)",3,0,0,300,wt,False,,170,,0,,,,,
863813,2024-09-12,20240912_83_07#7B,RANK_7B,"1=2-4,5,7 (axis_sum=1.6)",3,0,0,300,wt,False,,200,,0,,,,,
863943,2024-09-12,20240912_84_07#7B,RANK_7B,"1=2-6,5,3 (axis_sum=1.4)",3,0,0,300,wt,False,,2470,,0,,,,,
863944,2024-09-12,20240912_84_09#7B,RANK_7B,"3=1-4,2,6 (axis_sum=1.3)",3,0,0,300,wt,False,,880,,0,,,,,
863960,2024-09-12,20240912_84_10#7B,RANK_7B,"4=6-3,2,7 (axis_sum=1.3)",3,0,0,300,wt,False,,430,,0,,,,,
863953,2024-09-13,20240913_11_08#7B,RANK_7B,"1=2-7,5,4 (axis_sum=1.2)",3,0,0,300,wt,False,,3880,,0,,,,,
863864,2024-09-13,20240913_31_03#7B,RANK_7B,"2=4-1,5,3 (axis_sum=1.5)",3,1,510,300,wt,False,,510,,0,,,,,
863886,2024-09-13,20240913_31_08#7B,RANK_7B,"2=7-1,3,5 (axis_sum=1.3)",3,1,1170,300,wt,False,,1170,,0,,,,,
863934,2024-09-13,20240913_47_08#7B,RANK_7B,"1=2-3,5,6 (axis_sum=1.2)",3,0,0,300,wt,False,,860,,0,,,,,
863905,2024-09-14,20240914_11_12#7B,RANK_7B,"3=1-2,4,6 (axis_sum=1.5)",3,1,780,300,wt,False,,780,,0,,,,,
863904,2024-09-14,20240914_13_10#7B,RANK_7B,"2=7-1,4,3 (axis_sum=1.4)",3,0,0,300,wt,False,,250,,0,,,,,
863891,2024-09-14,20240914_87_03#7B,RANK_7B,"1=3-4,7,2 (axis_sum=1.5)",3,1,280,300,wt,False,,280,,0,,,,,
863945,2024-09-15,20240915_13_03#7B,RANK_7B,"1=7-3,4,5 (axis_sum=1.3)",3,0,0,300,wt,False,,1350,,0,,,,,
863872,2024-09-15,20240915_13_08#7B,RANK_7B,"3=5-1,7,6 (axis_sum=1.5)",3,1,1990,300,wt,False,,1990,,0,,,,,
863817,2024-09-15,20240915_22_04#7B,RANK_7B,"7=3-4,1,2 (axis_sum=1.8)",3,0,0,300,wt,False,,140,,0,,,,,
863906,2024-09-16,20240916_13_03#7B,RANK_7B,"2=1-4,3,5 (axis_sum=1.4)",3,0,0,300,wt,False,,2460,,0,,,,,
863792,2024-09-16,20240916_35_06#7B,RANK_7B,"4=2-1,3,5 (axis_sum=1.7)",3,0,0,300,wt,False,,140,,0,,,,,
863959,2024-09-16,20240916_35_09#7B,RANK_7B,"5=4-1,3,2 (axis_sum=1.4)",3,0,0,300,wt,False,,760,,0,,,,,
863962,2024-09-16,20240916_35_11#7B,RANK_7B,"2=7-5,1,4 (axis_sum=1.4)",3,0,0,300,wt,False,,440,,0,,,,,
863928,2024-09-17,20240917_12_04#7B,RANK_7B,"1=2-7,4,6 (axis_sum=1.4)",3,0,0,300,wt,False,,760,,0,,,,,
863911,2024-09-17,20240917_35_08#7B,RANK_7B,"1=2-5,3,4 (axis_sum=1.2)",3,0,0,300,wt,False,,4200,,0,,,,,
863954,2024-09-17,20240917_35_10#7B,RANK_7B,"3=1-7,5,4 (axis_sum=1.3)",3,0,0,300,wt,False,,1380,,0,,,,,
863846,2024-09-17,20240917_47_01#7B,RANK_7B,"5=2-1,3,4 (axis_sum=1.4)",3,0,0,300,wt,False,,3450,,0,,,,,
863823,2024-09-18,20240918_27_04#7B,RANK_7B,"3=5-4,2,7 (axis_sum=1.6)",3,1,840,300,wt,False,,840,,0,,,,,
863914,2024-09-18,20240918_31_03#7B,RANK_7B,"1=2-3,5,6 (axis_sum=1.4)",3,0,0,300,wt,False,,2550,,0,,,,,
863829,2024-09-18,20240918_31_06#7B,RANK_7B,"1=4-3,5,6 (axis_sum=1.6)",3,1,470,300,wt,False,,470,,0,,,,,
863832,2024-09-18,20240918_47_04#7B,RANK_7B,"2=7-1,5,3 (axis_sum=1.5)",3,0,0,300,wt,False,,410,,0,,,,,
863838,2024-09-18,20240918_47_09#7B,RANK_7B,"5=7-1,4,3 (axis_sum=1.3)",3,0,0,300,wt,False,,1520,,0,,,,,
863867,2024-09-18,20240918_51_09#7B,RANK_7B,"3=2-1,7,4 (axis_sum=1.5)",3,1,1040,300,wt,False,,1040,,0,,,,,
863842,2024-09-18,20240918_51_10#7B,RANK_7B,"5=4-7,3,2 (axis_sum=1.7)",3,0,0,300,wt,False,,230,,0,,,,,
863819,2024-09-19,20240919_11_02#7B,RANK_7B,"1=4-7,2,6 (axis_sum=1.5)",3,0,0,300,wt,False,,1760,,0,,,,,
863811,2024-09-19,20240919_11_06#7B,RANK_7B,"1=2-3,5,6 (axis_sum=1.7)",3,1,1000,300,wt,False,,1000,,0,,,,,
863851,2024-09-19,20240919_25_03#7B,RANK_7B,"4=3-2,7,5 (axis_sum=1.3)",3,0,0,300,wt,False,,800,,0,,,,,
863930,2024-09-19,20240919_27_12#7B,RANK_7B,"5=2-7,4,6 (axis_sum=1.2)",3,0,0,300,wt,False,,1310,,0,,,,,
863936,2024-09-19,20240919_46_10#7B,RANK_7B,"4=2-1,3,6 (axis_sum=1.4)",3,0,0,300,wt,False,,2960,,0,,,,,
863963,2024-09-19,20240919_46_11#7B,RANK_7B,"4=1-3,2,7 (axis_sum=1.2)",3,0,0,300,wt,False,,3810,,0,,,,,
863821,2024-09-19,20240919_47_07#7B,RANK_7B,"4=1-5,2,3 (axis_sum=1.7)",3,0,0,300,wt,False,,150,,0,,,,,
863965,2024-09-19,20240919_51_10#7B,RANK_7B,"5=7-4,2,3 (axis_sum=1.2)",3,0,0,300,wt,False,,1530,,0,,,,,
863955,2024-09-19,20240919_74_06#7B,RANK_7B,"5=7-1,4,6 (axis_sum=1.3)",3,0,0,300,wt,False,,10600,,0,,,,,
863805,2024-09-20,20240920_25_06#7B,RANK_7B,"2=4-1,3,6 (axis_sum=1.6)",3,0,0,300,wt,False,,8910,,0,,,,,
863961,2024-09-20,20240920_31_09#7B,RANK_7B,"1=2-4,5,7 (axis_sum=1.3)",3,0,0,300,wt,False,,2050,,0,,,,,
863837,2024-09-20,20240920_51_02#7B,RANK_7B,"2=5-1,4,3 (axis_sum=1.3)",3,0,0,300,wt,False,,10380,,0,,,,,
863849,2024-09-20,20240920_85_03#7B,RANK_7B,"4=1-7,3,5 (axis_sum=1.4)",3,0,0,300,wt,False,,5910,,0,,,,,
863966,2024-09-21,20240921_36_05#7B,RANK_7B,"5=2-3,7,4 (axis_sum=1.2)",3,0,0,300,wt,False,,33710,,0,,,,,
863880,2024-09-21,20240921_36_11#7B,RANK_7B,"4=1-3,7,6 (axis_sum=1.4)",3,0,0,300,wt,False,,2140,,0,,,,,
863815,2024-09-21,20240921_75_01#7B,RANK_7B,"4=7-2,1,5 (axis_sum=1.4)",3,0,0,300,wt,False,,1030,,0,,,,,
863958,2024-09-22,20240922_24_07#7B,RANK_7B,"1=3-5,2,7 (axis_sum=1.2)",3,0,0,300,wt,False,,730,,0,,,,,
863865,2024-09-22,20240922_36_02#7B,RANK_7B,"3=5-4,1,7 (axis_sum=1.6)",3,0,0,300,wt,False,,1500,,0,,,,,
863899,2024-09-22,20240922_36_04#7B,RANK_7B,"5=3-4,2,7 (axis_sum=1.4)",3,0,0,300,wt,False,,530,,0,,,,,
863850,2024-09-22,20240922_36_09#7B,RANK_7B,"3=1-5,2,4 (axis_sum=1.5)",3,0,0,300,wt,False,,410,,0,,,,,
863848,2024-09-22,20240922_73_09#7B,RANK_7B,"1=4-5,7,2 (axis_sum=1.5)",3,0,0,300,wt,False,,3670,,0,,,,,
863795,2024-09-22,20240922_73_11#7B,RANK_7B,"1=4-5,3,2 (axis_sum=1.7)",3,0,0,300,wt,False,,110,,0,,,,,
863785,2024-09-22,20240922_75_03#7B,RANK_7B,"3=4-2,7,1 (axis_sum=1.6)",3,0,0,300,wt,False,,130,,0,,,,,
863797,2024-09-22,20240922_75_11#7B,RANK_7B,"1=5-6,3,4 (axis_sum=1.7)",3,0,0,300,wt,False,,230,,0,,,,,
863860,2024-09-22,20240922_75_12#7B,RANK_7B,"5=3-4,1,2 (axis_sum=1.6)",3,0,0,300,wt,False,,260,,0,,,,,
863839,2024-09-22,20240922_86_02#7B,RANK_7B,"1=5-7,4,3 (axis_sum=1.4)",3,0,0,300,wt,False,,360,,0,,,,,
863900,2024-09-22,20240922_86_03#7B,RANK_7B,"5=7-1,2,3 (axis_sum=1.3)",3,0,0,300,wt,False,,560,,0,,,,,
863882,2024-09-22,20240922_86_05#7B,RANK_7B,"1=3-5,4,7 (axis_sum=1.7)",3,0,0,300,wt,False,,3670,,0,,,,,
863920,2024-09-23,20240923_21_07#7B,RANK_7B,"1=5-4,3,6 (axis_sum=1.3)",3,0,0,300,wt,False,,1040,,0,,,,,
863971,2024-09-23,20240923_36_11#7B,RANK_7B,"7=1-3,2,6 (axis_sum=1.6)",3,0,0,300,wt,False,,190,,0,,,,,
863857,2024-09-23,20240923_86_07#7B,RANK_7B,"7=3-4,1,2 (axis_sum=1.7)",3,0,0,300,wt,False,,2250,,0,,,,,
863790,2024-09-23,20240923_87_01#7B,RANK_7B,"1=2-4,5,6 (axis_sum=1.6)",3,1,520,300,wt,False,,520,,0,,,,,
863828,2024-09-23,20240923_87_04#7B,RANK_7B,"2=1-3,4,5 (axis_sum=1.3)",3,0,0,300,wt,False,,350,,0,,,,,
863818,2024-09-24,20240924_21_01#7B,RANK_7B,"7=2-1,3,6 (axis_sum=1.7)",3,0,0,300,wt,False,,180,,0,,,,,
863799,2024-09-24,20240924_34_06#7B,RANK_7B,"1=2-3,4,6 (axis_sum=1.7)",3,0,0,300,wt,False,,2570,,0,,,,,
863977,2024-09-24,20240924_34_07#7B,RANK_7B,"1=2-3,7,6 (axis_sum=1.1)",3,0,0,300,wt,False,,880,,0,,,,,
863807,2024-09-25,20240925_11_03#7B,RANK_7B,"2=5-4,1,7 (axis_sum=1.7)",3,1,1920,300,wt,False,,1920,,0,,,,,
863800,2024-09-25,20240925_11_11#7B,RANK_7B,"5=1-4,7,3 (axis_sum=1.6)",3,0,0,300,wt,False,,160,,0,,,,,
863877,2024-09-25,20240925_21_08#7B,RANK_7B,"1=5-3,7,2 (axis_sum=1.5)",3,1,1330,300,wt,False,,1330,,0,,,,,
863822,2024-09-25,20240925_28_03#7B,RANK_7B,"2=4-3,7,6 (axis_sum=1.5)",3,0,0,300,wt,False,,830,,0,,,,,
863844,2024-09-26,20240926_28_04#7B,RANK_7B,"4=5-1,7,2 (axis_sum=1.5)",3,0,0,300,wt,False,,3910,,0,,,,,
863858,2024-09-26,20240926_48_02#7B,RANK_7B,"1=5-2,6,3 (axis_sum=1.6)",3,0,0,300,wt,False,,7740,,0,,,,,
863970,2024-09-26,20240926_48_05#7B,RANK_7B,"4=1-5,3,7 (axis_sum=1.3)",3,0,0,300,wt,False,,7290,,0,,,,,
863901,2024-09-26,20240926_51_02#7B,RANK_7B,"7=4-2,6,3 (axis_sum=1.6)",3,0,0,300,wt,False,,1330,,0,,,,,
863946,2024-09-26,20240926_51_11#7B,RANK_7B,"5=1-4,3,2 (axis_sum=1.3)",3,0,0,300,wt,False,,8170,,0,,,,,
863801,2024-09-26,20240926_86_02#7B,RANK_7B,"3=5-4,7,2 (axis_sum=1.7)",3,0,0,300,wt,False,,2940,,0,,,,,
863942,2024-09-27,20240927_28_04#7B,RANK_7B,"2=7-6,1,5 (axis_sum=1.5)",3,0,0,300,wt,False,,1710,,0,,,,,
863834,2024-09-27,20240927_35_02#7B,RANK_7B,"3=7-1,4,5 (axis_sum=1.5)",3,0,0,300,wt,False,,390,,0,,,,,
863929,2024-09-27,20240927_35_08#7B,RANK_7B,"2=3-4,1,7 (axis_sum=1.3)",3,0,0,300,wt,False,,1290,,0,,,,,
863903,2024-09-27,20240927_35_09#7B,RANK_7B,"2=7-4,1,5 (axis_sum=1.4)",3,1,270,300,wt,False,,270,,0,,,,,
863836,2024-09-27,20240927_47_03#7B,RANK_7B,"1=2-4,5,6 (axis_sum=1.4)",3,0,0,300,wt,False,,290,,0,,,,,
863922,2024-09-27,20240927_47_06#7B,RANK_7B,"1=4-2,3,6 (axis_sum=1.3)",3,1,290,300,wt,False,,290,,0,,,,,
863912,2024-09-27,20240927_47_09#7B,RANK_7B,"1=2-5,4,6 (axis_sum=1.5)",3,0,0,300,wt,False,,2960,,0,,,,,
863932,2024-09-27,20240927_48_09#7B,RANK_7B,"4=5-7,3,2 (axis_sum=1.4)",3,0,0,300,wt,False,,2110,,0,,,,,
863803,2024-09-27,20240927_56_07#7B,RANK_7B,"2=1-5,4,6 (axis_sum=1.6)",3,0,0,300,wt,False,,130,,0,,,,,
863975,2024-09-27,20240927_56_09#7B,RANK_7B,"4=1-2,5,6 (axis_sum=1.3)",3,0,0,300,wt,False,,4940,,0,,,,,
863870,2024-09-27,20240927_86_03#7B,RANK_7B,"3=5-2,4,6 (axis_sum=1.6)",3,1,250,300,wt,False,,250,,0,,,,,
863935,2024-09-27,20240927_86_05#7B,RANK_7B,"5=7-1,4,2 (axis_sum=1.4)",3,0,0,300,wt,False,,1460,,0,,,,,
863847,2024-09-27,20240927_86_06#7B,RANK_7B,"7=1-5,3,4 (axis_sum=1.4)",3,1,390,300,wt,False,,390,,0,,,,,
863898,2024-09-27,20240927_86_07#7B,RANK_7B,"1=5-4,2,3 (axis_sum=1.4)",3,1,710,300,wt,False,,710,,0,,,,,
863951,2024-09-28,20240928_35_08#7B,RANK_7B,"4=7-5,2,1 (axis_sum=1.3)",3,1,560,300,wt,False,,560,,0,,,,,
863940,2024-09-28,20240928_48_12#7B,RANK_7B,"2=1-5,7,3 (axis_sum=1.2)",3,0,0,300,wt,False,,3420,,0,,,,,
863786,2024-09-28,20240928_55_07#7B,RANK_7B,"1=4-6,7,2 (axis_sum=1.8)",3,1,550,300,wt,False,,550,,0,,,,,
863809,2024-09-28,20240928_56_05#7B,RANK_7B,"3=1-7,5,6 (axis_sum=1.7)",3,0,0,300,wt,False,,7810,,0,,,,,
863788,2024-09-29,20240929_21_02#7B,RANK_7B,"5=1-7,2,6 (axis_sum=1.7)",3,0,0,300,wt,False,,130,,0,,,,,
863802,2024-09-29,20240929_21_09#7B,RANK_7B,"1=5-3,4,6 (axis_sum=1.6)",3,0,0,300,wt,False,,6550,,0,,,,,
863826,2024-09-29,20240929_34_03#7B,RANK_7B,"1=7-5,4,3 (axis_sum=1.4)",3,0,0,300,wt,False,,710,,0,,,,,
863794,2024-09-29,20240929_34_06#7B,RANK_7B,"7=3-1,2,5 (axis_sum=1.6)",3,0,0,300,wt,False,,5050,,0,,,,,
863972,2024-09-29,20240929_47_09#7B,RANK_7B,"2=1-3,6,5 (axis_sum=1.4)",3,0,0,300,wt,False,,1850,,0,,,,,
863897,2024-09-29,20240929_56_06#7B,RANK_7B,"1=2-6,4,7 (axis_sum=1.4)",3,0,0,300,wt,False,,2780,,0,,,,,
863874,2024-09-29,20240929_73_07#7B,RANK_7B,"1=4-3,5,7 (axis_sum=1.5)",3,0,0,300,wt,False,,1670,,0,,,,,
863827,2024-09-29,20240929_73_09#7B,RANK_7B,"1=7-3,5,2 (axis_sum=1.7)",3,0,0,300,wt,False,,200,,0,,,,,
863831,2024-09-29,20240929_83_01#7B,RANK_7B,"1=4-7,2,6 (axis_sum=1.7)",3,1,1020,300,wt,False,,1020,,0,,,,,
863889,2024-09-30,20240930_21_06#7B,RANK_7B,"1=2-5,3,4 (axis_sum=1.4)",3,0,0,300,wt,False,,420,,0,,,,,
863973,2024-09-30,20240930_34_10#7B,RANK_7B,"3=7-2,5,4 (axis_sum=1.3)",3,0,0,300,wt,False,,2310,,0,,,,,
863845,2024-09-30,20240930_55_08#7B,RANK_7B,"4=1-2,5,3 (axis_sum=1.6)",3,0,0,300,wt,False,,3530,,0,,,,,
863843,2024-09-30,20240930_75_03#7B,RANK_7B,"1=2-4,5,6 (axis_sum=1.4)",3,0,0,300,wt,False,,5450,,0,,,,,
863820,2024-09-30,20240930_75_04#7B,RANK_7B,"1=2-5,4,6 (axis_sum=1.6)",3,1,210,300,wt,False,,210,,0,,,,,
863918,2024-09-30,20240930_83_02#7B,RANK_7B,"1=5-2,3,6 (axis_sum=1.5)",3,0,0,300,wt,False,,1270,,0,,,,,
864151,2024-10-01,20241001_21_03#7B,RANK_7B,"7=5-4,3,2 (axis_sum=1.1)",3,0,0,300,wt,False,,2900,,0,,,,,
864100,2024-10-01,20241001_21_09#7B,RANK_7B,"3=5-4,7,6 (axis_sum=1.3)",3,0,0,300,wt,False,,1340,,0,,,,,
864018,2024-10-01,20241001_28_01#7B,RANK_7B,"7=2-5,3,1 (axis_sum=1.5)",3,0,0,300,wt,False,,270,,0,,,,,
864056,2024-10-01,20241001_28_03#7B,RANK_7B,"3=7-4,6,2 (axis_sum=1.3)",3,0,0,300,wt,False,,1440,,0,,,,,
864101,2024-10-01,20241001_36_01#7B,RANK_7B,"7=1-4,5,6 (axis_sum=1.5)",3,0,0,300,wt,False,,2130,,0,,,,,
864171,2024-10-01,20241001_42_03#7B,RANK_7B,"3=5-7,6,4 (axis_sum=1.2)",3,0,0,300,wt,False,,2960,,0,,,,,
864152,2024-10-01,20241001_42_04#7B,RANK_7B,"2=7-5,6,3 (axis_sum=1.1)",3,0,0,300,wt,False,,1590,,0,,,,,
864022,2024-10-01,20241001_42_07#7B,RANK_7B,"5=2-7,4,3 (axis_sum=1.9)",3,0,0,300,wt,False,,200,,0,,,,,
864147,2024-10-01,20241001_45_03#7B,RANK_7B,"1=2-3,4,6 (axis_sum=1.2)",3,0,0,300,wt,False,,1620,,0,,,,,
864087,2024-10-01,20241001_45_06#7B,RANK_7B,"1=2-4,5,6 (axis_sum=1.5)",3,0,0,300,wt,False,,360,,0,,,,,
864044,2024-10-01,20241001_47_04#7B,RANK_7B,"5=1-3,7,6 (axis_sum=1.5)",3,1,660,300,wt,False,,660,,0,,,,,
864066,2024-10-01,20241001_47_05#7B,RANK_7B,"2=1-7,5,3 (axis_sum=1.7)",3,0,0,300,wt,False,,630,,0,,,,,
864015,2024-10-01,20241001_47_09#7B,RANK_7B,"7=1-4,2,3 (axis_sum=1.7)",3,0,0,300,wt,False,,330,,0,,,,,
863995,2024-10-01,20241001_47_10#7B,RANK_7B,"1=5-3,2,7 (axis_sum=1.7)",3,0,0,300,wt,False,,170,,0,,,,,
864045,2024-10-01,20241001_75_05#7B,RANK_7B,"2=3-4,5,6 (axis_sum=1.5)",3,0,0,300,wt,False,,740,,0,,,,,
864067,2024-10-02,20241002_11_03#7B,RANK_7B,"3=1-4,7,2 (axis_sum=1.4)",3,0,0,300,wt,False,,1980,,0,,,,,
864116,2024-10-02,20241002_36_02#7B,RANK_7B,"4=2-1,7,5 (axis_sum=1.4)",3,0,0,300,wt,False,,11320,,0,,,,,
864140,2024-10-02,20241002_75_01#7B,RANK_7B,"1=2-4,5,7 (axis_sum=1.2)",3,0,0,300,wt,False,,850,,0,,,,,
864130,2024-10-02,20241002_75_06#7B,RANK_7B,"1=2-5,3,6 (axis_sum=1.3)",3,0,0,300,wt,False,,1670,,0,,,,,
864117,2024-10-02,20241002_86_05#7B,RANK_7B,"1=2-5,4,6 (axis_sum=1.6)",3,0,0,300,wt,False,,520,,0,,,,,
864105,2024-10-03,20241003_11_08#7B,RANK_7B,"7=2-4,1,3 (axis_sum=1.4)",3,0,0,300,wt,False,,400,,0,,,,,
864071,2024-10-03,20241003_12_01#7B,RANK_7B,"2=5-1,4,6 (axis_sum=1.3)",3,0,0,300,wt,False,,840,,0,,,,,
864032,2024-10-03,20241003_12_02#7B,RANK_7B,"1=2-4,5,6 (axis_sum=1.4)",3,0,0,300,wt,False,,1730,,0,,,,,
864125,2024-10-03,20241003_28_08#7B,RANK_7B,"1=2-5,4,3 (axis_sum=1.6)",3,0,0,300,wt,False,,490,,0,,,,,
864027,2024-10-03,20241003_42_11#7B,RANK_7B,"1=5-7,2,6 (axis_sum=1.7)",3,1,1590,300,wt,False,,1590,,0,,,,,
864034,2024-10-03,20241003_47_02#7B,RANK_7B,"4=1-3,2,5 (axis_sum=1.6)",3,0,0,300,wt,False,,150,,0,,,,,
864025,2024-10-03,20241003_47_04#7B,RANK_7B,"2=5-1,7,6 (axis_sum=1.5)",3,0,0,300,wt,False,,370,,0,,,,,
864051,2024-10-03,20241003_47_09#7B,RANK_7B,"1=4-7,2,3 (axis_sum=1.6)",3,1,980,300,wt,False,,980,,0,,,,,
864131,2024-10-04,20241004_12_05#7B,RANK_7B,"2=3-4,5,6 (axis_sum=1.3)",3,0,0,300,wt,False,,4030,,0,,,,,
864031,2024-10-04,20241004_24_07#7B,RANK_7B,"2=1-4,5,6 (axis_sum=1.8)",3,0,0,300,wt,False,,360,,0,,,,,
864153,2024-10-04,20241004_42_07#7B,RANK_7B,"3=5-7,1,2 (axis_sum=1.3)",3,0,0,300,wt,False,,13500,,0,,,,,
864004,2024-10-05,20241005_23_04#7B,RANK_7B,"4=2-7,5,6 (axis_sum=1.5)",3,1,1260,300,wt,False,,1260,,0,,,,,
864165,2024-10-05,20241005_23_05#7B,RANK_7B,"2=7-4,1,5 (axis_sum=1.4)",3,0,0,300,wt,False,,3370,,0,,,,,
864038,2024-10-05,20241005_24_03#7B,RANK_7B,"1=2-4,5,6 (axis_sum=1.5)",3,0,0,300,wt,False,,380,,0,,,,,
863983,2024-10-05,20241005_24_06#7B,RANK_7B,"2=1-5,4,6 (axis_sum=1.7)",3,0,0,300,wt,False,,110,,0,,,,,
864172,2024-10-05,20241005_42_08#7B,RANK_7B,"2=4-7,6,3 (axis_sum=1.2)",3,0,0,300,wt,False,,8070,,0,,,,,
864161,2024-10-05,20241005_42_10#7B,RANK_7B,"1=7-5,4,6 (axis_sum=1.4)",3,0,0,300,wt,False,,3500,,0,,,,,
863994,2024-10-06,20241006_46_04#7B,RANK_7B,"1=7-3,4,6 (axis_sum=1.6)",3,0,0,300,wt,False,,140,,0,,,,,
864164,2024-10-06,20241006_46_05#7B,RANK_7B,"4=5-1,7,3 (axis_sum=1.3)",3,0,0,300,wt,False,,3000,,0,,,,,
864072,2024-10-06,20241006_46_10#7B,RANK_7B,"2=5-3,1,4 (axis_sum=1.5)",3,0,0,300,wt,False,,190,,0,,,,,
864005,2024-10-06,20241006_48_05#7B,RANK_7B,"1=2-4,7,6 (axis_sum=1.6)",3,0,0,300,wt,False,,1280,,0,,,,,
863986,2024-10-06,20241006_48_06#7B,RANK_7B,"1=2-6,4,5 (axis_sum=1.6)",3,0,0,300,wt,False,,580,,0,,,,,
864023,2024-10-06,20241006_48_07#7B,RANK_7B,"3=1-4,6,5 (axis_sum=1.7)",3,0,0,300,wt,False,,340,,0,,,,,
864173,2024-10-06,20241006_83_09#7B,RANK_7B,"1=7-4,5,3 (axis_sum=1.3)",3,1,1420,300,wt,False,,1420,,0,,,,,
864170,2024-10-07,20241007_35_03#7B,RANK_7B,"2=5-1,7,4 (axis_sum=1.2)",3,0,0,300,wt,False,,6020,,0,,,,,
864160,2024-10-07,20241007_35_10#7B,RANK_7B,"4=7-3,1,5 (axis_sum=1.2)",3,0,0,300,wt,False,,2490,,0,,,,,
864121,2024-10-07,20241007_48_07#7B,RANK_7B,"1=3-4,5,6 (axis_sum=1.3)",3,0,0,300,wt,False,,990,,0,,,,,
864128,2024-10-07,20241007_48_09#7B,RANK_7B,"2=1-3,4,5 (axis_sum=1.5)",3,0,0,300,wt,False,,490,,0,,,,,
863982,2024-10-07,20241007_61_07#7B,RANK_7B,"2=1-4,3,5 (axis_sum=1.8)",3,0,0,300,wt,False,,200,,0,,,,,
864026,2024-10-07,20241007_61_08#7B,RANK_7B,"2=4-3,7,1 (axis_sum=1.3)",3,0,0,300,wt,False,,240,,0,,,,,
864137,2024-10-07,20241007_83_07#7B,RANK_7B,"1=3-6,4,5 (axis_sum=1.4)",3,0,0,300,wt,False,,1530,,0,,,,,
864057,2024-10-08,20241008_26_04#7B,RANK_7B,"2=7-5,3,4 (axis_sum=1.6)",3,0,0,300,wt,False,,530,,0,,,,,
864144,2024-10-08,20241008_35_04#7B,RANK_7B,"1=3-2,5,4 (axis_sum=1.3)",3,0,0,300,wt,False,,2990,,0,,,,,
864090,2024-10-08,20241008_35_06#7B,RANK_7B,"4=5-3,7,1 (axis_sum=1.5)",3,1,1630,300,wt,False,,1630,,0,,,,,
864139,2024-10-08,20241008_35_08#7B,RANK_7B,"1=7-2,4,5 (axis_sum=1.3)",3,0,0,300,wt,False,,4190,,0,,,,,
864037,2024-10-08,20241008_48_03#7B,RANK_7B,"1=2-3,5,6 (axis_sum=1.4)",3,1,500,300,wt,False,,500,,0,,,,,
864141,2024-10-08,20241008_48_06#7B,RANK_7B,"1=2-6,3,4 (axis_sum=1.3)",3,0,0,300,wt,False,,7680,,0,,,,,
864122,2024-10-08,20241008_55_01#7B,RANK_7B,"3=1-5,2,7 (axis_sum=1.2)",3,0,0,300,wt,False,,3810,,0,,,,,
864132,2024-10-09,20241009_26_11#7B,RANK_7B,"7=1-5,2,3 (axis_sum=1.5)",3,0,0,300,wt,False,,310,,0,,,,,
864118,2024-10-09,20241009_26_12#7B,RANK_7B,"1=5-3,7,4 (axis_sum=1.5)",3,1,700,300,wt,False,,700,,0,,,,,
863985,2024-10-09,20241009_47_06#7B,RANK_7B,"2=3-4,5,7 (axis_sum=1.5)",3,1,240,300,wt,False,,240,,0,,,,,
864157,2024-10-09,20241009_47_09#7B,RANK_7B,"1=3-6,4,5 (axis_sum=1.2)",3,0,0,300,wt,False,,5790,,0,,,,,
864110,2024-10-09,20241009_55_10#7B,RANK_7B,"5=7-4,2,3 (axis_sum=1.3)",3,0,0,300,wt,False,,430,,0,,,,,
864055,2024-10-09,20241009_61_03#7B,RANK_7B,"4=3-7,1,6 (axis_sum=1.4)",3,1,830,300,wt,False,,830,,0,,,,,
864156,2024-10-09,20241009_61_10#7B,RANK_7B,"5=3-6,1,7 (axis_sum=1.4)",3,0,0,300,wt,False,,3890,,0,,,,,
864035,2024-10-09,20241009_61_11#7B,RANK_7B,"3=5-1,7,2 (axis_sum=1.6)",3,0,0,300,wt,False,,660,,0,,,,,
864088,2024-10-09,20241009_81_01#7B,RANK_7B,"7=5-1,3,2 (axis_sum=1.6)",3,0,0,300,wt,False,,7230,,0,,,,,
864092,2024-10-09,20241009_81_09#7B,RANK_7B,"7=3-1,4,2 (axis_sum=1.5)",3,0,0,300,wt,False,,3340,,0,,,,,
863980,2024-10-10,20241010_24_02#7B,RANK_7B,"1=2-4,5,6 (axis_sum=1.7)",3,0,0,300,wt,False,,150,,0,,,,,
864009,2024-10-10,20241010_24_06#7B,RANK_7B,"4=2-1,3,7 (axis_sum=1.7)",3,0,0,300,wt,False,,3510,,0,,,,,
864048,2024-10-10,20241010_24_09#7B,RANK_7B,"1=2-3,4,6 (axis_sum=1.6)",3,0,0,300,wt,False,,180,,0,,,,,
864098,2024-10-10,20241010_55_03#7B,RANK_7B,"5=1-2,3,4 (axis_sum=1.6)",3,1,760,300,wt,False,,760,,0,,,,,
864123,2024-10-10,20241010_55_06#7B,RANK_7B,"7=3-4,5,6 (axis_sum=1.4)",3,1,440,300,wt,False,,440,,0,,,,,
864076,2024-10-10,20241010_63_06#7B,RANK_7B,"2=7-1,3,5 (axis_sum=1.6)",3,0,0,300,wt,False,,21060,,0,,,,,
864163,2024-10-10,20241010_81_03#7B,RANK_7B,"1=3-4,5,2 (axis_sum=1.2)",3,0,0,300,wt,False,,870,,0,,,,,
863997,2024-10-10,20241010_81_06#7B,RANK_7B,"1=7-4,2,5 (axis_sum=1.6)",3,0,0,300,wt,False,,130,,0,,,,,
864042,2024-10-11,20241011_47_08#7B,RANK_7B,"1=2-4,6,5 (axis_sum=1.7)",3,1,1630,300,wt,False,,1630,,0,,,,,
864003,2024-10-11,20241011_51_11#7B,RANK_7B,"1=2-7,5,3 (axis_sum=1.5)",3,1,2230,300,wt,False,,2230,,0,,,,,
864086,2024-10-11,20241011_63_02#7B,RANK_7B,"3=7-2,4,1 (axis_sum=1.3)",3,0,0,300,wt,False,,6300,,0,,,,,
864001,2024-10-12,20241012_13_08#7B,RANK_7B,"2=1-3,4,6 (axis_sum=1.5)",3,0,0,300,wt,False,,160,,0,,,,,
864119,2024-10-12,20241012_51_10#7B,RANK_7B,"2=7-1,5,6 (axis_sum=1.3)",3,0,0,300,wt,False,,3950,,0,,,,,
864093,2024-10-12,20241012_51_11#7B,RANK_7B,"2=7-5,3,4 (axis_sum=1.5)",3,0,0,300,wt,False,,3240,,0,,,,,
864008,2024-10-12,20241012_51_12#7B,RANK_7B,"1=4-5,7,6 (axis_sum=1.7)",3,0,0,300,wt,False,,3430,,0,,,,,
863988,2024-10-12,20241012_75_07#7B,RANK_7B,"1=2-4,5,6 (axis_sum=1.6)",3,0,0,300,wt,False,,170,,0,,,,,
864063,2024-10-13,20241013_13_05#7B,RANK_7B,"2=7-1,5,4 (axis_sum=1.3)",3,0,0,300,wt,False,,580,,0,,,,,
864135,2024-10-13,20241013_13_09#7B,RANK_7B,"4=1-3,6,5 (axis_sum=1.3)",3,0,0,300,wt,False,,560,,0,,,,,
863979,2024-10-13,20241013_51_04#7B,RANK_7B,"3=7-1,5,6 (axis_sum=1.7)",3,0,0,300,wt,False,,120,,0,,,,,
864104,2024-10-13,20241013_51_08#7B,RANK_7B,"1=7-5,3,6 (axis_sum=1.4)",3,0,0,300,wt,False,,1060,,0,,,,,
864146,2024-10-13,20241013_75_07#7B,RANK_7B,"1=6-2,3,4 (axis_sum=1.4)",3,0,0,300,wt,False,,4140,,0,,,,,
864033,2024-10-13,20241013_86_02#7B,RANK_7B,"4=6-2,7,5 (axis_sum=1.7)",3,1,240,300,wt,False,,240,,0,,,,,
863992,2024-10-14,20241014_42_02#7B,RANK_7B,"5=3-1,4,7 (axis_sum=1.8)",3,1,460,300,wt,False,,460,,0,,,,,
864050,2024-10-14,20241014_46_05#7B,RANK_7B,"3=1-7,4,6 (axis_sum=1.6)",3,0,0,300,wt,False,,2690,,0,,,,,
864136,2024-10-15,20241015_12_05#7B,RANK_7B,"5=7-2,1,4 (axis_sum=1.5)",3,1,320,300,wt,False,,320,,0,,,,,
864079,2024-10-15,20241015_12_10#7B,RANK_7B,"5=7-2,3,4 (axis_sum=1.4)",3,0,0,300,wt,False,,440,,0,,,,,
864069,2024-10-15,20241015_46_06#7B,RANK_7B,"7=5-2,3,4 (axis_sum=1.4)",3,0,0,300,wt,False,,1520,,0,,,,,
864062,2024-10-15,20241015_46_09#7B,RANK_7B,"5=1-2,7,3 (axis_sum=1.5)",3,0,0,300,wt,False,,2800,,0,,,,,
863990,2024-10-15,20241015_55_09#7B,RANK_7B,"5=1-4,7,2 (axis_sum=1.5)",3,1,1180,300,wt,False,,1180,,0,,,,,
863991,2024-10-15,20241015_55_10#7B,RANK_7B,"5=7-3,2,4 (axis_sum=1.6)",3,0,0,300,wt,False,,110,,0,,,,,
864065,2024-10-16,20241016_12_09#7B,RANK_7B,"1=2-3,4,5 (axis_sum=1.4)",3,0,0,300,wt,False,,350,,0,,,,,
863984,2024-10-16,20241016_31_01#7B,RANK_7B,"1=2-4,5,7 (axis_sum=1.7)",3,0,0,300,wt,False,,120,,0,,,,,
864074,2024-10-16,20241016_61_05#7B,RANK_7B,"4=1-2,7,6 (axis_sum=1.4)",3,0,0,300,wt,False,,2370,,0,,,,,
864075,2024-10-17,20241017_48_08#7B,RANK_7B,"1=2-7,3,5 (axis_sum=1.5)",3,0,0,300,wt,False,,900,,0,,,,,
864111,2024-10-17,20241017_48_12#7B,RANK_7B,"1=2-3,5,7 (axis_sum=1.4)",3,0,0,300,wt,False,,390,,0,,,,,
864028,2024-10-18,20241018_11_09#7B,RANK_7B,"2=4-1,3,5 (axis_sum=1.7)",3,0,0,300,wt,False,,1070,,0,,,,,
864041,2024-10-18,20241018_75_06#7B,RANK_7B,"3=5-4,1,7 (axis_sum=1.6)",3,0,0,300,wt,False,,2530,,0,,,,,
864029,2024-10-18,20241018_84_09#7B,RANK_7B,"7=2-4,1,3 (axis_sum=1.6)",3,0,0,300,wt,False,,1170,,0,,,,,
864142,2024-10-19,20241019_11_09#7B,RANK_7B,"7=3-5,4,2 (axis_sum=1.3)",3,0,0,300,wt,False,,1860,,0,,,,,
863999,2024-10-19,20241019_24_07#7B,RANK_7B,"3=7-4,2,5 (axis_sum=1.6)",3,0,0,300,wt,False,,1280,,0,,,,,
864097,2024-10-19,20241019_56_05#7B,RANK_7B,"2=1-5,7,3 (axis_sum=1.4)",3,0,0,300,wt,False,,3500,,0,,,,,
864058,2024-10-19,20241019_71_01#7B,RANK_7B,"3=1-2,7,4 (axis_sum=1.4)",3,0,0,300,wt,False,,470,,0,,,,,
864084,2024-10-19,20241019_84_04#7B,RANK_7B,"5=4-2,1,6 (axis_sum=1.5)",3,1,1100,300,wt,False,,1100,,0,,,,,
864007,2024-10-20,20241020_11_03#7B,RANK_7B,"1=4-5,3,2 (axis_sum=1.7)",3,1,780,300,wt,False,,780,,0,,,,,
864012,2024-10-20,20241020_11_08#7B,RANK_7B,"3=5-4,2,6 (axis_sum=1.6)",3,0,0,300,wt,False,,1380,,0,,,,,
864096,2024-10-20,20241020_24_01#7B,RANK_7B,"7=2-1,5,3 (axis_sum=1.5)",3,0,0,300,wt,False,,1590,,0,,,,,
864081,2024-10-20,20241020_24_05#7B,RANK_7B,"4=2-7,5,3 (axis_sum=1.4)",3,0,0,300,wt,False,,2300,,0,,,,,
864145,2024-10-20,20241020_56_05#7B,RANK_7B,"5=1-7,4,2 (axis_sum=1.2)",3,0,0,300,wt,False,,470,,0,,,,,
864150,2024-10-20,20241020_56_08#7B,RANK_7B,"1=6-5,7,3 (axis_sum=1.4)",3,0,0,300,wt,False,,13160,,0,,,,,
864154,2024-10-20,20241020_56_10#7B,RANK_7B,"2=6-1,3,5 (axis_sum=1.3)",3,1,600,300,wt,False,,600,,0,,,,,
864126,2024-10-20,20241020_75_03#7B,RANK_7B,"4=2-7,1,5 (axis_sum=1.5)",3,0,0,300,wt,False,,810,,0,,,,,
864061,2024-10-20,20241020_75_05#7B,RANK_7B,"1=4-7,6,5 (axis_sum=1.6)",3,1,1070,300,wt,False,,1070,,0,,,,,
864085,2024-10-20,20241020_75_11#7B,RANK_7B,"2=1-5,3,7 (axis_sum=1.5)",3,1,1420,300,wt,False,,1420,,0,,,,,
864002,2024-10-20,20241020_87_05#7B,RANK_7B,"1=2-3,5,6 (axis_sum=1.7)",3,0,0,300,wt,False,,1840,,0,,,,,
864083,2024-10-20,20241020_87_06#7B,RANK_7B,"2=1-3,5,6 (axis_sum=1.6)",3,0,0,300,wt,False,,18190,,0,,,,,
864053,2024-10-21,20241021_26_04#7B,RANK_7B,"1=2-3,6,5 (axis_sum=1.4)",3,0,0,300,wt,False,,3150,,0,,,,,
864054,2024-10-21,20241021_43_05#7B,RANK_7B,"1=2-4,5,6 (axis_sum=1.5)",3,0,0,300,wt,False,,1810,,0,,,,,
864021,2024-10-21,20241021_43_07#7B,RANK_7B,"2=1-4,5,6 (axis_sum=1.7)",3,0,0,300,wt,False,,420,,0,,,,,
864077,2024-10-21,20241021_71_02#7B,RANK_7B,"4=5-1,3,7 (axis_sum=1.3)",3,1,820,300,wt,False,,820,,0,,,,,
864138,2024-10-21,20241021_83_07#7B,RANK_7B,"1=3-4,7,5 (axis_sum=1.3)",3,0,0,300,wt,False,,2970,,0,,,,,
864039,2024-10-22,20241022_26_06#7B,RANK_7B,"3=4-1,6,5 (axis_sum=1.3)",3,0,0,300,wt,False,,240,,0,,,,,
864102,2024-10-22,20241022_26_08#7B,RANK_7B,"1=4-2,5,6 (axis_sum=1.6)",3,0,0,300,wt,False,,180,,0,,,,,
864011,2024-10-22,20241022_28_09#7B,RANK_7B,"3=4-1,7,2 (axis_sum=1.4)",3,0,0,300,wt,False,,630,,0,,,,,
864036,2024-10-22,20241022_31_01#7B,RANK_7B,"1=7-5,3,2 (axis_sum=1.6)",3,1,4730,300,wt,False,,4730,,0,,,,,
863978,2024-10-22,20241022_43_02#7B,RANK_7B,"1=2-4,5,6 (axis_sum=1.7)",3,1,500,300,wt,False,,500,,0,,,,,
864070,2024-10-22,20241022_43_06#7B,RANK_7B,"1=2-4,5,6 (axis_sum=1.4)",3,0,0,300,wt,False,,390,,0,,,,,
864106,2024-10-22,20241022_43_07#7B,RANK_7B,"1=3-2,5,6 (axis_sum=1.5)",3,1,3950,300,wt,False,,3950,,0,,,,,
864155,2024-10-22,20241022_63_10#7B,RANK_7B,"4=2-5,3,1 (axis_sum=1.4)",3,1,1520,300,wt,False,,1520,,0,,,,,
864046,2024-10-23,20241023_12_01#7B,RANK_7B,"3=5-1,4,6 (axis_sum=1.4)",3,1,750,300,wt,False,,750,,0,,,,,
864068,2024-10-23,20241023_26_03#7B,RANK_7B,"1=4-2,6,5 (axis_sum=1.5)",3,1,540,300,wt,False,,540,,0,,,,,
864017,2024-10-23,20241023_26_07#7B,RANK_7B,"2=1-4,5,6 (axis_sum=1.7)",3,0,0,300,wt,False,,10040,,0,,,,,
864124,2024-10-23,20241023_63_06#7B,RANK_7B,"2=4-7,5,3 (axis_sum=1.2)",3,0,0,300,wt,False,,1650,,0,,,,,
864158,2024-10-23,20241023_83_03#7B,RANK_7B,"3=2-7,1,5 (axis_sum=1.4)",3,0,0,300,wt,False,,320,,0,,,,,
864108,2024-10-23,20241023_83_04#7B,RANK_7B,"5=4-3,7,2 (axis_sum=1.3)",3,0,0,300,wt,False,,270,,0,,,,,
864064,2024-10-23,20241023_83_05#7B,RANK_7B,"3=1-4,7,2 (axis_sum=1.4)",3,1,2720,300,wt,False,,2720,,0,,,,,
864078,2024-10-24,20241024_12_02#7B,RANK_7B,"7=5-3,2,1 (axis_sum=1.4)",3,1,720,300,wt,False,,720,,0,,,,,
864103,2024-10-24,20241024_12_03#7B,RANK_7B,"1=4-2,5,7 (axis_sum=1.4)",3,1,310,300,wt,False,,310,,0,,,,,
864149,2024-10-24,20241024_12_05#7B,RANK_7B,"5=2-3,4,1 (axis_sum=1.5)",3,0,0,300,wt,False,,490,,0,,,,,
864094,2024-10-24,20241024_28_03#7B,RANK_7B,"1=7-4,3,5 (axis_sum=1.4)",3,0,0,300,wt,False,,760,,0,,,,,
864159,2024-10-24,20241024_28_10#7B,RANK_7B,"2=4-5,3,1 (axis_sum=1.2)",3,0,0,300,wt,False,,3910,,0,,,,,
864148,2024-10-24,20241024_31_04#7B,RANK_7B,"7=1-2,4,5 (axis_sum=1.1)",3,1,1620,300,wt,False,,1620,,0,,,,,
864030,2024-10-24,20241024_47_01#7B,RANK_7B,"1=3-4,5,6 (axis_sum=1.3)",3,0,0,300,wt,False,,1230,,0,,,,,
863987,2024-10-24,20241024_84_05#7B,RANK_7B,"1=2-4,6,5 (axis_sum=1.6)",3,0,0,300,wt,False,,7470,,0,,,,,
864080,2024-10-24,20241024_87_04#7B,RANK_7B,"3=7-5,1,6 (axis_sum=1.3)",3,0,0,300,wt,False,,550,,0,,,,,
864143,2024-10-25,20241025_12_08#7B,RANK_7B,"7=1-5,2,3 (axis_sum=1.4)",3,0,0,300,wt,False,,1790,,0,,,,,
864010,2024-10-25,20241025_12_10#7B,RANK_7B,"2=7-4,6,5 (axis_sum=1.8)",3,0,0,300,wt,False,,240,,0,,,,,
863981,2024-10-25,20241025_35_06#7B,RANK_7B,"5=6-1,2,7 (axis_sum=1.8)",3,0,0,300,wt,False,,180,,0,,,,,
864120,2024-10-25,20241025_35_11#7B,RANK_7B,"2=7-4,5,1 (axis_sum=1.3)",3,0,0,300,wt,False,,6370,,0,,,,,
864014,2024-10-25,20241025_73_04#7B,RANK_7B,"1=7-5,2,3 (axis_sum=1.8)",3,0,0,300,wt,False,,9700,,0,,,,,
864168,2024-10-25,20241025_73_12#7B,RANK_7B,"1=5-2,6,3 (axis_sum=1.3)",3,0,0,300,wt,False,,7180,,0,,,,,
864167,2024-10-25,20241025_84_06#7B,RANK_7B,"1=2-5,7,4 (axis_sum=1.3)",3,0,0,300,wt,False,,620,,0,,,,,
864013,2024-10-26,20241026_47_06#7B,RANK_7B,"2=3-4,5,6 (axis_sum=1.6)",3,1,230,300,wt,False,,230,,0,,,,,
864006,2024-10-26,20241026_75_07#7B,RANK_7B,"2=1-6,3,5 (axis_sum=1.8)",3,0,0,300,wt,False,,620,,0,,,,,
864043,2024-10-26,20241026_84_02#7B,RANK_7B,"3=1-2,4,6 (axis_sum=1.6)",3,0,0,300,wt,False,,200,,0,,,,,
864060,2024-10-26,20241026_87_03#7B,RANK_7B,"4=2-7,1,6 (axis_sum=1.6)",3,1,330,300,wt,False,,330,,0,,,,,
864049,2024-10-27,20241027_35_06#7B,RANK_7B,"4=5-1,2,7 (axis_sum=1.3)",3,0,0,300,wt,False,,2110,,0,,,,,
864127,2024-10-27,20241027_35_12#7B,RANK_7B,"2=7-5,3,6 (axis_sum=1.4)",3,1,1500,300,wt,False,,1500,,0,,,,,
864019,2024-10-27,20241027_37_08#7B,RANK_7B,"2=1-3,5,6 (axis_sum=1.7)",3,1,520,300,wt,False,,520,,0,,,,,
864047,2024-10-27,20241027_46_11#7B,RANK_7B,"7=2-4,5,3 (axis_sum=1.8)",3,0,0,300,wt,False,,1350,,0,,,,,
864052,2024-10-27,20241027_53_08#7B,RANK_7B,"4=1-3,6,2 (axis_sum=1.5)",3,1,2670,300,wt,False,,2670,,0,,,,,
864095,2024-10-27,20241027_73_04#7B,RANK_7B,"4=7-2,6,3 (axis_sum=1.6)",3,1,840,300,wt,False,,840,,0,,,,,
864000,2024-10-27,20241027_83_07#7B,RANK_7B,"2=1-7,3,4 (axis_sum=1.7)",3,0,0,300,wt,False,,6070,,0,,,,,
864024,2024-10-28,20241028_11_02#7B,RANK_7B,"2=7-3,1,4 (axis_sum=1.6)",3,0,0,300,wt,False,,1960,,0,,,,,
864073,2024-10-28,20241028_37_07#7B,RANK_7B,"1=4-3,5,6 (axis_sum=1.5)",3,0,0,300,wt,False,,210,,0,,,,,
864091,2024-10-28,20241028_53_01#7B,RANK_7B,"4=7-1,2,5 (axis_sum=1.4)",3,0,0,300,wt,False,,840,,0,,,,,
864089,2024-10-29,20241029_11_08#7B,RANK_7B,"1=3-4,7,2 (axis_sum=1.3)",3,0,0,300,wt,False,,350,,0,,,,,
864115,2024-10-29,20241029_12_05#7B,RANK_7B,"5=3-4,7,1 (axis_sum=1.4)",3,0,0,300,wt,False,,12950,,0,,,,,
864162,2024-10-29,20241029_53_02#7B,RANK_7B,"2=3-5,1,7 (axis_sum=1.4)",3,1,590,300,wt,False,,590,,0,,,,,
864099,2024-10-29,20241029_53_09#7B,RANK_7B,"7=1-4,5,2 (axis_sum=1.5)",3,0,0,300,wt,False,,1340,,0,,,,,
864016,2024-10-29,20241029_71_04#7B,RANK_7B,"5=1-7,3,2 (axis_sum=1.7)",3,1,880,300,wt,False,,880,,0,,,,,
864174,2024-10-29,20241029_83_03#7B,RANK_7B,"1=2-4,3,7 (axis_sum=1.2)",3,0,0,300,wt,False,,4260,,0,,,,,
864114,2024-10-29,20241029_83_06#7B,RANK_7B,"2=1-4,5,6 (axis_sum=1.5)",3,0,0,300,wt,False,,630,,0,,,,,
864113,2024-10-30,20241030_11_06#7B,RANK_7B,"1=3-2,5,7 (axis_sum=1.4)",3,0,0,300,wt,False,,3700,,0,,,,,
864166,2024-10-30,20241030_11_12#7B,RANK_7B,"4=1-5,3,2 (axis_sum=1.3)",3,1,700,300,wt,False,,700,,0,,,,,
864133,2024-10-30,20241030_12_07#7B,RANK_7B,"1=4-2,7,3 (axis_sum=1.7)",3,1,490,300,wt,False,,490,,0,,,,,
863996,2024-10-30,20241030_21_10#7B,RANK_7B,"2=7-1,4,3 (axis_sum=1.6)",3,0,0,300,wt,False,,120,,0,,,,,
864059,2024-10-30,20241030_31_02#7B,RANK_7B,"5=1-7,3,6 (axis_sum=1.3)",3,0,0,300,wt,False,,230,,0,,,,,
864020,2024-10-30,20241030_31_03#7B,RANK_7B,"5=1-7,2,3 (axis_sum=1.7)",3,0,0,300,wt,False,,250,,0,,,,,
864129,2024-10-30,20241030_31_10#7B,RANK_7B,"1=5-3,7,2 (axis_sum=1.6)",3,0,0,300,wt,False,,1180,,0,,,,,
864169,2024-10-30,20241030_31_12#7B,RANK_7B,"5=7-3,6,4 (axis_sum=1.4)",3,1,3140,300,wt,False,,3140,,0,,,,,
864082,2024-10-30,20241030_46_12#7B,RANK_7B,"2=7-5,4,3 (axis_sum=1.6)",3,0,0,300,wt,False,,990,,0,,,,,
863989,2024-10-30,20241030_48_03#7B,RANK_7B,"2=3-5,4,6 (axis_sum=1.5)",3,1,1060,300,wt,False,,1060,,0,,,,,
864112,2024-10-30,20241030_71_09#7B,RANK_7B,"7=3-2,5,1 (axis_sum=1.2)",3,0,0,300,wt,False,,560,,0,,,,,
863993,2024-10-31,20241031_21_03#7B,RANK_7B,"2=4-5,1,6 (axis_sum=1.8)",3,0,0,300,wt,False,,250,,0,,,,,
864107,2024-10-31,20241031_22_03#7B,RANK_7B,"1=2-5,4,6 (axis_sum=1.4)",3,0,0,300,wt,False,,680,,0,,,,,
864109,2024-10-31,20241031_22_05#7B,RANK_7B,"1=2-3,6,5 (axis_sum=1.4)",3,1,680,300,wt,False,,680,,0,,,,,
864040,2024-10-31,20241031_31_04#7B,RANK_7B,"5=4-2,7,3 (axis_sum=1.6)",3,0,0,300,wt,False,,24150,,0,,,,,
863998,2024-10-31,20241031_46_02#7B,RANK_7B,"7=3-4,2,5 (axis_sum=1.5)",3,0,0,300,wt,False,,1060,,0,,,,,
864134,2024-10-31,20241031_47_06#7B,RANK_7B,"1=6-2,5,4 (axis_sum=1.5)",3,0,0,300,wt,False,,340,,0,,,,,
864175,2024-11-01,20241101_26_06#7B,RANK_7B,"3=7-4,6,5 (axis_sum=1.8)",3,1,890,300,wt,False,,890,,0,,,,,
864300,2024-11-01,20241101_26_08#7B,RANK_7B,"5=4-1,3,6 (axis_sum=1.5)",3,0,0,300,wt,False,,4050,,0,,,,,
864363,2024-11-01,20241101_26_12#7B,RANK_7B,"2=7-6,5,3 (axis_sum=1.3)",3,1,2400,300,wt,False,,2400,,0,,,,,
864185,2024-11-01,20241101_42_11#7B,RANK_7B,"5=4-1,3,7 (axis_sum=1.6)",3,0,0,300,wt,False,,3560,,0,,,,,
864246,2024-11-01,20241101_85_01#7B,RANK_7B,"2=7-5,4,1 (axis_sum=1.4)",3,0,0,300,wt,False,,11010,,0,,,,,
864193,2024-11-01,20241101_85_02#7B,RANK_7B,"4=2-3,1,5 (axis_sum=1.4)",3,0,0,300,wt,False,,280,,0,,,,,
864261,2024-11-02,20241102_42_01#7B,RANK_7B,"5=3-1,2,4 (axis_sum=1.2)",3,0,0,300,wt,False,,1630,,0,,,,,
864317,2024-11-02,20241102_55_06#7B,RANK_7B,"1=4-2,3,5 (axis_sum=1.4)",3,0,0,300,wt,False,,6270,,0,,,,,
864290,2024-11-03,20241103_26_11#7B,RANK_7B,"6=2-1,5,4 (axis_sum=1.5)",3,0,0,300,wt,False,,350,,0,,,,,
864310,2024-11-03,20241103_27_05#7B,RANK_7B,"1=2-5,4,6 (axis_sum=1.5)",3,0,0,300,wt,False,,310,,0,,,,,
864263,2024-11-03,20241103_37_05#7B,RANK_7B,"1=2-6,7,4 (axis_sum=1.8)",3,1,280,300,wt,False,,280,,0,,,,,
864269,2024-11-03,20241103_42_08#7B,RANK_7B,"1=2-7,5,6 (axis_sum=1.6)",3,0,0,300,wt,False,,6230,,0,,,,,
864256,2024-11-04,20241104_27_05#7B,RANK_7B,"1=3-4,5,6 (axis_sum=1.4)",3,0,0,300,wt,False,,20100,,0,,,,,
864326,2024-11-04,20241104_35_08#7B,RANK_7B,"2=7-1,3,4 (axis_sum=1.2)",3,0,0,300,wt,False,,1260,,0,,,,,
864345,2024-11-04,20241104_37_03#7B,RANK_7B,"2=1-4,5,6 (axis_sum=1.3)",3,0,0,300,wt,False,,940,,0,,,,,
864212,2024-11-04,20241104_47_08#7B,RANK_7B,"4=7-1,5,2 (axis_sum=1.5)",3,1,480,300,wt,False,,480,,0,,,,,
864218,2024-11-04,20241104_47_10#7B,RANK_7B,"5=1-4,7,3 (axis_sum=1.5)",3,0,0,300,wt,False,,200,,0,,,,,
864288,2024-11-05,20241105_12_04#7B,RANK_7B,"5=1-2,3,4 (axis_sum=1.4)",3,0,0,300,wt,False,,640,,0,,,,,
864281,2024-11-05,20241105_35_01#7B,RANK_7B,"1=3-2,5,4 (axis_sum=1.5)",3,0,0,300,wt,False,,170,,0,,,,,
864260,2024-11-05,20241105_47_05#7B,RANK_7B,"7=3-4,1,6 (axis_sum=1.8)",3,1,390,300,wt,False,,390,,0,,,,,
864209,2024-11-05,20241105_56_03#7B,RANK_7B,"4=2-1,5,7 (axis_sum=1.5)",3,0,0,300,wt,False,,180,,0,,,,,
864179,2024-11-05,20241105_56_04#7B,RANK_7B,"4=1-7,3,2 (axis_sum=1.7)",3,1,760,300,wt,False,,760,,0,,,,,
864321,2024-11-05,20241105_56_05#7B,RANK_7B,"1=5-4,7,2 (axis_sum=1.5)",3,1,1760,300,wt,False,,1760,,0,,,,,
864229,2024-11-06,20241106_21_02#7B,RANK_7B,"1=4-7,5,2 (axis_sum=1.5)",3,1,1200,300,wt,False,,1200,,0,,,,,
864254,2024-11-06,20241106_21_03#7B,RANK_7B,"5=1-2,3,7 (axis_sum=1.6)",3,1,610,300,wt,False,,610,,0,,,,,
864283,2024-11-06,20241106_31_05#7B,RANK_7B,"1=3-4,5,6 (axis_sum=1.4)",3,0,0,300,wt,False,,3790,,0,,,,,
864344,2024-11-06,20241106_35_04#7B,RANK_7B,"1=5-2,7,4 (axis_sum=1.4)",3,0,0,300,wt,False,,1590,,0,,,,,
864233,2024-11-06,20241106_44_06#7B,RANK_7B,"3=2-1,4,5 (axis_sum=1.6)",3,1,470,300,wt,False,,470,,0,,,,,
864200,2024-11-06,20241106_47_07#7B,RANK_7B,"5=3-1,4,2 (axis_sum=1.4)",3,0,0,300,wt,False,,2080,,0,,,,,
864357,2024-11-06,20241106_47_09#7B,RANK_7B,"3=7-4,2,1 (axis_sum=1.3)",3,0,0,300,wt,False,,1990,,0,,,,,
864207,2024-11-06,20241106_56_02#7B,RANK_7B,"1=7-5,3,6 (axis_sum=1.5)",3,0,0,300,wt,False,,10340,,0,,,,,
864316,2024-11-06,20241106_84_04#7B,RANK_7B,"7=2-5,4,3 (axis_sum=1.3)",3,1,610,300,wt,False,,610,,0,,,,,
864332,2024-11-07,20241107_21_01#7B,RANK_7B,"7=2-1,3,5 (axis_sum=1.2)",3,1,1360,300,wt,False,,1360,,0,,,,,
864203,2024-11-07,20241107_21_05#7B,RANK_7B,"1=7-4,6,3 (axis_sum=1.4)",3,0,0,300,wt,False,,2920,,0,,,,,
864306,2024-11-07,20241107_21_08#7B,RANK_7B,"1=7-2,3,5 (axis_sum=1.3)",3,1,400,300,wt,False,,400,,0,,,,,
864217,2024-11-07,20241107_44_03#7B,RANK_7B,"5=1-3,2,6 (axis_sum=1.6)",3,0,0,300,wt,False,,270,,0,,,,,
864339,2024-11-07,20241107_44_06#7B,RANK_7B,"1=2-5,4,6 (axis_sum=1.3)",3,0,0,300,wt,False,,4510,,0,,,,,
864266,2024-11-07,20241107_56_08#7B,RANK_7B,"4=1-7,5,3 (axis_sum=1.6)",3,1,1170,300,wt,False,,1170,,0,,,,,
864259,2024-11-07,20241107_84_02#7B,RANK_7B,"2=4-5,7,6 (axis_sum=1.5)",3,0,0,300,wt,False,,550,,0,,,,,
864299,2024-11-07,20241107_84_10#7B,RANK_7B,"3=1-5,2,4 (axis_sum=1.4)",3,0,0,300,wt,False,,3850,,0,,,,,
864289,2024-11-07,20241107_86_01#7B,RANK_7B,"7=1-5,4,6 (axis_sum=1.3)",3,1,570,300,wt,False,,570,,0,,,,,
864206,2024-11-07,20241107_86_03#7B,RANK_7B,"2=4-3,7,5 (axis_sum=1.3)",3,1,2960,300,wt,False,,2960,,0,,,,,
864186,2024-11-08,20241108_26_06#7B,RANK_7B,"2=1-4,5,6 (axis_sum=1.7)",3,0,0,300,wt,False,,120,,0,,,,,
864231,2024-11-08,20241108_28_09#7B,RANK_7B,"7=1-4,2,5 (axis_sum=1.4)",3,0,0,300,wt,False,,220,,0,,,,,
864238,2024-11-08,20241108_35_07#7B,RANK_7B,"7=1-3,5,4 (axis_sum=1.4)",3,1,810,300,wt,False,,810,,0,,,,,
864232,2024-11-08,20241108_35_08#7B,RANK_7B,"1=4-5,3,7 (axis_sum=1.5)",3,0,0,300,wt,False,,400,,0,,,,,
864243,2024-11-08,20241108_35_10#7B,RANK_7B,"7=3-4,2,5 (axis_sum=1.5)",3,1,380,300,wt,False,,380,,0,,,,,
864224,2024-11-08,20241108_86_01#7B,RANK_7B,"3=5-7,2,4 (axis_sum=1.6)",3,1,410,300,wt,False,,410,,0,,,,,
864311,2024-11-08,20241108_86_05#7B,RANK_7B,"7=3-4,1,6 (axis_sum=1.5)",3,0,0,300,wt,False,,2020,,0,,,,,
864237,2024-11-08,20241108_87_01#7B,RANK_7B,"2=5-7,4,3 (axis_sum=1.4)",3,0,0,300,wt,False,,1190,,0,,,,,
864234,2024-11-09,20241109_35_01#7B,RANK_7B,"3=1-5,2,7 (axis_sum=1.5)",3,0,0,300,wt,False,,2700,,0,,,,,
864301,2024-11-09,20241109_35_02#7B,RANK_7B,"2=5-3,1,7 (axis_sum=1.3)",3,0,0,300,wt,False,,1000,,0,,,,,
864286,2024-11-09,20241109_35_07#7B,RANK_7B,"4=5-3,1,2 (axis_sum=1.3)",3,0,0,300,wt,False,,420,,0,,,,,
864333,2024-11-09,20241109_61_08#7B,RANK_7B,"1=4-7,2,3 (axis_sum=1.2)",3,0,0,300,wt,False,,1000,,0,,,,,
864177,2024-11-09,20241109_71_02#7B,RANK_7B,"2=1-4,5,6 (axis_sum=1.8)",3,0,0,300,wt,False,,4680,,0,,,,,
864255,2024-11-09,20241109_71_06#7B,RANK_7B,"2=1-4,6,5 (axis_sum=1.7)",3,0,0,300,wt,False,,600,,0,,,,,
864314,2024-11-09,20241109_87_03#7B,RANK_7B,"1=5-3,7,6 (axis_sum=1.2)",3,0,0,300,wt,False,,410,,0,,,,,
864335,2024-11-10,20241110_26_03#7B,RANK_7B,"1=2-4,3,5 (axis_sum=1.5)",3,0,0,300,wt,False,,440,,0,,,,,
864307,2024-11-10,20241110_26_07#7B,RANK_7B,"1=4-3,5,6 (axis_sum=1.6)",3,0,0,300,wt,False,,190,,0,,,,,
864328,2024-11-10,20241110_26_09#7B,RANK_7B,"1=5-3,4,6 (axis_sum=1.4)",3,0,0,300,wt,False,,350,,0,,,,,
864329,2024-11-10,20241110_35_06#7B,RANK_7B,"2=5-3,7,4 (axis_sum=1.2)",3,0,0,300,wt,False,,3650,,0,,,,,
864359,2024-11-10,20241110_71_05#7B,RANK_7B,"1=2-3,4,7 (axis_sum=1.4)",3,0,0,300,wt,False,,2620,,0,,,,,
864187,2024-11-10,20241110_71_08#7B,RANK_7B,"2=1-4,5,6 (axis_sum=1.8)",3,0,0,300,wt,False,,6110,,0,,,,,
864278,2024-11-10,20241110_85_05#7B,RANK_7B,"7=5-3,4,1 (axis_sum=1.7)",3,1,390,300,wt,False,,390,,0,,,,,
864257,2024-11-10,20241110_87_04#7B,RANK_7B,"5=1-4,2,3 (axis_sum=1.5)",3,1,440,300,wt,False,,440,,0,,,,,
864327,2024-11-10,20241110_87_08#7B,RANK_7B,"2=4-3,1,5 (axis_sum=1.4)",3,0,0,300,wt,False,,240,,0,,,,,
864349,2024-11-10,20241110_87_12#7B,RANK_7B,"4=7-1,3,5 (axis_sum=1.4)",3,0,0,300,wt,False,,1900,,0,,,,,
864360,2024-11-11,20241111_43_05#7B,RANK_7B,"2=4-7,3,5 (axis_sum=1.3)",3,0,0,300,wt,False,,380,,0,,,,,
864205,2024-11-11,20241111_45_02#7B,RANK_7B,"1=2-7,5,3 (axis_sum=1.5)",3,0,0,300,wt,False,,9500,,0,,,,,
864216,2024-11-11,20241111_85_03#7B,RANK_7B,"2=4-7,1,5 (axis_sum=1.4)",3,0,0,300,wt,False,,2330,,0,,,,,
864184,2024-11-12,20241112_23_02#7B,RANK_7B,"2=5-1,4,3 (axis_sum=1.7)",3,1,660,300,wt,False,,660,,0,,,,,
864221,2024-11-12,20241112_23_03#7B,RANK_7B,"3=4-5,2,1 (axis_sum=1.6)",3,1,2140,300,wt,False,,2140,,0,,,,,
864358,2024-11-12,20241112_23_10#7B,RANK_7B,"2=6-7,1,4 (axis_sum=1.4)",3,1,1150,300,wt,False,,1150,,0,,,,,
864230,2024-11-12,20241112_34_08#7B,RANK_7B,"1=2-3,6,5 (axis_sum=1.7)",3,0,0,300,wt,False,,2120,,0,,,,,
864282,2024-11-12,20241112_43_05#7B,RANK_7B,"7=1-5,3,2 (axis_sum=1.4)",3,0,0,300,wt,False,,300,,0,,,,,
864331,2024-11-12,20241112_45_05#7B,RANK_7B,"3=5-1,4,2 (axis_sum=1.5)",3,0,0,300,wt,False,,4650,,0,,,,,
864210,2024-11-12,20241112_74_07#7B,RANK_7B,"3=4-2,1,7 (axis_sum=1.2)",3,0,0,300,wt,False,,6050,,0,,,,,
864199,2024-11-12,20241112_84_08#7B,RANK_7B,"2=1-4,5,7 (axis_sum=1.4)",3,0,0,300,wt,False,,1210,,0,,,,,
864214,2024-11-13,20241113_22_11#7B,RANK_7B,"5=2-1,3,6 (axis_sum=1.8)",3,0,0,300,wt,False,,3380,,0,,,,,
864352,2024-11-13,20241113_23_08#7B,RANK_7B,"3=5-1,7,4 (axis_sum=1.1)",3,0,0,300,wt,False,,1080,,0,,,,,
864284,2024-11-13,20241113_23_10#7B,RANK_7B,"2=1-5,4,3 (axis_sum=1.4)",3,0,0,300,wt,False,,360,,0,,,,,
864361,2024-11-13,20241113_34_08#7B,RANK_7B,"1=2-4,5,6 (axis_sum=1.2)",3,0,0,300,wt,False,,4170,,0,,,,,
864275,2024-11-13,20241113_43_03#7B,RANK_7B,"3=4-1,2,6 (axis_sum=1.5)",3,0,0,300,wt,False,,250,,0,,,,,
864341,2024-11-13,20241113_43_10#7B,RANK_7B,"5=1-2,7,3 (axis_sum=1.4)",3,0,0,300,wt,False,,2100,,0,,,,,
864213,2024-11-13,20241113_45_01#7B,RANK_7B,"2=7-5,1,6 (axis_sum=1.5)",3,1,720,300,wt,False,,720,,0,,,,,
864219,2024-11-13,20241113_55_02#7B,RANK_7B,"7=2-1,3,4 (axis_sum=1.6)",3,0,0,300,wt,False,,10570,,0,,,,,
864325,2024-11-13,20241113_55_04#7B,RANK_7B,"1=3-2,7,5 (axis_sum=1.4)",3,0,0,300,wt,False,,7290,,0,,,,,
864204,2024-11-13,20241113_55_06#7B,RANK_7B,"4=2-7,5,3 (axis_sum=1.5)",3,1,900,300,wt,False,,900,,0,,,,,
864215,2024-11-13,20241113_74_01#7B,RANK_7B,"3=7-4,5,1 (axis_sum=1.4)",3,0,0,300,wt,False,,9010,,0,,,,,
864294,2024-11-13,20241113_74_11#7B,RANK_7B,"5=1-2,7,4 (axis_sum=1.3)",3,0,0,300,wt,False,,2740,,0,,,,,
864195,2024-11-13,20241113_84_01#7B,RANK_7B,"1=2-3,4,6 (axis_sum=1.5)",3,0,0,300,wt,False,,2250,,0,,,,,
864342,2024-11-13,20241113_84_07#7B,RANK_7B,"1=3-6,4,5 (axis_sum=1.2)",3,0,0,300,wt,False,,3990,,0,,,,,
864194,2024-11-14,20241114_13_01#7B,RANK_7B,"1=2-7,5,3 (axis_sum=1.5)",3,0,0,300,wt,False,,800,,0,,,,,
864176,2024-11-14,20241114_13_06#7B,RANK_7B,"2=4-7,5,1 (axis_sum=1.7)",3,1,1720,300,wt,False,,1720,,0,,,,,
864273,2024-11-14,20241114_23_03#7B,RANK_7B,"3=5-2,1,7 (axis_sum=1.5)",3,0,0,300,wt,False,,8310,,0,,,,,
864182,2024-11-14,20241114_23_05#7B,RANK_7B,"3=4-2,7,1 (axis_sum=1.6)",3,0,0,300,wt,False,,4540,,0,,,,,
864340,2024-11-14,20241114_34_05#7B,RANK_7B,"1=2-7,3,5 (axis_sum=1.3)",3,1,600,300,wt,False,,600,,0,,,,,
864196,2024-11-14,20241114_34_08#7B,RANK_7B,"2=1-4,6,5 (axis_sum=1.7)",3,1,290,300,wt,False,,290,,0,,,,,
864304,2024-11-14,20241114_84_01#7B,RANK_7B,"2=1-7,4,6 (axis_sum=1.4)",3,0,0,300,wt,False,,780,,0,,,,,
864183,2024-11-15,20241115_13_05#7B,RANK_7B,"6=4-3,2,5 (axis_sum=1.5)",3,0,0,300,wt,False,,7190,,0,,,,,
864178,2024-11-15,20241115_31_03#7B,RANK_7B,"3=1-4,6,7 (axis_sum=1.7)",3,0,0,300,wt,False,,4780,,0,,,,,
864295,2024-11-15,20241115_53_06#7B,RANK_7B,"2=1-3,7,5 (axis_sum=1.2)",3,0,0,300,wt,False,,280,,0,,,,,
864252,2024-11-16,20241116_27_03#7B,RANK_7B,"1=5-2,4,7 (axis_sum=1.4)",3,1,350,300,wt,False,,350,,0,,,,,
864305,2024-11-16,20241116_44_08#7B,RANK_7B,"1=6-4,3,5 (axis_sum=1.6)",3,0,0,300,wt,False,,990,,0,,,,,
864248,2024-11-17,20241117_27_04#7B,RANK_7B,"4=2-5,7,6 (axis_sum=1.5)",3,0,0,300,wt,False,,33660,,0,,,,,
864355,2024-11-17,20241117_27_11#7B,RANK_7B,"4=5-3,2,6 (axis_sum=1.2)",3,0,0,300,wt,False,,1080,,0,,,,,
864346,2024-11-17,20241117_27_12#7B,RANK_7B,"3=4-5,7,2 (axis_sum=1.4)",3,0,0,300,wt,False,,450,,0,,,,,
864318,2024-11-18,20241118_27_05#7B,RANK_7B,"7=4-3,1,5 (axis_sum=1.3)",3,0,0,300,wt,False,,240,,0,,,,,
864353,2024-11-18,20241118_27_12#7B,RANK_7B,"7=1-4,5,3 (axis_sum=1.3)",3,1,970,300,wt,False,,970,,0,,,,,
864244,2024-11-18,20241118_43_06#7B,RANK_7B,"4=5-1,3,6 (axis_sum=1.6)",3,1,380,300,wt,False,,380,,0,,,,,
864240,2024-11-18,20241118_56_08#7B,RANK_7B,"5=3-2,4,1 (axis_sum=1.4)",3,1,600,300,wt,False,,600,,0,,,,,
864262,2024-11-18,20241118_56_10#7B,RANK_7B,"7=3-2,5,1 (axis_sum=1.3)",3,0,0,300,wt,False,,490,,0,,,,,
864287,2024-11-18,20241118_63_05#7B,RANK_7B,"3=4-7,2,5 (axis_sum=1.3)",3,0,0,300,wt,False,,390,,0,,,,,
864348,2024-11-18,20241118_87_05#7B,RANK_7B,"3=1-7,5,2 (axis_sum=1.0)",3,0,0,300,wt,False,,3230,,0,,,,,
864265,2024-11-19,20241119_25_08#7B,RANK_7B,"3=7-5,2,4 (axis_sum=1.4)",3,0,0,300,wt,False,,1610,,0,,,,,
864236,2024-11-19,20241119_34_02#7B,RANK_7B,"2=3-5,4,6 (axis_sum=1.4)",3,0,0,300,wt,False,,8230,,0,,,,,
864347,2024-11-19,20241119_43_10#7B,RANK_7B,"1=3-4,2,7 (axis_sum=1.3)",3,0,0,300,wt,False,,820,,0,,,,,
864330,2024-11-19,20241119_43_11#7B,RANK_7B,"5=3-1,2,4 (axis_sum=1.3)",3,0,0,300,wt,False,,880,,0,,,,,
864201,2024-11-19,20241119_86_01#7B,RANK_7B,"5=1-4,7,6 (axis_sum=1.6)",3,0,0,300,wt,False,,980,,0,,,,,
864285,2024-11-20,20241120_43_04#7B,RANK_7B,"2=4-5,7,3 (axis_sum=1.5)",3,1,1170,300,wt,False,,1170,,0,,,,,
864337,2024-11-20,20241120_43_06#7B,RANK_7B,"4=6-5,3,7 (axis_sum=1.4)",3,0,0,300,wt,False,,1960,,0,,,,,
864191,2024-11-20,20241120_56_06#7B,RANK_7B,"1=4-6,2,5 (axis_sum=1.4)",3,0,0,300,wt,False,,10670,,0,,,,,
864250,2024-11-20,20241120_86_04#7B,RANK_7B,"7=1-4,5,2 (axis_sum=1.5)",3,0,0,300,wt,False,,1660,,0,,,,,
864272,2024-11-20,20241120_86_05#7B,RANK_7B,"5=1-2,3,6 (axis_sum=1.7)",3,1,220,300,wt,False,,220,,0,,,,,
864180,2024-11-21,20241121_22_03#7B,RANK_7B,"1=3-2,4,7 (axis_sum=1.7)",3,1,540,300,wt,False,,540,,0,,,,,
864249,2024-11-21,20241121_25_07#7B,RANK_7B,"4=3-1,7,5 (axis_sum=1.5)",3,1,320,300,wt,False,,320,,0,,,,,
864267,2024-11-21,20241121_71_07#7B,RANK_7B,"1=2-4,7,5 (axis_sum=1.6)",3,0,0,300,wt,False,,260,,0,,,,,
864264,2024-11-21,20241121_81_01#7B,RANK_7B,"7=4-2,5,6 (axis_sum=1.5)",3,0,0,300,wt,False,,460,,0,,,,,
864293,2024-11-21,20241121_86_02#7B,RANK_7B,"7=3-1,5,6 (axis_sum=1.6)",3,1,1390,300,wt,False,,1390,,0,,,,,
864302,2024-11-22,20241122_37_05#7B,RANK_7B,"2=1-7,5,6 (axis_sum=1.4)",3,0,0,300,wt,False,,2000,,0,,,,,
864291,2024-11-22,20241122_37_06#7B,RANK_7B,"1=7-3,4,2 (axis_sum=1.3)",3,0,0,300,wt,False,,370,,0,,,,,
864336,2024-11-22,20241122_61_06#7B,RANK_7B,"4=1-2,3,5 (axis_sum=1.2)",3,0,0,300,wt,False,,650,,0,,,,,
864312,2024-11-22,20241122_61_09#7B,RANK_7B,"3=1-5,7,2 (axis_sum=1.3)",3,0,0,300,wt,False,,30450,,0,,,,,
864313,2024-11-22,20241122_73_07#7B,RANK_7B,"1=2-5,6,4 (axis_sum=1.3)",3,0,0,300,wt,False,,6570,,0,,,,,
864225,2024-11-23,20241123_22_02#7B,RANK_7B,"7=1-4,3,5 (axis_sum=1.7)",3,0,0,300,wt,False,,700,,0,,,,,
864276,2024-11-23,20241123_37_03#7B,RANK_7B,"7=2-5,4,3 (axis_sum=1.3)",3,1,470,300,wt,False,,470,,0,,,,,
864274,2024-11-23,20241123_37_10#7B,RANK_7B,"5=7-2,4,3 (axis_sum=1.4)",3,0,0,300,wt,False,,1110,,0,,,,,
864292,2024-11-23,20241123_43_11#7B,RANK_7B,"7=3-4,1,6 (axis_sum=1.4)",3,0,0,300,wt,False,,890,,0,,,,,
864323,2024-11-23,20241123_61_07#7B,RANK_7B,"5=1-7,4,2 (axis_sum=1.4)",3,1,380,300,wt,False,,380,,0,,,,,
864338,2024-11-24,20241124_37_01#7B,RANK_7B,"3=1-2,4,6 (axis_sum=1.2)",3,0,0,300,wt,False,,1550,,0,,,,,
864280,2024-11-24,20241124_37_03#7B,RANK_7B,"4=1-3,7,5 (axis_sum=1.3)",3,0,0,300,wt,False,,970,,0,,,,,
864181,2024-11-24,20241124_43_02#7B,RANK_7B,"2=4-3,7,6 (axis_sum=1.6)",3,0,0,300,wt,False,,160,,0,,,,,
864320,2024-11-24,20241124_43_03#7B,RANK_7B,"1=7-4,2,3 (axis_sum=1.4)",3,1,810,300,wt,False,,810,,0,,,,,
864334,2024-11-24,20241124_47_07#7B,RANK_7B,"1=2-4,5,6 (axis_sum=1.4)",3,0,0,300,wt,False,,12610,,0,,,,,
864226,2024-11-24,20241124_71_03#7B,RANK_7B,"3=2-6,5,4 (axis_sum=1.4)",3,0,0,300,wt,False,,2830,,0,,,,,
864188,2024-11-24,20241124_71_04#7B,RANK_7B,"1=2-4,6,5 (axis_sum=1.6)",3,1,490,300,wt,False,,490,,0,,,,,
864258,2024-11-25,20241125_13_03#7B,RANK_7B,"2=1-5,4,6 (axis_sum=1.3)",3,0,0,300,wt,False,,1430,,0,,,,,
864279,2024-11-25,20241125_13_04#7B,RANK_7B,"1=2-3,5,6 (axis_sum=1.3)",3,1,910,300,wt,False,,910,,0,,,,,
864315,2024-11-25,20241125_31_01#7B,RANK_7B,"5=1-3,7,4 (axis_sum=1.3)",3,0,0,300,wt,False,,1340,,0,,,,,
864220,2024-11-25,20241125_31_02#7B,RANK_7B,"3=5-7,2,6 (axis_sum=1.5)",3,0,0,300,wt,False,,2600,,0,,,,,
864270,2024-11-25,20241125_31_09#7B,RANK_7B,"7=1-2,4,3 (axis_sum=1.4)",3,1,410,300,wt,False,,410,,0,,,,,
864322,2024-11-25,20241125_44_01#7B,RANK_7B,"1=3-4,2,5 (axis_sum=1.3)",3,0,0,300,wt,False,,1280,,0,,,,,
864354,2024-11-25,20241125_47_04#7B,RANK_7B,"1=4-3,7,5 (axis_sum=1.3)",3,1,1240,300,wt,False,,1240,,0,,,,,
864189,2024-11-25,20241125_55_09#7B,RANK_7B,"5=1-4,3,6 (axis_sum=1.8)",3,0,0,300,wt,False,,3460,,0,,,,,
864197,2024-11-25,20241125_55_10#7B,RANK_7B,"1=5-4,3,2 (axis_sum=1.7)",3,0,0,300,wt,False,,9590,,0,,,,,
864362,2024-11-25,20241125_55_12#7B,RANK_7B,"2=1-7,5,3 (axis_sum=1.2)",3,0,0,300,wt,False,,1330,,0,,,,,
864228,2024-11-25,20241125_63_10#7B,RANK_7B,"4=2-5,1,6 (axis_sum=1.6)",3,1,380,300,wt,False,,380,,0,,,,,
864227,2024-11-25,20241125_63_11#7B,RANK_7B,"1=7-5,4,6 (axis_sum=1.5)",3,0,0,300,wt,False,,1660,,0,,,,,
864324,2024-11-26,20241126_13_04#7B,RANK_7B,"1=3-4,5,7 (axis_sum=1.5)",3,0,0,300,wt,False,,600,,0,,,,,
864235,2024-11-26,20241126_47_02#7B,RANK_7B,"1=2-3,5,6 (axis_sum=1.3)",3,0,0,300,wt,False,,1210,,0,,,,,
864364,2024-11-26,20241126_47_07#7B,RANK_7B,"1=5-3,6,4 (axis_sum=1.3)",3,0,0,300,wt,False,,960,,0,,,,,
864297,2024-11-26,20241126_63_02#7B,RANK_7B,"5=1-3,2,7 (axis_sum=1.3)",3,0,0,300,wt,False,,320,,0,,,,,
864268,2024-11-26,20241126_74_06#7B,RANK_7B,"2=7-3,5,4 (axis_sum=1.3)",3,0,0,300,wt,False,,3250,,0,,,,,
864296,2024-11-27,20241127_31_03#7B,RANK_7B,"4=3-7,5,6 (axis_sum=1.3)",3,0,0,300,wt,False,,1040,,0,,,,,
864277,2024-11-27,20241127_31_05#7B,RANK_7B,"2=1-7,4,3 (axis_sum=1.4)",3,0,0,300,wt,False,,3560,,0,,,,,
864242,2024-11-27,20241127_43_05#7B,RANK_7B,"1=2-4,5,6 (axis_sum=1.6)",3,0,0,300,wt,False,,420,,0,,,,,
864356,2024-11-27,20241127_53_07#7B,RANK_7B,"3=7-2,1,4 (axis_sum=1.3)",3,0,0,300,wt,False,,1460,,0,,,,,
864192,2024-11-27,20241127_53_08#7B,RANK_7B,"5=1-3,4,7 (axis_sum=1.6)",3,0,0,300,wt,False,,700,,0,,,,,
864309,2024-11-27,20241127_55_05#7B,RANK_7B,"3=1-4,2,6 (axis_sum=1.4)",3,0,0,300,wt,False,,3300,,0,,,,,
864190,2024-11-27,20241127_55_06#7B,RANK_7B,"1=6-7,5,3 (axis_sum=1.6)",3,0,0,300,wt,False,,1010,,0,,,,,
864198,2024-11-27,20241127_55_07#7B,RANK_7B,"2=1-6,7,4 (axis_sum=1.8)",3,0,0,300,wt,False,,250,,0,,,,,
864208,2024-11-27,20241127_75_04#7B,RANK_7B,"1=2-3,5,6 (axis_sum=1.5)",3,1,480,300,wt,False,,480,,0,,,,,
864202,2024-11-27,20241127_85_01#7B,RANK_7B,"3=4-7,1,2 (axis_sum=1.8)",3,0,0,300,wt,False,,6660,,0,,,,,
864241,2024-11-28,20241128_38_04#7B,RANK_7B,"3=5-4,1,6 (axis_sum=1.5)",3,1,420,300,wt,False,,420,,0,,,,,
864253,2024-11-28,20241128_53_04#7B,RANK_7B,"1=5-3,4,7 (axis_sum=1.6)",3,0,0,300,wt,False,,370,,0,,,,,
864319,2024-11-28,20241128_53_08#7B,RANK_7B,"1=4-7,3,2 (axis_sum=1.3)",3,0,0,300,wt,False,,440,,0,,,,,
864298,2024-11-28,20241128_85_03#7B,RANK_7B,"4=1-5,2,7 (axis_sum=1.4)",3,0,0,300,wt,False,,31050,,0,,,,,
864222,2024-11-29,20241129_26_01#7B,RANK_7B,"7=2-1,5,4 (axis_sum=1.6)",3,0,0,300,wt,False,,14540,,0,,,,,
864271,2024-11-29,20241129_26_08#7B,RANK_7B,"5=3-4,2,7 (axis_sum=1.5)",3,0,0,300,wt,False,,310,,0,,,,,
864303,2024-11-29,20241129_38_01#7B,RANK_7B,"7=4-2,5,1 (axis_sum=1.3)",3,1,370,300,wt,False,,370,,0,,,,,
864343,2024-11-29,20241129_38_10#7B,RANK_7B,"1=3-2,5,4 (axis_sum=1.4)",3,0,0,300,wt,False,,1200,,0,,,,,
864366,2024-11-29,20241129_53_03#7B,RANK_7B,"5=3-2,4,7 (axis_sum=1.4)",3,0,0,300,wt,False,,470,,0,,,,,
864247,2024-11-29,20241129_53_05#7B,RANK_7B,"7=2-5,4,3 (axis_sum=1.4)",3,0,0,300,wt,False,,1090,,0,,,,,
864308,2024-11-29,20241129_75_05#7B,RANK_7B,"1=2-5,4,6 (axis_sum=1.4)",3,0,0,300,wt,False,,1710,,0,,,,,
864245,2024-11-29,20241129_75_08#7B,RANK_7B,"1=2-3,5,6 (axis_sum=1.7)",3,0,0,300,wt,False,,3430,,0,,,,,
864365,2024-11-29,20241129_85_01#7B,RANK_7B,"7=2-1,6,5 (axis_sum=1.0)",3,0,0,300,wt,False,,6740,,0,,,,,
864211,2024-11-30,20241130_37_02#7B,RANK_7B,"7=2-1,4,3 (axis_sum=1.7)",3,0,0,300,wt,False,,1570,,0,,,,,
864223,2024-11-30,20241130_37_03#7B,RANK_7B,"3=4-7,2,1 (axis_sum=1.4)",3,0,0,300,wt,False,,300,,0,,,,,
864239,2024-11-30,20241130_37_06#7B,RANK_7B,"3=4-5,1,7 (axis_sum=1.6)",3,0,0,300,wt,False,,220,,0,,,,,
864351,2024-11-30,20241130_37_07#7B,RANK_7B,"3=5-2,4,6 (axis_sum=1.5)",3,1,590,300,wt,False,,590,,0,,,,,
864350,2024-11-30,20241130_38_01#7B,RANK_7B,"5=2-1,7,3 (axis_sum=1.3)",3,0,0,300,wt,False,,4320,,0,,,,,
864251,2024-11-30,20241130_38_04#7B,RANK_7B,"4=5-1,6,7 (axis_sum=1.5)",3,1,490,300,wt,False,,490,,0,,,,,
864420,2024-12-01,20241201_13_02#7B,RANK_7B,"5=4-7,2,3 (axis_sum=1.4)",3,0,0,300,wt,False,,1150,,0,,,,,
864433,2024-12-01,20241201_26_03#7B,RANK_7B,"7=5-2,4,3 (axis_sum=1.5)",3,1,470,300,wt,False,,470,,0,,,,,
864422,2024-12-01,20241201_26_04#7B,RANK_7B,"1=5-7,2,6 (axis_sum=1.7)",3,0,0,300,wt,False,,160,,0,,,,,
864508,2024-12-01,20241201_27_03#7B,RANK_7B,"1=5-2,3,6 (axis_sum=1.2)",3,0,0,300,wt,False,,3070,,0,,,,,
864496,2024-12-01,20241201_81_05#7B,RANK_7B,"1=3-2,5,6 (axis_sum=1.4)",3,1,830,300,wt,False,,830,,0,,,,,
864370,2024-12-02,20241202_13_05#7B,RANK_7B,"5=1-6,7,4 (axis_sum=1.7)",3,0,0,300,wt,False,,1020,,0,,,,,
864371,2024-12-02,20241202_13_07#7B,RANK_7B,"1=7-4,3,2 (axis_sum=1.7)",3,0,0,300,wt,False,,140,,0,,,,,
864530,2024-12-02,20241202_34_04#7B,RANK_7B,"2=1-4,6,7 (axis_sum=1.4)",3,0,0,300,wt,False,,4940,,0,,,,,
864503,2024-12-02,20241202_63_03#7B,RANK_7B,"4=5-2,1,7 (axis_sum=1.3)",3,1,530,300,wt,False,,530,,0,,,,,
864469,2024-12-02,20241202_73_08#7B,RANK_7B,"1=5-7,4,3 (axis_sum=1.4)",3,0,0,300,wt,False,,1270,,0,,,,,
864408,2024-12-02,20241202_81_03#7B,RANK_7B,"3=2-5,4,7 (axis_sum=1.5)",3,0,0,300,wt,False,,350,,0,,,,,
864450,2024-12-02,20241202_81_04#7B,RANK_7B,"2=4-3,5,6 (axis_sum=1.3)",3,0,0,300,wt,False,,2130,,0,,,,,
864406,2024-12-02,20241202_86_02#7B,RANK_7B,"5=2-1,4,3 (axis_sum=1.6)",3,1,350,300,wt,False,,350,,0,,,,,
864415,2024-12-02,20241202_86_03#7B,RANK_7B,"3=5-4,2,7 (axis_sum=1.5)",3,0,0,300,wt,False,,240,,0,,,,,
864462,2024-12-02,20241202_86_12#7B,RANK_7B,"1=5-4,3,2 (axis_sum=1.6)",3,0,0,300,wt,False,,180,,0,,,,,
864482,2024-12-03,20241203_73_08#7B,RANK_7B,"3=2-1,5,4 (axis_sum=1.2)",3,0,0,300,wt,False,,2280,,0,,,,,
864383,2024-12-03,20241203_86_04#7B,RANK_7B,"2=5-3,4,7 (axis_sum=1.4)",3,1,540,300,wt,False,,540,,0,,,,,
864409,2024-12-04,20241204_25_01#7B,RANK_7B,"4=3-1,2,7 (axis_sum=1.5)",3,0,0,300,wt,False,,8540,,0,,,,,
864512,2024-12-04,20241204_53_05#7B,RANK_7B,"2=7-4,5,3 (axis_sum=1.4)",3,0,0,300,wt,False,,3210,,0,,,,,
864475,2024-12-05,20241205_61_07#7B,RANK_7B,"1=2-3,4,5 (axis_sum=1.5)",3,0,0,300,wt,False,,2770,,0,,,,,
864465,2024-12-06,20241206_22_03#7B,RANK_7B,"5=2-4,3,6 (axis_sum=1.6)",3,0,0,300,wt,False,,210,,0,,,,,
864453,2024-12-06,20241206_25_02#7B,RANK_7B,"4=7-1,3,5 (axis_sum=1.5)",3,0,0,300,wt,False,,2010,,0,,,,,
864478,2024-12-06,20241206_53_06#7B,RANK_7B,"1=3-7,4,5 (axis_sum=1.4)",3,1,470,300,wt,False,,470,,0,,,,,
864374,2024-12-06,20241206_87_01#7B,RANK_7B,"2=1-4,5,6 (axis_sum=1.7)",3,0,0,300,wt,False,,4890,,0,,,,,
864381,2024-12-06,20241206_87_05#7B,RANK_7B,"2=1-5,3,6 (axis_sum=1.5)",3,0,0,300,wt,False,,2630,,0,,,,,
864402,2024-12-07,20241207_37_01#7B,RANK_7B,"7=1-5,2,6 (axis_sum=1.4)",3,1,700,300,wt,False,,700,,0,,,,,
864473,2024-12-07,20241207_42_06#7B,RANK_7B,"1=2-4,6,5 (axis_sum=1.5)",3,0,0,300,wt,False,,6820,,0,,,,,
864384,2024-12-07,20241207_48_01#7B,RANK_7B,"1=7-4,2,5 (axis_sum=1.3)",3,0,0,300,wt,False,,2680,,0,,,,,
864511,2024-12-07,20241207_75_02#7B,RANK_7B,"2=1-7,3,5 (axis_sum=1.2)",3,0,0,300,wt,False,,2130,,0,,,,,
864372,2024-12-07,20241207_86_06#7B,RANK_7B,"5=1-7,4,6 (axis_sum=1.7)",3,0,0,300,wt,False,,1440,,0,,,,,
864377,2024-12-07,20241207_87_01#7B,RANK_7B,"2=1-4,5,6 (axis_sum=1.7)",3,0,0,300,wt,False,,290,,0,,,,,
864428,2024-12-07,20241207_87_03#7B,RANK_7B,"1=2-5,4,7 (axis_sum=1.5)",3,0,0,300,wt,False,,2380,,0,,,,,
864442,2024-12-08,20241208_24_01#7B,RANK_7B,"2=1-5,4,3 (axis_sum=1.1)",3,1,850,300,wt,False,,850,,0,,,,,
864514,2024-12-08,20241208_37_03#7B,RANK_7B,"3=5-7,4,1 (axis_sum=1.2)",3,0,0,300,wt,False,,1880,,0,,,,,
864519,2024-12-08,20241208_37_10#7B,RANK_7B,"1=5-2,3,6 (axis_sum=1.2)",3,0,0,300,wt,False,,2560,,0,,,,,
864498,2024-12-08,20241208_48_10#7B,RANK_7B,"2=7-5,4,3 (axis_sum=1.6)",3,0,0,300,wt,False,,1570,,0,,,,,
864528,2024-12-08,20241208_48_12#7B,RANK_7B,"7=6-5,1,4 (axis_sum=1.3)",3,1,1810,300,wt,False,,1810,,0,,,,,
864423,2024-12-08,20241208_55_01#7B,RANK_7B,"3=4-7,2,1 (axis_sum=1.4)",3,1,710,300,wt,False,,710,,0,,,,,
864440,2024-12-08,20241208_55_08#7B,RANK_7B,"7=4-3,2,5 (axis_sum=1.5)",3,0,0,300,wt,False,,360,,0,,,,,
864421,2024-12-08,20241208_55_09#7B,RANK_7B,"7=5-1,2,6 (axis_sum=1.5)",3,0,0,300,wt,False,,2730,,0,,,,,
864472,2024-12-08,20241208_86_06#7B,RANK_7B,"1=7-6,5,2 (axis_sum=1.6)",3,0,0,300,wt,False,,6420,,0,,,,,
864497,2024-12-08,20241208_87_02#7B,RANK_7B,"2=1-5,7,3 (axis_sum=1.4)",3,0,0,300,wt,False,,330,,0,,,,,
864441,2024-12-09,20241209_37_06#7B,RANK_7B,"1=7-4,3,2 (axis_sum=1.5)",3,0,0,300,wt,False,,2210,,0,,,,,
864517,2024-12-09,20241209_37_07#7B,RANK_7B,"1=5-3,7,2 (axis_sum=1.3)",3,0,0,300,wt,False,,630,,0,,,,,
864471,2024-12-09,20241209_73_01#7B,RANK_7B,"1=3-4,6,5 (axis_sum=1.5)",3,0,0,300,wt,False,,810,,0,,,,,
864382,2024-12-10,20241210_35_02#7B,RANK_7B,"3=2-5,4,6 (axis_sum=1.6)",3,0,0,300,wt,False,,530,,0,,,,,
864488,2024-12-10,20241210_73_03#7B,RANK_7B,"1=2-4,5,6 (axis_sum=1.4)",3,1,590,300,wt,False,,590,,0,,,,,
864412,2024-12-10,20241210_73_05#7B,RANK_7B,"1=4-2,5,6 (axis_sum=1.4)",3,1,440,300,wt,False,,440,,0,,,,,
864407,2024-12-11,20241211_35_03#7B,RANK_7B,"1=2-5,4,6 (axis_sum=1.4)",3,0,0,300,wt,False,,3970,,0,,,,,
864411,2024-12-11,20241211_42_02#7B,RANK_7B,"4=2-7,5,1 (axis_sum=1.5)",3,1,770,300,wt,False,,770,,0,,,,,
864429,2024-12-11,20241211_73_05#7B,RANK_7B,"1=3-4,5,6 (axis_sum=1.6)",3,0,0,300,wt,False,,1210,,0,,,,,
864385,2024-12-12,20241212_23_03#7B,RANK_7B,"7=3-2,5,1 (axis_sum=1.6)",3,0,0,300,wt,False,,110,,0,,,,,
864367,2024-12-12,20241212_34_01#7B,RANK_7B,"1=2-4,5,6 (axis_sum=1.8)",3,0,0,300,wt,False,,120,,0,,,,,
864399,2024-12-12,20241212_34_04#7B,RANK_7B,"2=1-4,5,6 (axis_sum=1.5)",3,1,390,300,wt,False,,390,,0,,,,,
864393,2024-12-12,20241212_38_06#7B,RANK_7B,"3=1-4,7,6 (axis_sum=1.4)",3,1,210,300,wt,False,,210,,0,,,,,
864524,2024-12-12,20241212_38_12#7B,RANK_7B,"7=3-1,5,4 (axis_sum=1.3)",3,0,0,300,wt,False,,530,,0,,,,,
864476,2024-12-12,20241212_42_04#7B,RANK_7B,"4=3-7,6,1 (axis_sum=1.4)",3,0,0,300,wt,False,,24120,,0,,,,,
864431,2024-12-13,20241213_13_09#7B,RANK_7B,"5=1-7,2,3 (axis_sum=1.4)",3,1,720,300,wt,False,,720,,0,,,,,
864403,2024-12-13,20241213_13_11#7B,RANK_7B,"1=7-4,3,5 (axis_sum=1.6)",3,0,0,300,wt,False,,390,,0,,,,,
864424,2024-12-13,20241213_34_06#7B,RANK_7B,"1=2-4,3,7 (axis_sum=1.5)",3,0,0,300,wt,False,,700,,0,,,,,
864444,2024-12-13,20241213_38_09#7B,RANK_7B,"1=2-5,7,3 (axis_sum=1.3)",3,0,0,300,wt,False,,870,,0,,,,,
864454,2024-12-13,20241213_47_05#7B,RANK_7B,"4=2-3,6,5 (axis_sum=1.3)",3,0,0,300,wt,False,,1310,,0,,,,,
864425,2024-12-13,20241213_55_08#7B,RANK_7B,"1=3-5,2,7 (axis_sum=1.4)",3,0,0,300,wt,False,,2140,,0,,,,,
864389,2024-12-13,20241213_55_10#7B,RANK_7B,"2=4-1,7,5 (axis_sum=1.6)",3,0,0,300,wt,False,,3460,,0,,,,,
864400,2024-12-13,20241213_55_11#7B,RANK_7B,"7=2-1,4,3 (axis_sum=1.6)",3,0,0,300,wt,False,,140,,0,,,,,
864404,2024-12-13,20241213_81_03#7B,RANK_7B,"5=7-3,4,6 (axis_sum=1.6)",3,0,0,300,wt,False,,960,,0,,,,,
864392,2024-12-13,20241213_81_11#7B,RANK_7B,"5=7-4,2,6 (axis_sum=1.6)",3,0,0,300,wt,False,,1800,,0,,,,,
864520,2024-12-14,20241214_38_09#7B,RANK_7B,"3=6-2,4,5 (axis_sum=1.4)",3,0,0,300,wt,False,,880,,0,,,,,
864490,2024-12-14,20241214_81_08#7B,RANK_7B,"7=4-1,3,5 (axis_sum=1.4)",3,0,0,300,wt,False,,720,,0,,,,,
864457,2024-12-15,20241215_13_12#7B,RANK_7B,"3=4-1,7,5 (axis_sum=1.5)",3,0,0,300,wt,False,,1970,,0,,,,,
864449,2024-12-15,20241215_45_05#7B,RANK_7B,"1=2-4,3,6 (axis_sum=1.5)",3,0,0,300,wt,False,,3020,,0,,,,,
864379,2024-12-15,20241215_55_07#7B,RANK_7B,"7=1-6,5,4 (axis_sum=1.8)",3,0,0,300,wt,False,,1550,,0,,,,,
864523,2024-12-15,20241215_81_09#7B,RANK_7B,"7=3-5,4,2 (axis_sum=1.3)",3,0,0,300,wt,False,,3620,,0,,,,,
864376,2024-12-15,20241215_86_01#7B,RANK_7B,"1=7-3,4,5 (axis_sum=1.7)",3,0,0,300,wt,False,,160,,0,,,,,
864438,2024-12-15,20241215_86_02#7B,RANK_7B,"5=1-3,2,6 (axis_sum=1.4)",3,0,0,300,wt,False,,8700,,0,,,,,
864526,2024-12-15,20241215_86_07#7B,RANK_7B,"7=5-2,4,3 (axis_sum=1.3)",3,0,0,300,wt,False,,2210,,0,,,,,
864466,2024-12-16,20241216_31_04#7B,RANK_7B,"2=5-3,7,6 (axis_sum=1.4)",3,0,0,300,wt,False,,170,,0,,,,,
864458,2024-12-16,20241216_43_02#7B,RANK_7B,"1=5-3,4,7 (axis_sum=1.6)",3,0,0,300,wt,False,,13380,,0,,,,,
864419,2024-12-16,20241216_86_05#7B,RANK_7B,"1=5-3,7,2 (axis_sum=1.5)",3,1,780,300,wt,False,,780,,0,,,,,
864481,2024-12-16,20241216_86_06#7B,RANK_7B,"1=4-2,3,5 (axis_sum=1.5)",3,1,840,300,wt,False,,840,,0,,,,,
864418,2024-12-16,20241216_87_07#7B,RANK_7B,"1=2-4,7,6 (axis_sum=1.4)",3,0,0,300,wt,False,,220,,0,,,,,
864463,2024-12-17,20241217_25_08#7B,RANK_7B,"7=5-1,3,4 (axis_sum=1.3)",3,1,410,300,wt,False,,410,,0,,,,,
864446,2024-12-17,20241217_25_09#7B,RANK_7B,"7=1-5,2,6 (axis_sum=1.4)",3,0,0,300,wt,False,,5600,,0,,,,,
864521,2024-12-17,20241217_25_12#7B,RANK_7B,"5=7-1,4,2 (axis_sum=1.4)",3,0,0,300,wt,False,,1540,,0,,,,,
864468,2024-12-17,20241217_31_01#7B,RANK_7B,"7=2-5,1,3 (axis_sum=1.3)",3,0,0,300,wt,False,,180,,0,,,,,
864502,2024-12-17,20241217_43_05#7B,RANK_7B,"4=1-2,7,3 (axis_sum=1.4)",3,0,0,300,wt,False,,3400,,0,,,,,
864460,2024-12-17,20241217_86_03#7B,RANK_7B,"3=2-7,5,4 (axis_sum=1.2)",3,0,0,300,wt,False,,1810,,0,,,,,
864527,2024-12-17,20241217_87_05#7B,RANK_7B,"1=3-2,5,6 (axis_sum=1.2)",3,0,0,300,wt,False,,1770,,0,,,,,
864467,2024-12-18,20241218_25_03#7B,RANK_7B,"3=2-1,4,7 (axis_sum=1.4)",3,1,390,300,wt,False,,390,,0,,,,,
864380,2024-12-18,20241218_27_05#7B,RANK_7B,"2=1-3,4,7 (axis_sum=1.8)",3,1,360,300,wt,False,,360,,0,,,,,
864388,2024-12-18,20241218_31_01#7B,RANK_7B,"4=2-3,1,6 (axis_sum=1.6)",3,0,0,300,wt,False,,250,,0,,,,,
864494,2024-12-18,20241218_31_07#7B,RANK_7B,"5=3-4,6,7 (axis_sum=1.3)",3,0,0,300,wt,False,,570,,0,,,,,
864487,2024-12-18,20241218_43_04#7B,RANK_7B,"1=5-4,2,7 (axis_sum=1.6)",3,0,0,300,wt,False,,180,,0,,,,,
864427,2024-12-19,20241219_25_02#7B,RANK_7B,"7=2-1,3,5 (axis_sum=1.6)",3,0,0,300,wt,False,,210,,0,,,,,
864456,2024-12-19,20241219_25_03#7B,RANK_7B,"7=3-5,2,1 (axis_sum=1.4)",3,1,1600,300,wt,False,,1600,,0,,,,,
864506,2024-12-19,20241219_27_05#7B,RANK_7B,"1=4-3,5,6 (axis_sum=1.2)",3,0,0,300,wt,False,,3700,,0,,,,,
864401,2024-12-19,20241219_37_07#7B,RANK_7B,"1=2-4,7,5 (axis_sum=1.6)",3,0,0,300,wt,False,,3320,,0,,,,,
864368,2024-12-19,20241219_42_03#7B,RANK_7B,"4=1-2,5,3 (axis_sum=1.7)",3,0,0,300,wt,False,,130,,0,,,,,
864477,2024-12-19,20241219_47_12#7B,RANK_7B,"7=1-5,3,4 (axis_sum=1.4)",3,0,0,300,wt,False,,2280,,0,,,,,
864483,2024-12-19,20241219_56_08#7B,RANK_7B,"1=2-3,6,5 (axis_sum=1.4)",3,1,1270,300,wt,False,,1270,,0,,,,,
864395,2024-12-19,20241219_75_01#7B,RANK_7B,"1=7-5,3,4 (axis_sum=1.6)",3,0,0,300,wt,False,,460,,0,,,,,
864451,2024-12-20,20241220_47_02#7B,RANK_7B,"5=1-4,3,2 (axis_sum=1.4)",3,0,0,300,wt,False,,1460,,0,,,,,
864484,2024-12-20,20241220_56_08#7B,RANK_7B,"1=2-5,6,4 (axis_sum=1.6)",3,0,0,300,wt,False,,2380,,0,,,,,
864518,2024-12-20,20241220_75_07#7B,RANK_7B,"1=3-7,4,6 (axis_sum=1.3)",3,0,0,300,wt,False,,3860,,0,,,,,
864485,2024-12-20,20241220_75_09#7B,RANK_7B,"1=7-2,3,4 (axis_sum=1.2)",3,1,750,300,wt,False,,750,,0,,,,,
864522,2024-12-21,20241221_22_09#7B,RANK_7B,"1=2-4,5,3 (axis_sum=1.2)",3,0,0,300,wt,False,,580,,0,,,,,
864391,2024-12-21,20241221_23_04#7B,RANK_7B,"7=2-4,5,3 (axis_sum=1.7)",3,0,0,300,wt,False,,2340,,0,,,,,
864504,2024-12-21,20241221_23_12#7B,RANK_7B,"1=2-4,3,7 (axis_sum=1.3)",3,1,1310,300,wt,False,,1310,,0,,,,,
864507,2024-12-21,20241221_42_12#7B,RANK_7B,"2=7-1,5,6 (axis_sum=1.6)",3,0,0,300,wt,False,,600,,0,,,,,
864452,2024-12-21,20241221_47_04#7B,RANK_7B,"7=2-5,3,1 (axis_sum=1.3)",3,0,0,300,wt,False,,3360,,0,,,,,
864375,2024-12-21,20241221_47_05#7B,RANK_7B,"3=6-4,5,2 (axis_sum=1.6)",3,0,0,300,wt,False,,320,,0,,,,,
864459,2024-12-21,20241221_47_09#7B,RANK_7B,"2=3-4,5,1 (axis_sum=1.5)",3,0,0,300,wt,False,,1040,,0,,,,,
864513,2024-12-21,20241221_73_08#7B,RANK_7B,"4=7-1,3,5 (axis_sum=1.2)",3,1,780,300,wt,False,,780,,0,,,,,
864455,2024-12-21,20241221_75_02#7B,RANK_7B,"7=1-4,6,3 (axis_sum=1.2)",3,0,0,300,wt,False,,150,,0,,,,,
864515,2024-12-21,20241221_75_09#7B,RANK_7B,"1=3-2,7,5 (axis_sum=1.4)",3,1,980,300,wt,False,,980,,0,,,,,
864461,2024-12-22,20241222_23_12#7B,RANK_7B,"7=4-1,3,5 (axis_sum=1.5)",3,0,0,300,wt,False,,410,,0,,,,,
864430,2024-12-22,20241222_28_02#7B,RANK_7B,"5=4-6,2,7 (axis_sum=1.2)",3,0,0,300,wt,False,,1420,,0,,,,,
864416,2024-12-22,20241222_28_07#7B,RANK_7B,"7=2-3,5,4 (axis_sum=1.6)",3,0,0,300,wt,False,,180,,0,,,,,
864499,2024-12-22,20241222_48_08#7B,RANK_7B,"1=7-2,4,5 (axis_sum=1.6)",3,0,0,300,wt,False,,7320,,0,,,,,
864501,2024-12-22,20241222_73_02#7B,RANK_7B,"4=1-2,7,3 (axis_sum=1.4)",3,0,0,300,wt,False,,2110,,0,,,,,
864510,2024-12-23,20241223_23_03#7B,RANK_7B,"2=7-1,5,6 (axis_sum=1.2)",3,0,0,300,wt,False,,1600,,0,,,,,
864474,2024-12-23,20241223_28_07#7B,RANK_7B,"2=7-1,5,6 (axis_sum=1.5)",3,0,0,300,wt,False,,2580,,0,,,,,
864445,2024-12-23,20241223_34_03#7B,RANK_7B,"5=3-1,6,7 (axis_sum=1.5)",3,0,0,300,wt,False,,230,,0,,,,,
864410,2024-12-23,20241223_42_06#7B,RANK_7B,"7=3-5,4,2 (axis_sum=1.6)",3,0,0,300,wt,False,,750,,0,,,,,
864525,2024-12-23,20241223_48_08#7B,RANK_7B,"1=5-4,3,6 (axis_sum=1.5)",3,0,0,300,wt,False,,1090,,0,,,,,
864387,2024-12-24,20241224_31_06#7B,RANK_7B,"1=2-6,5,4 (axis_sum=1.5)",3,1,260,300,wt,False,,260,,0,,,,,
864489,2024-12-24,20241224_34_03#7B,RANK_7B,"5=3-7,4,2 (axis_sum=1.4)",3,0,0,300,wt,False,,2280,,0,,,,,
864398,2024-12-24,20241224_56_02#7B,RANK_7B,"1=2-4,3,7 (axis_sum=1.5)",3,0,0,300,wt,False,,4710,,0,,,,,
864464,2024-12-25,20241225_26_11#7B,RANK_7B,"5=3-7,4,2 (axis_sum=1.3)",3,0,0,300,wt,False,,210,,0,,,,,
864435,2024-12-25,20241225_74_10#7B,RANK_7B,"1=5-2,4,3 (axis_sum=1.7)",3,0,0,300,wt,False,,1870,,0,,,,,
864529,2024-12-26,20241226_26_11#7B,RANK_7B,"2=7-1,6,5 (axis_sum=1.3)",3,0,0,300,wt,False,,870,,0,,,,,
864470,2024-12-26,20241226_47_07#7B,RANK_7B,"1=3-5,4,6 (axis_sum=1.7)",3,0,0,300,wt,False,,1660,,0,,,,,
864417,2024-12-26,20241226_74_04#7B,RANK_7B,"1=7-5,3,2 (axis_sum=1.5)",3,0,0,300,wt,False,,330,,0,,,,,
864495,2024-12-26,20241226_86_02#7B,RANK_7B,"4=5-3,2,7 (axis_sum=1.4)",3,0,0,300,wt,False,,500,,0,,,,,
864443,2024-12-26,20241226_86_04#7B,RANK_7B,"3=4-7,2,5 (axis_sum=1.3)",3,1,3680,300,wt,False,,3680,,0,,,,,
864486,2024-12-27,20241227_26_10#7B,RANK_7B,"1=4-2,3,7 (axis_sum=1.5)",3,0,0,300,wt,False,,2280,,0,,,,,
864378,2024-12-27,20241227_74_10#7B,RANK_7B,"7=1-4,5,3 (axis_sum=1.7)",3,0,0,300,wt,False,,180,,0,,,,,
864369,2024-12-27,20241227_81_06#7B,RANK_7B,"1=4-7,5,3 (axis_sum=1.7)",3,0,0,300,wt,False,,1220,,0,,,,,
864373,2024-12-27,20241227_83_07#7B,RANK_7B,"2=1-3,6,5 (axis_sum=1.7)",3,1,1350,300,wt,False,,1350,,0,,,,,
864405,2024-12-27,20241227_86_04#7B,RANK_7B,"1=4-3,5,7 (axis_sum=1.6)",3,0,0,300,wt,False,,120,,0,,,,,
864390,2024-12-28,20241228_43_08#7B,RANK_7B,"5=1-4,3,7 (axis_sum=1.4)",3,0,0,300,wt,False,,3600,,0,,,,,
864500,2024-12-28,20241228_81_03#7B,RANK_7B,"7=1-3,2,5 (axis_sum=1.6)",3,0,0,300,wt,False,,180,,0,,,,,
864436,2024-12-28,20241228_81_08#7B,RANK_7B,"1=3-5,2,4 (axis_sum=1.6)",3,0,0,300,wt,False,,2190,,0,,,,,
864439,2024-12-28,20241228_83_03#7B,RANK_7B,"5=1-3,6,4 (axis_sum=1.3)",3,0,0,300,wt,False,,920,,0,,,,,
864426,2024-12-28,20241228_83_04#7B,RANK_7B,"1=3-7,4,5 (axis_sum=1.4)",3,0,0,300,wt,False,,490,,0,,,,,
864432,2024-12-29,20241229_28_09#7B,RANK_7B,"2=5-3,4,1 (axis_sum=1.3)",3,0,0,300,wt,False,,2020,,0,,,,,
864414,2024-12-29,20241229_43_09#7B,RANK_7B,"4=7-1,5,6 (axis_sum=1.7)",3,0,0,300,wt,False,,200,,0,,,,,
864447,2024-12-29,20241229_47_03#7B,RANK_7B,"1=4-7,2,5 (axis_sum=1.5)",3,0,0,300,wt,False,,1130,,0,,,,,
864397,2024-12-29,20241229_47_07#7B,RANK_7B,"7=2-1,3,4 (axis_sum=1.4)",3,0,0,300,wt,False,,2590,,0,,,,,
864437,2024-12-29,20241229_47_08#7B,RANK_7B,"1=2-4,5,3 (axis_sum=1.5)",3,1,560,300,wt,False,,560,,0,,,,,
864396,2024-12-29,20241229_81_07#7B,RANK_7B,"2=4-7,5,3 (axis_sum=1.4)",3,0,0,300,wt,False,,1750,,0,,,,,
864448,2024-12-29,20241229_83_04#7B,RANK_7B,"2=1-6,4,5 (axis_sum=1.2)",3,0,0,300,wt,False,,870,,0,,,,,
864493,2024-12-29,20241229_83_09#7B,RANK_7B,"1=3-2,6,5 (axis_sum=1.5)",3,0,0,300,wt,False,,630,,0,,,,,
864479,2024-12-30,20241230_28_08#7B,RANK_7B,"2=7-5,3,6 (axis_sum=1.5)",3,0,0,300,wt,False,,1770,,0,,,,,
864413,2024-12-30,20241230_47_11#7B,RANK_7B,"4=1-3,7,2 (axis_sum=1.7)",3,1,710,300,wt,False,,710,,0,,,,,
864394,2024-12-30,20241230_74_05#7B,RANK_7B,"7=2-1,3,5 (axis_sum=1.6)",3,0,0,300,wt,False,,230,,0,,,,,
864509,2024-12-30,20241230_84_07#7B,RANK_7B,"1=2-4,3,5 (axis_sum=1.4)",3,0,0,300,wt,False,,6080,,0,,,,,
864491,2024-12-30,20241230_84_08#7B,RANK_7B,"7=3-1,6,5 (axis_sum=1.4)",3,0,0,300,wt,False,,3850,,0,,,,,
864492,2024-12-31,20241231_42_03#7B,RANK_7B,"1=2-4,5,6 (axis_sum=1.3)",3,1,2720,300,wt,False,,2720,,0,,,,,
864434,2024-12-31,20241231_42_06#7B,RANK_7B,"1=2-4,5,6 (axis_sum=1.5)",3,0,0,300,wt,False,,5580,,0,,,,,
864516,2024-12-31,20241231_45_12#7B,RANK_7B,"2=4-1,3,5 (axis_sum=1.3)",3,0,0,300,wt,False,,410,,0,,,,,
864505,2024-12-31,20241231_56_07#7B,RANK_7B,"7=3-5,1,2 (axis_sum=1.4)",3,0,0,300,wt,False,,1230,,0,,,,,
864531,2024-12-31,20241231_56_12#7B,RANK_7B,"2=4-6,3,5 (axis_sum=1.1)",3,1,330,300,wt,False,,330,,0,,,,,
864480,2024-12-31,20241231_61_07#7B,RANK_7B,"2=1-3,5,6 (axis_sum=1.6)",3,0,0,300,wt,False,,770,,0,,,,,
864386,2024-12-31,20241231_75_10#7B,RANK_7B,"5=1-4,6,2 (axis_sum=1.6)",3,0,0,300,wt,False,,2020,,0,,,,,
864553,2025-01-01,20250101_22_11#7B,RANK_7B,"3=5-7,1,4 (axis_sum=1.6)",3,0,0,300,wt,False,,150,,0,,,,,
864654,2025-01-01,20250101_42_04#7B,RANK_7B,"1=2-5,6,4 (axis_sum=1.3)",3,1,3210,300,wt,False,,3210,,0,,,,,
864614,2025-01-01,20250101_45_02#7B,RANK_7B,"5=7-1,3,6 (axis_sum=1.3)",3,0,0,300,wt,False,,4980,,0,,,,,
864680,2025-01-01,20250101_45_11#7B,RANK_7B,"1=2-4,5,7 (axis_sum=1.4)",3,1,830,300,wt,False,,830,,0,,,,,
864556,2025-01-01,20250101_61_06#7B,RANK_7B,"1=2-3,4,6 (axis_sum=1.5)",3,0,0,300,wt,False,,180,,0,,,,,
864567,2025-01-01,20250101_61_08#7B,RANK_7B,"1=2-3,6,7 (axis_sum=1.5)",3,0,0,300,wt,False,,780,,0,,,,,
864646,2025-01-01,20250101_84_12#7B,RANK_7B,"7=4-2,5,3 (axis_sum=1.4)",3,0,0,300,wt,False,,9470,,0,,,,,
864688,2025-01-02,20250102_22_08#7B,RANK_7B,"7=4-1,3,5 (axis_sum=1.2)",3,0,0,300,wt,False,,530,,0,,,,,
864642,2025-01-02,20250102_22_10#7B,RANK_7B,"7=2-5,3,6 (axis_sum=1.4)",3,0,0,300,wt,False,,190,,0,,,,,
864539,2025-01-02,20250102_23_05#7B,RANK_7B,"5=1-3,4,2 (axis_sum=1.6)",3,0,0,300,wt,False,,1400,,0,,,,,
864590,2025-01-02,20250102_44_06#7B,RANK_7B,"1=2-6,4,5 (axis_sum=1.3)",3,0,0,300,wt,False,,270,,0,,,,,
864634,2025-01-02,20250102_56_10#7B,RANK_7B,"1=5-4,3,6 (axis_sum=1.4)",3,0,0,300,wt,False,,290,,0,,,,,
864566,2025-01-02,20250102_86_05#7B,RANK_7B,"1=4-7,3,6 (axis_sum=1.5)",3,1,760,300,wt,False,,760,,0,,,,,
864570,2025-01-03,20250103_22_02#7B,RANK_7B,"5=3-4,1,6 (axis_sum=1.7)",3,1,660,300,wt,False,,660,,0,,,,,
864554,2025-01-03,20250103_22_10#7B,RANK_7B,"1=7-2,5,3 (axis_sum=1.5)",3,0,0,300,wt,False,,140,,0,,,,,
864610,2025-01-03,20250103_22_11#7B,RANK_7B,"4=5-2,3,6 (axis_sum=1.6)",3,1,610,300,wt,False,,610,,0,,,,,
864534,2025-01-03,20250103_23_05#7B,RANK_7B,"4=3-5,2,7 (axis_sum=1.4)",3,0,0,300,wt,False,,220,,0,,,,,
864687,2025-01-03,20250103_23_11#7B,RANK_7B,"1=7-4,3,6 (axis_sum=1.4)",3,0,0,300,wt,False,,390,,0,,,,,
864618,2025-01-03,20250103_44_06#7B,RANK_7B,"3=2-4,5,7 (axis_sum=1.4)",3,0,0,300,wt,False,,6920,,0,,,,,
864666,2025-01-03,20250103_56_02#7B,RANK_7B,"5=1-4,7,3 (axis_sum=1.2)",3,1,1270,300,wt,False,,1270,,0,,,,,
864598,2025-01-03,20250103_74_11#7B,RANK_7B,"1=4-3,7,5 (axis_sum=1.5)",3,1,1260,300,wt,False,,1260,,0,,,,,
864653,2025-01-03,20250103_83_02#7B,RANK_7B,"1=2-5,4,6 (axis_sum=1.1)",3,0,0,300,wt,False,,2440,,0,,,,,
864608,2025-01-03,20250103_83_03#7B,RANK_7B,"1=2-4,6,7 (axis_sum=1.3)",3,0,0,300,wt,False,,360,,0,,,,,
864550,2025-01-04,20250104_13_01#7B,RANK_7B,"3=7-2,4,5 (axis_sum=1.4)",3,0,0,300,wt,False,,2540,,0,,,,,
864606,2025-01-04,20250104_42_12#7B,RANK_7B,"1=7-2,5,4 (axis_sum=1.5)",3,0,0,300,wt,False,,4500,,0,,,,,
864675,2025-01-04,20250104_47_02#7B,RANK_7B,"5=1-2,4,3 (axis_sum=1.1)",3,0,0,300,wt,False,,770,,0,,,,,
864604,2025-01-05,20250105_13_11#7B,RANK_7B,"7=2-5,4,3 (axis_sum=1.5)",3,0,0,300,wt,False,,1790,,0,,,,,
864583,2025-01-05,20250105_42_03#7B,RANK_7B,"7=2-1,5,3 (axis_sum=1.5)",3,0,0,300,wt,False,,840,,0,,,,,
864624,2025-01-05,20250105_74_01#7B,RANK_7B,"5=1-3,2,7 (axis_sum=1.4)",3,0,0,300,wt,False,,11050,,0,,,,,
864585,2025-01-05,20250105_74_04#7B,RANK_7B,"1=7-6,5,3 (axis_sum=1.6)",3,1,470,300,wt,False,,470,,0,,,,,
864635,2025-01-05,20250105_74_09#7B,RANK_7B,"1=2-4,5,7 (axis_sum=1.5)",3,1,520,300,wt,False,,520,,0,,,,,
864574,2025-01-05,20250105_87_05#7B,RANK_7B,"1=5-7,4,2 (axis_sum=1.5)",3,0,0,300,wt,False,,270,,0,,,,,
864644,2025-01-06,20250106_13_12#7B,RANK_7B,"1=4-5,2,6 (axis_sum=1.6)",3,0,0,300,wt,False,,1340,,0,,,,,
864587,2025-01-06,20250106_34_02#7B,RANK_7B,"1=2-4,5,7 (axis_sum=1.5)",3,0,0,300,wt,False,,840,,0,,,,,
864693,2025-01-06,20250106_34_05#7B,RANK_7B,"4=1-3,5,6 (axis_sum=1.1)",3,1,510,300,wt,False,,510,,0,,,,,
864626,2025-01-06,20250106_53_06#7B,RANK_7B,"3=4-2,5,6 (axis_sum=1.3)",3,1,380,300,wt,False,,380,,0,,,,,
864603,2025-01-06,20250106_81_07#7B,RANK_7B,"1=2-5,3,4 (axis_sum=1.5)",3,0,0,300,wt,False,,1330,,0,,,,,
864670,2025-01-07,20250107_34_06#7B,RANK_7B,"1=2-5,3,6 (axis_sum=1.1)",3,0,0,300,wt,False,,1500,,0,,,,,
864547,2025-01-07,20250107_45_09#7B,RANK_7B,"4=3-1,5,2 (axis_sum=1.5)",3,0,0,300,wt,False,,7340,,0,,,,,
864692,2025-01-07,20250107_71_05#7B,RANK_7B,"7=2-4,1,5 (axis_sum=1.2)",3,0,0,300,wt,False,,5480,,0,,,,,
864560,2025-01-07,20250107_71_11#7B,RANK_7B,"5=1-4,7,2 (axis_sum=1.5)",3,1,1140,300,wt,False,,1140,,0,,,,,
864650,2025-01-07,20250107_81_01#7B,RANK_7B,"2=3-4,5,6 (axis_sum=1.3)",3,1,830,300,wt,False,,830,,0,,,,,
864595,2025-01-07,20250107_81_07#7B,RANK_7B,"3=1-4,5,6 (axis_sum=1.6)",3,0,0,300,wt,False,,14040,,0,,,,,
864600,2025-01-07,20250107_86_05#7B,RANK_7B,"3=5-2,4,1 (axis_sum=1.4)",3,1,3220,300,wt,False,,3220,,0,,,,,
864558,2025-01-07,20250107_86_07#7B,RANK_7B,"5=1-4,3,6 (axis_sum=1.5)",3,0,0,300,wt,False,,580,,0,,,,,
864657,2025-01-08,20250108_26_03#7B,RANK_7B,"4=3-2,5,6 (axis_sum=1.2)",3,0,0,300,wt,False,,2070,,0,,,,,
864630,2025-01-08,20250108_45_11#7B,RANK_7B,"1=5-4,7,3 (axis_sum=1.2)",3,0,0,300,wt,False,,1260,,0,,,,,
864625,2025-01-08,20250108_71_09#7B,RANK_7B,"1=5-2,7,3 (axis_sum=1.3)",3,1,1430,300,wt,False,,1430,,0,,,,,
864607,2025-01-08,20250108_74_09#7B,RANK_7B,"1=2-3,4,5 (axis_sum=1.5)",3,1,2760,300,wt,False,,2760,,0,,,,,
864586,2025-01-09,20250109_24_01#7B,RANK_7B,"5=4-1,7,6 (axis_sum=1.3)",3,1,620,300,wt,False,,620,,0,,,,,
864535,2025-01-09,20250109_24_08#7B,RANK_7B,"1=7-2,5,3 (axis_sum=1.7)",3,0,0,300,wt,False,,120,,0,,,,,
864658,2025-01-09,20250109_45_12#7B,RANK_7B,"4=7-5,1,3 (axis_sum=1.2)",3,0,0,300,wt,False,,1180,,0,,,,,
864672,2025-01-09,20250109_86_03#7B,RANK_7B,"1=7-5,4,6 (axis_sum=1.1)",3,0,0,300,wt,False,,430,,0,,,,,
864663,2025-01-10,20250110_47_07#7B,RANK_7B,"2=5-7,1,6 (axis_sum=1.4)",3,0,0,300,wt,False,,1450,,0,,,,,
864648,2025-01-11,20250111_24_03#7B,RANK_7B,"3=6-4,5,7 (axis_sum=1.2)",3,0,0,300,wt,False,,6880,,0,,,,,
864669,2025-01-11,20250111_48_05#7B,RANK_7B,"3=5-7,2,1 (axis_sum=1.2)",3,1,1430,300,wt,False,,1430,,0,,,,,
864681,2025-01-11,20250111_48_11#7B,RANK_7B,"5=3-1,2,6 (axis_sum=1.5)",3,0,0,300,wt,False,,940,,0,,,,,
864561,2025-01-11,20250111_85_07#7B,RANK_7B,"1=2-4,5,3 (axis_sum=1.6)",3,0,0,300,wt,False,,50020,,0,,,,,
864684,2025-01-12,20250112_48_12#7B,RANK_7B,"4=5-7,6,2 (axis_sum=1.4)",3,1,670,300,wt,False,,670,,0,,,,,
864639,2025-01-12,20250112_55_02#7B,RANK_7B,"2=7-4,3,6 (axis_sum=1.2)",3,0,0,300,wt,False,,6120,,0,,,,,
864599,2025-01-12,20250112_63_06#7B,RANK_7B,"4=7-1,2,6 (axis_sum=1.7)",3,0,0,300,wt,False,,190,,0,,,,,
864637,2025-01-13,20250113_23_03#7B,RANK_7B,"7=5-4,2,3 (axis_sum=1.2)",3,0,0,300,wt,False,,3510,,0,,,,,
864668,2025-01-13,20250113_23_04#7B,RANK_7B,"4=1-3,7,5 (axis_sum=1.2)",3,0,0,300,wt,False,,1750,,0,,,,,
864592,2025-01-13,20250113_23_12#7B,RANK_7B,"7=1-5,4,3 (axis_sum=1.6)",3,1,770,300,wt,False,,770,,0,,,,,
864579,2025-01-13,20250113_27_04#7B,RANK_7B,"1=2-3,6,5 (axis_sum=1.3)",3,0,0,300,wt,False,,2200,,0,,,,,
864552,2025-01-13,20250113_38_10#7B,RANK_7B,"5=1-3,7,2 (axis_sum=1.7)",3,1,420,300,wt,False,,420,,0,,,,,
864536,2025-01-13,20250113_75_04#7B,RANK_7B,"1=4-5,3,7 (axis_sum=1.8)",3,0,0,300,wt,False,,2530,,0,,,,,
864685,2025-01-14,20250114_23_09#7B,RANK_7B,"4=5-1,7,3 (axis_sum=1.2)",3,0,0,300,wt,False,,6010,,0,,,,,
864551,2025-01-14,20250114_23_10#7B,RANK_7B,"7=2-4,5,6 (axis_sum=1.7)",3,0,0,300,wt,False,,13850,,0,,,,,
864627,2025-01-14,20250114_38_06#7B,RANK_7B,"1=2-7,3,6 (axis_sum=1.5)",3,0,0,300,wt,False,,10400,,0,,,,,
864640,2025-01-14,20250114_38_08#7B,RANK_7B,"1=5-2,7,6 (axis_sum=1.4)",3,0,0,300,wt,False,,2310,,0,,,,,
864694,2025-01-14,20250114_38_11#7B,RANK_7B,"2=7-1,4,5 (axis_sum=1.0)",3,0,0,300,wt,False,,480,,0,,,,,
864664,2025-01-14,20250114_43_07#7B,RANK_7B,"1=2-4,5,6 (axis_sum=1.2)",3,1,1020,300,wt,False,,1020,,0,,,,,
864533,2025-01-14,20250114_44_04#7B,RANK_7B,"4=2-3,5,1 (axis_sum=1.8)",3,1,1170,300,wt,False,,1170,,0,,,,,
864673,2025-01-14,20250114_44_05#7B,RANK_7B,"5=2-1,7,6 (axis_sum=1.2)",3,0,0,300,wt,False,,1450,,0,,,,,
864573,2025-01-14,20250114_44_09#7B,RANK_7B,"1=2-5,7,6 (axis_sum=1.6)",3,1,380,300,wt,False,,380,,0,,,,,
864601,2025-01-14,20250114_47_07#7B,RANK_7B,"1=2-3,5,4 (axis_sum=1.4)",3,1,1140,300,wt,False,,1140,,0,,,,,
864617,2025-01-15,20250115_38_03#7B,RANK_7B,"3=2-5,1,6 (axis_sum=1.3)",3,0,0,300,wt,False,,590,,0,,,,,
864641,2025-01-15,20250115_44_08#7B,RANK_7B,"1=3-7,2,4 (axis_sum=1.2)",3,0,0,300,wt,False,,980,,0,,,,,
864543,2025-01-15,20250115_53_03#7B,RANK_7B,"7=5-3,4,2 (axis_sum=1.8)",3,1,320,300,wt,False,,320,,0,,,,,
864594,2025-01-15,20250115_53_06#7B,RANK_7B,"5=7-4,1,2 (axis_sum=1.5)",3,0,0,300,wt,False,,2050,,0,,,,,
864689,2025-01-16,20250116_43_08#7B,RANK_7B,"3=5-4,1,7 (axis_sum=1.4)",3,0,0,300,wt,False,,4230,,0,,,,,
864564,2025-01-16,20250116_44_04#7B,RANK_7B,"5=2-7,3,4 (axis_sum=1.5)",3,1,330,300,wt,False,,330,,0,,,,,
864572,2025-01-16,20250116_47_04#7B,RANK_7B,"2=1-4,5,7 (axis_sum=1.4)",3,0,0,300,wt,False,,2730,,0,,,,,
864568,2025-01-16,20250116_83_03#7B,RANK_7B,"1=5-3,2,6 (axis_sum=1.7)",3,0,0,300,wt,False,,2020,,0,,,,,
864602,2025-01-18,20250118_61_06#7B,RANK_7B,"2=7-5,1,3 (axis_sum=1.5)",3,1,780,300,wt,False,,780,,0,,,,,
864605,2025-01-18,20250118_83_08#7B,RANK_7B,"4=3-5,1,2 (axis_sum=1.3)",3,1,500,300,wt,False,,500,,0,,,,,
864636,2025-01-18,20250118_83_10#7B,RANK_7B,"1=7-5,2,3 (axis_sum=1.3)",3,1,830,300,wt,False,,830,,0,,,,,
864549,2025-01-18,20250118_87_01#7B,RANK_7B,"5=1-2,7,6 (axis_sum=1.6)",3,1,970,300,wt,False,,970,,0,,,,,
864532,2025-01-18,20250118_87_06#7B,RANK_7B,"3=7-5,4,6 (axis_sum=1.8)",3,0,0,300,wt,False,,190,,0,,,,,
864683,2025-01-19,20250119_38_08#7B,RANK_7B,"7=4-3,5,6 (axis_sum=1.2)",3,1,780,300,wt,False,,780,,0,,,,,
864679,2025-01-19,20250119_87_08#7B,RANK_7B,"4=2-5,1,3 (axis_sum=1.2)",3,0,0,300,wt,False,,2330,,0,,,,,
864537,2025-01-20,20250120_34_06#7B,RANK_7B,"1=2-3,6,5 (axis_sum=1.4)",3,0,0,300,wt,False,,170,,0,,,,,
864557,2025-01-20,20250120_56_01#7B,RANK_7B,"1=7-5,4,3 (axis_sum=1.6)",3,0,0,300,wt,False,,1390,,0,,,,,
864661,2025-01-20,20250120_56_08#7B,RANK_7B,"4=2-1,5,7 (axis_sum=1.4)",3,0,0,300,wt,False,,380,,0,,,,,
864569,2025-01-20,20250120_56_11#7B,RANK_7B,"4=1-2,3,5 (axis_sum=1.6)",3,0,0,300,wt,False,,380,,0,,,,,
864540,2025-01-20,20250120_74_04#7B,RANK_7B,"3=1-2,5,7 (axis_sum=1.6)",3,1,610,300,wt,False,,610,,0,,,,,
864538,2025-01-20,20250120_74_08#7B,RANK_7B,"2=1-5,4,7 (axis_sum=1.8)",3,0,0,300,wt,False,,150,,0,,,,,
864656,2025-01-20,20250120_74_09#7B,RANK_7B,"1=4-2,3,6 (axis_sum=1.2)",3,0,0,300,wt,False,,2020,,0,,,,,
864584,2025-01-20,20250120_87_04#7B,RANK_7B,"7=1-5,2,3 (axis_sum=1.6)",3,0,0,300,wt,False,,2030,,0,,,,,
864633,2025-01-20,20250120_87_06#7B,RANK_7B,"7=1-2,4,6 (axis_sum=1.4)",3,0,0,300,wt,False,,360,,0,,,,,
864546,2025-01-20,20250120_87_10#7B,RANK_7B,"7=2-3,5,4 (axis_sum=1.7)",3,0,0,300,wt,False,,2860,,0,,,,,
864565,2025-01-20,20250120_87_12#7B,RANK_7B,"1=5-2,4,7 (axis_sum=1.6)",3,1,900,300,wt,False,,900,,0,,,,,
864659,2025-01-21,20250121_38_01#7B,RANK_7B,"5=3-2,1,7 (axis_sum=1.2)",3,0,0,300,wt,False,,1070,,0,,,,,
864645,2025-01-21,20250121_38_02#7B,RANK_7B,"4=3-5,6,7 (axis_sum=1.4)",3,0,0,300,wt,False,,460,,0,,,,,
864593,2025-01-21,20250121_71_07#7B,RANK_7B,"4=1-5,2,6 (axis_sum=1.4)",3,0,0,300,wt,False,,220,,0,,,,,
864619,2025-01-21,20250121_74_07#7B,RANK_7B,"2=1-3,5,6 (axis_sum=1.4)",3,0,0,300,wt,False,,1770,,0,,,,,
864631,2025-01-22,20250122_28_09#7B,RANK_7B,"1=2-4,3,6 (axis_sum=1.3)",3,1,630,300,wt,False,,630,,0,,,,,
864588,2025-01-22,20250122_34_01#7B,RANK_7B,"4=1-3,6,5 (axis_sum=1.4)",3,0,0,300,wt,False,,2960,,0,,,,,
864582,2025-01-22,20250122_34_06#7B,RANK_7B,"2=5-4,3,6 (axis_sum=1.3)",3,0,0,300,wt,False,,260,,0,,,,,
864562,2025-01-22,20250122_56_10#7B,RANK_7B,"1=2-7,5,4 (axis_sum=1.5)",3,0,0,300,wt,False,,260,,0,,,,,
864676,2025-01-22,20250122_71_09#7B,RANK_7B,"3=4-5,2,1 (axis_sum=1.2)",3,0,0,300,wt,False,,540,,0,,,,,
864623,2025-01-22,20250122_74_09#7B,RANK_7B,"1=2-5,3,6 (axis_sum=1.4)",3,1,430,300,wt,False,,430,,0,,,,,
864589,2025-01-23,20250123_28_05#7B,RANK_7B,"5=1-4,7,6 (axis_sum=1.4)",3,0,0,300,wt,False,,620,,0,,,,,
864660,2025-01-23,20250123_28_12#7B,RANK_7B,"7=1-4,3,2 (axis_sum=1.4)",3,0,0,300,wt,False,,750,,0,,,,,
864563,2025-01-23,20250123_85_02#7B,RANK_7B,"2=1-6,4,5 (axis_sum=1.7)",3,1,670,300,wt,False,,670,,0,,,,,
864629,2025-01-23,20250123_85_05#7B,RANK_7B,"1=3-2,6,5 (axis_sum=1.3)",3,0,0,300,wt,False,,1290,,0,,,,,
864548,2025-01-24,20250124_13_08#7B,RANK_7B,"4=7-2,1,5 (axis_sum=1.5)",3,1,450,300,wt,False,,450,,0,,,,,
864667,2025-01-24,20250124_22_01#7B,RANK_7B,"2=7-3,5,4 (axis_sum=1.1)",3,0,0,300,wt,False,,1310,,0,,,,,
864662,2025-01-24,20250124_28_12#7B,RANK_7B,"2=3-1,5,7 (axis_sum=1.4)",3,1,1070,300,wt,False,,1070,,0,,,,,
864655,2025-01-24,20250124_85_04#7B,RANK_7B,"3=2-5,4,6 (axis_sum=1.0)",3,0,0,300,wt,False,,900,,0,,,,,
864621,2025-01-24,20250124_87_01#7B,RANK_7B,"2=7-1,3,4 (axis_sum=1.2)",3,0,0,300,wt,False,,2240,,0,,,,,
864581,2025-01-24,20250124_87_03#7B,RANK_7B,"3=2-6,4,7 (axis_sum=1.5)",3,1,2640,300,wt,False,,2640,,0,,,,,
864638,2025-01-25,20250125_13_06#7B,RANK_7B,"2=1-5,4,3 (axis_sum=1.2)",3,0,0,300,wt,False,,1000,,0,,,,,
864616,2025-01-25,20250125_34_12#7B,RANK_7B,"1=5-4,7,3 (axis_sum=1.3)",3,0,0,300,wt,False,,820,,0,,,,,
864651,2025-01-25,20250125_44_04#7B,RANK_7B,"1=3-4,6,2 (axis_sum=1.2)",3,1,510,300,wt,False,,510,,0,,,,,
864544,2025-01-26,20250126_13_03#7B,RANK_7B,"1=7-4,2,6 (axis_sum=1.6)",3,1,970,300,wt,False,,970,,0,,,,,
864620,2025-01-26,20250126_71_01#7B,RANK_7B,"5=4-2,7,3 (axis_sum=1.4)",3,0,0,300,wt,False,,470,,0,,,,,
864542,2025-01-26,20250126_73_08#7B,RANK_7B,"7=2-1,5,3 (axis_sum=1.7)",3,0,0,300,wt,False,,170,,0,,,,,
864555,2025-01-26,20250126_81_04#7B,RANK_7B,"2=1-4,5,7 (axis_sum=1.7)",3,1,260,300,wt,False,,260,,0,,,,,
864674,2025-01-26,20250126_86_05#7B,RANK_7B,"4=3-2,6,5 (axis_sum=1.1)",3,0,0,300,wt,False,,710,,0,,,,,
864591,2025-01-27,20250127_27_06#7B,RANK_7B,"1=5-7,2,3 (axis_sum=1.4)",3,0,0,300,wt,False,,3650,,0,,,,,
864671,2025-01-27,20250127_27_12#7B,RANK_7B,"5=3-2,4,1 (axis_sum=1.4)",3,0,0,300,wt,False,,1880,,0,,,,,
864678,2025-01-27,20250127_34_06#7B,RANK_7B,"4=3-5,2,6 (axis_sum=1.5)",3,0,0,300,wt,False,,420,,0,,,,,
864578,2025-01-27,20250127_56_01#7B,RANK_7B,"1=4-3,5,6 (axis_sum=1.5)",3,0,0,300,wt,False,,1170,,0,,,,,
864628,2025-01-27,20250127_56_02#7B,RANK_7B,"4=1-3,6,7 (axis_sum=1.5)",3,0,0,300,wt,False,,3290,,0,,,,,
864545,2025-01-27,20250127_56_04#7B,RANK_7B,"5=4-7,6,2 (axis_sum=1.7)",3,0,0,300,wt,False,,180,,0,,,,,
864615,2025-01-27,20250127_71_03#7B,RANK_7B,"7=1-2,4,3 (axis_sum=1.4)",3,0,0,300,wt,False,,240,,0,,,,,
864571,2025-01-27,20250127_73_09#7B,RANK_7B,"7=1-2,3,4 (axis_sum=1.6)",3,1,1000,300,wt,False,,1000,,0,,,,,
864647,2025-01-27,20250127_81_07#7B,RANK_7B,"4=3-1,5,6 (axis_sum=1.2)",3,0,0,300,wt,False,,2210,,0,,,,,
864597,2025-01-28,20250128_56_04#7B,RANK_7B,"1=2-4,5,3 (axis_sum=1.3)",3,0,0,300,wt,False,,1240,,0,,,,,
864665,2025-01-28,20250128_56_06#7B,RANK_7B,"3=4-2,5,7 (axis_sum=1.3)",3,0,0,300,wt,False,,560,,0,,,,,
864691,2025-01-28,20250128_56_12#7B,RANK_7B,"7=5-4,2,3 (axis_sum=1.3)",3,0,0,300,wt,False,,410,,0,,,,,
864677,2025-01-28,20250128_73_06#7B,RANK_7B,"3=5-1,2,7 (axis_sum=1.2)",3,1,750,300,wt,False,,750,,0,,,,,
864643,2025-01-28,20250128_73_08#7B,RANK_7B,"4=1-7,2,5 (axis_sum=1.3)",3,0,0,300,wt,False,,4410,,0,,,,,
864541,2025-01-28,20250128_81_04#7B,RANK_7B,"1=2-3,4,5 (axis_sum=1.6)",3,0,0,300,wt,False,,170,,0,,,,,
864622,2025-01-29,20250129_27_12#7B,RANK_7B,"2=7-4,1,6 (axis_sum=1.5)",3,0,0,300,wt,False,,280,,0,,,,,
864686,2025-01-29,20250129_31_09#7B,RANK_7B,"1=3-4,2,6 (axis_sum=1.4)",3,0,0,300,wt,False,,320,,0,,,,,
864559,2025-01-29,20250129_42_05#7B,RANK_7B,"2=1-4,6,5 (axis_sum=1.6)",3,1,2780,300,wt,False,,2780,,0,,,,,
864690,2025-01-29,20250129_56_06#7B,RANK_7B,"7=1-5,3,4 (axis_sum=1.3)",3,1,700,300,wt,False,,700,,0,,,,,
864682,2025-01-29,20250129_56_07#7B,RANK_7B,"2=4-7,5,3 (axis_sum=1.2)",3,1,440,300,wt,False,,440,,0,,,,,
864652,2025-01-29,20250129_56_12#7B,RANK_7B,"7=2-1,3,4 (axis_sum=1.3)",3,0,0,300,wt,False,,5290,,0,,,,,
864613,2025-01-29,20250129_83_02#7B,RANK_7B,"3=4-7,5,2 (axis_sum=1.3)",3,0,0,300,wt,False,,1600,,0,,,,,
864632,2025-01-29,20250129_83_09#7B,RANK_7B,"7=2-4,5,1 (axis_sum=1.5)",3,0,0,300,wt,False,,11130,,0,,,,,
864611,2025-01-30,20250130_23_06#7B,RANK_7B,"3=1-2,7,5 (axis_sum=1.4)",3,0,0,300,wt,False,,1090,,0,,,,,
864596,2025-01-30,20250130_31_03#7B,RANK_7B,"1=2-3,4,7 (axis_sum=1.4)",3,0,0,300,wt,False,,2890,,0,,,,,
864609,2025-01-30,20250130_31_07#7B,RANK_7B,"1=2-3,6,5 (axis_sum=1.3)",3,1,1280,300,wt,False,,1280,,0,,,,,
864576,2025-01-30,20250130_31_08#7B,RANK_7B,"2=1-3,4,7 (axis_sum=1.5)",3,1,390,300,wt,False,,390,,0,,,,,
864580,2025-01-30,20250130_42_08#7B,RANK_7B,"1=2-3,6,7 (axis_sum=1.5)",3,0,0,300,wt,False,,2030,,0,,,,,
864612,2025-01-30,20250130_83_03#7B,RANK_7B,"1=5-7,2,3 (axis_sum=1.3)",3,0,0,300,wt,False,,2860,,0,,,,,
864649,2025-01-30,20250130_83_08#7B,RANK_7B,"4=2-3,7,5 (axis_sum=1.2)",3,1,860,300,wt,False,,860,,0,,,,,
864577,2025-01-31,20250131_22_01#7B,RANK_7B,"5=3-2,7,4 (axis_sum=1.5)",3,0,0,300,wt,False,,140,,0,,,,,
864575,2025-01-31,20250131_31_03#7B,RANK_7B,"1=5-3,4,7 (axis_sum=1.5)",3,1,980,300,wt,False,,980,,0,,,,,
864733,2025-02-01,20250201_13_10#7B,RANK_7B,"1=4-2,3,5 (axis_sum=1.7)",3,1,250,300,wt,False,,250,,0,,,,,
864810,2025-02-01,20250201_22_07#7B,RANK_7B,"4=2-7,1,3 (axis_sum=1.5)",3,0,0,300,wt,False,,600,,0,,,,,
864746,2025-02-01,20250201_22_08#7B,RANK_7B,"2=4-3,1,6 (axis_sum=1.6)",3,0,0,300,wt,False,,170,,0,,,,,
864863,2025-02-01,20250201_26_05#7B,RANK_7B,"7=2-5,1,3 (axis_sum=1.2)",3,0,0,300,wt,False,,7220,,0,,,,,
864729,2025-02-01,20250201_44_10#7B,RANK_7B,"7=5-3,4,1 (axis_sum=1.5)",3,0,0,300,wt,False,,2140,,0,,,,,
864807,2025-02-01,20250201_81_08#7B,RANK_7B,"3=7-1,2,6 (axis_sum=1.4)",3,1,860,300,wt,False,,860,,0,,,,,
864738,2025-02-02,20250202_13_07#7B,RANK_7B,"1=4-5,6,7 (axis_sum=1.5)",3,0,0,300,wt,False,,14100,,0,,,,,
864850,2025-02-02,20250202_13_08#7B,RANK_7B,"4=7-3,2,5 (axis_sum=1.3)",3,0,0,300,wt,False,,2670,,0,,,,,
864713,2025-02-02,20250202_26_03#7B,RANK_7B,"4=7-2,1,5 (axis_sum=1.6)",3,1,2640,300,wt,False,,2640,,0,,,,,
864797,2025-02-02,20250202_44_10#7B,RANK_7B,"5=3-2,1,4 (axis_sum=1.3)",3,0,0,300,wt,False,,1200,,0,,,,,
864721,2025-02-02,20250202_53_01#7B,RANK_7B,"1=5-2,4,6 (axis_sum=1.3)",3,0,0,300,wt,False,,2910,,0,,,,,
864839,2025-02-02,20250202_53_02#7B,RANK_7B,"1=2-4,5,7 (axis_sum=1.3)",3,0,0,300,wt,False,,7930,,0,,,,,
864749,2025-02-02,20250202_81_08#7B,RANK_7B,"2=5-1,4,3 (axis_sum=1.4)",3,0,0,300,wt,False,,1010,,0,,,,,
864763,2025-02-02,20250202_86_01#7B,RANK_7B,"3=7-1,2,6 (axis_sum=1.3)",3,0,0,300,wt,False,,2040,,0,,,,,
864745,2025-02-03,20250203_34_01#7B,RANK_7B,"2=3-7,1,6 (axis_sum=1.5)",3,0,0,300,wt,False,,2560,,0,,,,,
864787,2025-02-03,20250203_34_08#7B,RANK_7B,"2=5-7,4,1 (axis_sum=1.1)",3,1,940,300,wt,False,,940,,0,,,,,
864803,2025-02-03,20250203_38_04#7B,RANK_7B,"1=5-3,4,7 (axis_sum=1.3)",3,0,0,300,wt,False,,400,,0,,,,,
864753,2025-02-03,20250203_44_03#7B,RANK_7B,"2=5-4,1,3 (axis_sum=1.4)",3,0,0,300,wt,False,,460,,0,,,,,
864874,2025-02-03,20250203_44_04#7B,RANK_7B,"6=1-3,4,5 (axis_sum=1.1)",3,0,0,300,wt,False,,1040,,0,,,,,
864778,2025-02-03,20250203_53_03#7B,RANK_7B,"4=2-5,3,6 (axis_sum=1.2)",3,0,0,300,wt,False,,510,,0,,,,,
864717,2025-02-03,20250203_86_05#7B,RANK_7B,"3=4-6,5,2 (axis_sum=1.4)",3,1,580,300,wt,False,,580,,0,,,,,
864843,2025-02-04,20250204_34_08#7B,RANK_7B,"3=7-1,4,2 (axis_sum=1.3)",3,1,640,300,wt,False,,640,,0,,,,,
864719,2025-02-04,20250204_42_04#7B,RANK_7B,"5=3-4,7,2 (axis_sum=1.6)",3,0,0,300,wt,False,,450,,0,,,,,
864724,2025-02-04,20250204_81_10#7B,RANK_7B,"1=7-2,5,4 (axis_sum=1.7)",3,1,940,300,wt,False,,940,,0,,,,,
864728,2025-02-05,20250205_22_07#7B,RANK_7B,"2=1-3,7,5 (axis_sum=1.6)",3,0,0,300,wt,False,,260,,0,,,,,
864867,2025-02-05,20250205_22_09#7B,RANK_7B,"1=3-6,5,7 (axis_sum=1.2)",3,0,0,300,wt,False,,1700,,0,,,,,
864859,2025-02-05,20250205_34_02#7B,RANK_7B,"7=4-5,2,6 (axis_sum=1.2)",3,0,0,300,wt,False,,230,,0,,,,,
864852,2025-02-05,20250205_34_07#7B,RANK_7B,"4=3-7,5,6 (axis_sum=1.5)",3,1,590,300,wt,False,,590,,0,,,,,
864732,2025-02-05,20250205_61_04#7B,RANK_7B,"2=1-4,7,6 (axis_sum=1.4)",3,0,0,300,wt,False,,1670,,0,,,,,
864804,2025-02-05,20250205_61_05#7B,RANK_7B,"1=2-4,5,7 (axis_sum=1.3)",3,0,0,300,wt,False,,930,,0,,,,,
864785,2025-02-05,20250205_74_08#7B,RANK_7B,"4=7-2,3,5 (axis_sum=1.5)",3,0,0,300,wt,False,,8250,,0,,,,,
864736,2025-02-06,20250206_22_05#7B,RANK_7B,"2=1-3,5,6 (axis_sum=1.3)",3,1,1270,300,wt,False,,1270,,0,,,,,
864808,2025-02-06,20250206_43_10#7B,RANK_7B,"1=7-2,4,6 (axis_sum=1.4)",3,0,0,300,wt,False,,1290,,0,,,,,
864822,2025-02-06,20250206_61_03#7B,RANK_7B,"1=2-6,3,7 (axis_sum=1.2)",3,0,0,300,wt,False,,990,,0,,,,,
864743,2025-02-06,20250206_74_02#7B,RANK_7B,"4=1-5,3,6 (axis_sum=1.4)",3,0,0,300,wt,False,,5130,,0,,,,,
864783,2025-02-06,20250206_74_06#7B,RANK_7B,"5=7-2,3,6 (axis_sum=1.4)",3,0,0,300,wt,False,,1130,,0,,,,,
864800,2025-02-06,20250206_81_05#7B,RANK_7B,"7=5-1,4,3 (axis_sum=1.2)",3,0,0,300,wt,False,,3560,,0,,,,,
864835,2025-02-06,20250206_81_08#7B,RANK_7B,"4=5-1,2,7 (axis_sum=1.4)",3,0,0,300,wt,False,,4740,,0,,,,,
864869,2025-02-06,20250206_81_12#7B,RANK_7B,"4=2-1,5,7 (axis_sum=1.3)",3,1,1800,300,wt,False,,1800,,0,,,,,
864774,2025-02-07,20250207_25_02#7B,RANK_7B,"7=5-4,1,3 (axis_sum=1.4)",3,0,0,300,wt,False,,670,,0,,,,,
864722,2025-02-07,20250207_38_10#7B,RANK_7B,"5=1-4,3,6 (axis_sum=1.7)",3,1,670,300,wt,False,,670,,0,,,,,
864862,2025-02-07,20250207_43_08#7B,RANK_7B,"2=5-3,7,1 (axis_sum=1.2)",3,0,0,300,wt,False,,350,,0,,,,,
864727,2025-02-07,20250207_43_09#7B,RANK_7B,"1=7-4,5,3 (axis_sum=1.6)",3,0,0,300,wt,False,,2510,,0,,,,,
864865,2025-02-07,20250207_43_11#7B,RANK_7B,"3=6-2,1,7 (axis_sum=1.3)",3,0,0,300,wt,False,,1070,,0,,,,,
864790,2025-02-07,20250207_63_01#7B,RANK_7B,"4=2-5,3,7 (axis_sum=1.2)",3,1,900,300,wt,False,,900,,0,,,,,
864699,2025-02-07,20250207_83_03#7B,RANK_7B,"4=1-5,3,2 (axis_sum=1.8)",3,0,0,300,wt,False,,3770,,0,,,,,
864734,2025-02-07,20250207_83_06#7B,RANK_7B,"4=2-7,1,3 (axis_sum=1.6)",3,0,0,300,wt,False,,1680,,0,,,,,
864701,2025-02-08,20250208_25_02#7B,RANK_7B,"1=5-2,7,4 (axis_sum=1.7)",3,0,0,300,wt,False,,130,,0,,,,,
864827,2025-02-08,20250208_38_09#7B,RANK_7B,"4=1-3,5,2 (axis_sum=1.3)",3,0,0,300,wt,False,,3690,,0,,,,,
864715,2025-02-08,20250208_45_06#7B,RANK_7B,"2=1-4,5,7 (axis_sum=1.6)",3,1,1650,300,wt,False,,1650,,0,,,,,
864768,2025-02-08,20250208_83_03#7B,RANK_7B,"1=4-3,6,2 (axis_sum=1.5)",3,0,0,300,wt,False,,8760,,0,,,,,
864806,2025-02-08,20250208_83_11#7B,RANK_7B,"2=1-3,7,4 (axis_sum=1.4)",3,1,380,300,wt,False,,380,,0,,,,,
864788,2025-02-08,20250208_83_12#7B,RANK_7B,"4=1-3,2,5 (axis_sum=1.5)",3,0,0,300,wt,False,,200,,0,,,,,
864752,2025-02-08,20250208_86_04#7B,RANK_7B,"3=1-5,7,4 (axis_sum=1.6)",3,0,0,300,wt,False,,5950,,0,,,,,
864853,2025-02-08,20250208_86_05#7B,RANK_7B,"1=2-4,6,5 (axis_sum=1.2)",3,1,890,300,wt,False,,890,,0,,,,,
864846,2025-02-09,20250209_38_07#7B,RANK_7B,"4=1-3,5,2 (axis_sum=1.4)",3,0,0,300,wt,False,,890,,0,,,,,
864771,2025-02-09,20250209_47_11#7B,RANK_7B,"1=7-2,3,4 (axis_sum=1.6)",3,0,0,300,wt,False,,1130,,0,,,,,
864773,2025-02-09,20250209_86_04#7B,RANK_7B,"3=2-4,6,7 (axis_sum=1.5)",3,0,0,300,wt,False,,430,,0,,,,,
864784,2025-02-10,20250210_45_04#7B,RANK_7B,"3=4-2,5,7 (axis_sum=1.4)",3,0,0,300,wt,False,,1620,,0,,,,,
864798,2025-02-10,20250210_45_05#7B,RANK_7B,"1=5-2,4,6 (axis_sum=1.4)",3,1,800,300,wt,False,,800,,0,,,,,
864795,2025-02-10,20250210_47_08#7B,RANK_7B,"3=7-4,5,1 (axis_sum=1.4)",3,0,0,300,wt,False,,520,,0,,,,,
864875,2025-02-10,20250210_47_11#7B,RANK_7B,"4=2-5,6,1 (axis_sum=1.3)",3,0,0,300,wt,False,,720,,0,,,,,
864769,2025-02-10,20250210_75_01#7B,RANK_7B,"2=4-5,3,1 (axis_sum=1.6)",3,0,0,300,wt,False,,220,,0,,,,,
864708,2025-02-10,20250210_75_04#7B,RANK_7B,"5=1-7,3,4 (axis_sum=1.7)",3,0,0,300,wt,False,,220,,0,,,,,
864741,2025-02-11,20250211_24_05#7B,RANK_7B,"7=1-2,6,5 (axis_sum=1.4)",3,0,0,300,wt,False,,160,,0,,,,,
864833,2025-02-11,20250211_27_10#7B,RANK_7B,"5=1-4,7,3 (axis_sum=1.3)",3,0,0,300,wt,False,,930,,0,,,,,
864815,2025-02-11,20250211_27_11#7B,RANK_7B,"7=1-5,2,6 (axis_sum=1.4)",3,1,1220,300,wt,False,,1220,,0,,,,,
864718,2025-02-11,20250211_42_03#7B,RANK_7B,"2=1-3,5,6 (axis_sum=1.5)",3,0,0,300,wt,False,,840,,0,,,,,
864703,2025-02-11,20250211_42_08#7B,RANK_7B,"1=2-3,6,4 (axis_sum=1.6)",3,1,300,300,wt,False,,300,,0,,,,,
864772,2025-02-11,20250211_47_06#7B,RANK_7B,"5=1-7,2,6 (axis_sum=1.5)",3,0,0,300,wt,False,,30920,,0,,,,,
864876,2025-02-11,20250211_47_08#7B,RANK_7B,"1=5-2,3,7 (axis_sum=1.0)",3,0,0,300,wt,False,,20960,,0,,,,,
864816,2025-02-11,20250211_75_11#7B,RANK_7B,"5=4-3,6,2 (axis_sum=1.5)",3,1,3080,300,wt,False,,3080,,0,,,,,
864764,2025-02-12,20250212_24_01#7B,RANK_7B,"7=2-5,3,6 (axis_sum=1.3)",3,0,0,300,wt,False,,1270,,0,,,,,
864871,2025-02-12,20250212_24_04#7B,RANK_7B,"7=3-5,4,1 (axis_sum=1.2)",3,0,0,300,wt,False,,1920,,0,,,,,
864821,2025-02-12,20250212_24_08#7B,RANK_7B,"7=2-5,1,3 (axis_sum=1.5)",3,0,0,300,wt,False,,250,,0,,,,,
864868,2025-02-12,20250212_42_03#7B,RANK_7B,"2=5-3,4,7 (axis_sum=1.2)",3,0,0,300,wt,False,,3970,,0,,,,,
864766,2025-02-12,20250212_43_04#7B,RANK_7B,"2=5-4,7,1 (axis_sum=1.4)",3,0,0,300,wt,False,,4450,,0,,,,,
864870,2025-02-12,20250212_75_02#7B,RANK_7B,"3=2-4,1,7 (axis_sum=1.0)",3,0,0,300,wt,False,,490,,0,,,,,
864782,2025-02-12,20250212_75_03#7B,RANK_7B,"4=2-1,3,5 (axis_sum=1.3)",3,0,0,300,wt,False,,1920,,0,,,,,
864747,2025-02-12,20250212_75_06#7B,RANK_7B,"4=5-1,7,2 (axis_sum=1.3)",3,0,0,300,wt,False,,4080,,0,,,,,
864856,2025-02-12,20250212_75_07#7B,RANK_7B,"1=5-3,2,4 (axis_sum=1.3)",3,0,0,300,wt,False,,750,,0,,,,,
864877,2025-02-12,20250212_75_11#7B,RANK_7B,"3=1-7,6,5 (axis_sum=1.2)",3,0,0,300,wt,False,,13360,,0,,,,,
864761,2025-02-12,20250212_81_03#7B,RANK_7B,"2=1-3,4,7 (axis_sum=1.3)",3,0,0,300,wt,False,,5740,,0,,,,,
864796,2025-02-12,20250212_81_05#7B,RANK_7B,"3=1-4,5,6 (axis_sum=1.2)",3,1,1720,300,wt,False,,1720,,0,,,,,
864710,2025-02-13,20250213_26_06#7B,RANK_7B,"7=5-3,4,2 (axis_sum=1.5)",3,0,0,300,wt,False,,330,,0,,,,,
864826,2025-02-13,20250213_26_09#7B,RANK_7B,"3=5-4,2,6 (axis_sum=1.2)",3,0,0,300,wt,False,,15690,,0,,,,,
864873,2025-02-13,20250213_26_12#7B,RANK_7B,"5=7-1,3,4 (axis_sum=1.4)",3,0,0,300,wt,False,,3020,,0,,,,,
864824,2025-02-13,20250213_42_05#7B,RANK_7B,"3=2-6,4,7 (axis_sum=1.4)",3,1,710,300,wt,False,,710,,0,,,,,
864705,2025-02-13,20250213_42_08#7B,RANK_7B,"1=2-4,5,6 (axis_sum=1.6)",3,0,0,300,wt,False,,2640,,0,,,,,
864776,2025-02-13,20250213_43_10#7B,RANK_7B,"1=7-4,6,5 (axis_sum=1.6)",3,1,1380,300,wt,False,,1380,,0,,,,,
864866,2025-02-13,20250213_71_02#7B,RANK_7B,"4=3-5,7,1 (axis_sum=1.2)",3,0,0,300,wt,False,,8520,,0,,,,,
864828,2025-02-13,20250213_71_09#7B,RANK_7B,"3=5-7,2,1 (axis_sum=1.4)",3,0,0,300,wt,False,,1670,,0,,,,,
864700,2025-02-14,20250214_26_02#7B,RANK_7B,"5=1-7,3,2 (axis_sum=1.7)",3,0,0,300,wt,False,,5510,,0,,,,,
864750,2025-02-14,20250214_26_05#7B,RANK_7B,"4=5-3,7,6 (axis_sum=1.8)",3,0,0,300,wt,False,,1360,,0,,,,,
864802,2025-02-14,20250214_26_07#7B,RANK_7B,"3=1-6,4,2 (axis_sum=1.5)",3,1,590,300,wt,False,,590,,0,,,,,
864756,2025-02-14,20250214_61_01#7B,RANK_7B,"7=5-3,4,2 (axis_sum=1.3)",3,0,0,300,wt,False,,1370,,0,,,,,
864704,2025-02-14,20250214_61_04#7B,RANK_7B,"7=4-5,2,6 (axis_sum=1.7)",3,0,0,300,wt,False,,130,,0,,,,,
864848,2025-02-15,20250215_26_03#7B,RANK_7B,"2=3-1,5,7 (axis_sum=1.1)",3,0,0,300,wt,False,,550,,0,,,,,
864794,2025-02-15,20250215_44_05#7B,RANK_7B,"1=2-5,3,4 (axis_sum=1.3)",3,0,0,300,wt,False,,4240,,0,,,,,
864748,2025-02-15,20250215_61_11#7B,RANK_7B,"1=2-5,4,3 (axis_sum=1.5)",3,1,1680,300,wt,False,,1680,,0,,,,,
864786,2025-02-16,20250216_27_01#7B,RANK_7B,"1=5-4,7,2 (axis_sum=1.6)",3,0,0,300,wt,False,,3170,,0,,,,,
864779,2025-02-16,20250216_27_05#7B,RANK_7B,"5=7-3,4,1 (axis_sum=1.5)",3,0,0,300,wt,False,,570,,0,,,,,
864754,2025-02-16,20250216_44_02#7B,RANK_7B,"4=5-1,2,6 (axis_sum=1.4)",3,0,0,300,wt,False,,180,,0,,,,,
864707,2025-02-16,20250216_44_07#7B,RANK_7B,"2=1-3,5,7 (axis_sum=1.7)",3,0,0,300,wt,False,,900,,0,,,,,
864755,2025-02-16,20250216_86_03#7B,RANK_7B,"2=7-3,5,1 (axis_sum=1.5)",3,1,870,300,wt,False,,870,,0,,,,,
864823,2025-02-17,20250217_27_06#7B,RANK_7B,"7=1-2,3,6 (axis_sum=1.3)",3,0,0,300,wt,False,,5450,,0,,,,,
864844,2025-02-17,20250217_27_07#7B,RANK_7B,"3=7-1,6,4 (axis_sum=1.4)",3,1,660,300,wt,False,,660,,0,,,,,
864857,2025-02-17,20250217_47_05#7B,RANK_7B,"4=5-1,7,3 (axis_sum=1.4)",3,0,0,300,wt,False,,530,,0,,,,,
864831,2025-02-17,20250217_73_03#7B,RANK_7B,"1=3-2,4,7 (axis_sum=1.5)",3,1,340,300,wt,False,,340,,0,,,,,
864832,2025-02-17,20250217_73_06#7B,RANK_7B,"5=1-4,3,6 (axis_sum=1.5)",3,0,0,300,wt,False,,1110,,0,,,,,
864697,2025-02-17,20250217_87_01#7B,RANK_7B,"7=3-1,4,6 (axis_sum=1.6)",3,0,0,300,wt,False,,130,,0,,,,,
864819,2025-02-17,20250217_87_03#7B,RANK_7B,"7=2-3,4,1 (axis_sum=1.4)",3,0,0,300,wt,False,,21500,,0,,,,,
864742,2025-02-18,20250218_27_07#7B,RANK_7B,"5=4-1,2,6 (axis_sum=1.4)",3,0,0,300,wt,False,,570,,0,,,,,
864820,2025-02-18,20250218_27_08#7B,RANK_7B,"2=5-1,7,4 (axis_sum=1.4)",3,0,0,300,wt,False,,380,,0,,,,,
864737,2025-02-18,20250218_27_10#7B,RANK_7B,"1=4-5,7,2 (axis_sum=1.6)",3,1,280,300,wt,False,,280,,0,,,,,
864854,2025-02-18,20250218_47_04#7B,RANK_7B,"1=3-5,7,2 (axis_sum=1.1)",3,0,0,300,wt,False,,5400,,0,,,,,
864765,2025-02-18,20250218_56_06#7B,RANK_7B,"4=2-7,3,5 (axis_sum=1.4)",3,0,0,300,wt,False,,1280,,0,,,,,
864817,2025-02-18,20250218_56_12#7B,RANK_7B,"2=5-7,1,3 (axis_sum=1.4)",3,1,350,300,wt,False,,350,,0,,,,,
864861,2025-02-18,20250218_87_11#7B,RANK_7B,"5=4-3,1,2 (axis_sum=1.4)",3,0,0,300,wt,False,,640,,0,,,,,
864780,2025-02-19,20250219_24_09#7B,RANK_7B,"1=2-5,7,6 (axis_sum=1.3)",3,0,0,300,wt,False,,4650,,0,,,,,
864814,2025-02-19,20250219_24_10#7B,RANK_7B,"3=1-4,7,5 (axis_sum=1.5)",3,0,0,300,wt,False,,210,,0,,,,,
864837,2025-02-19,20250219_47_04#7B,RANK_7B,"5=1-2,4,7 (axis_sum=1.2)",3,1,440,300,wt,False,,440,,0,,,,,
864849,2025-02-19,20250219_47_05#7B,RANK_7B,"2=4-7,1,5 (axis_sum=1.3)",3,0,0,300,wt,False,,1440,,0,,,,,
864847,2025-02-19,20250219_47_11#7B,RANK_7B,"1=3-7,5,2 (axis_sum=1.5)",3,0,0,300,wt,False,,670,,0,,,,,
864851,2025-02-19,20250219_47_12#7B,RANK_7B,"4=3-7,2,6 (axis_sum=1.4)",3,0,0,300,wt,False,,2140,,0,,,,,
864702,2025-02-19,20250219_63_02#7B,RANK_7B,"3=1-5,2,4 (axis_sum=1.6)",3,1,260,300,wt,False,,260,,0,,,,,
864720,2025-02-19,20250219_63_03#7B,RANK_7B,"3=4-2,1,7 (axis_sum=1.8)",3,0,0,300,wt,False,,290,,0,,,,,
864864,2025-02-19,20250219_63_12#7B,RANK_7B,"4=5-6,1,2 (axis_sum=1.3)",3,0,0,300,wt,False,,1690,,0,,,,,
864842,2025-02-19,20250219_73_07#7B,RANK_7B,"1=3-5,4,6 (axis_sum=1.3)",3,0,0,300,wt,False,,990,,0,,,,,
864716,2025-02-19,20250219_81_04#7B,RANK_7B,"1=7-2,3,5 (axis_sum=1.7)",3,0,0,300,wt,False,,190,,0,,,,,
864730,2025-02-19,20250219_81_07#7B,RANK_7B,"4=7-5,3,2 (axis_sum=1.5)",3,1,980,300,wt,False,,980,,0,,,,,
864726,2025-02-19,20250219_81_08#7B,RANK_7B,"7=1-5,2,3 (axis_sum=1.4)",3,1,340,300,wt,False,,340,,0,,,,,
864744,2025-02-19,20250219_81_10#7B,RANK_7B,"4=1-2,7,6 (axis_sum=1.6)",3,1,360,300,wt,False,,360,,0,,,,,
864777,2025-02-19,20250219_85_04#7B,RANK_7B,"1=3-2,4,6 (axis_sum=1.4)",3,0,0,300,wt,False,,220,,0,,,,,
864793,2025-02-19,20250219_85_06#7B,RANK_7B,"1=2-5,4,6 (axis_sum=1.3)",3,0,0,300,wt,False,,4710,,0,,,,,
864812,2025-02-20,20250220_56_12#7B,RANK_7B,"1=3-2,7,6 (axis_sum=1.4)",3,0,0,300,wt,False,,360,,0,,,,,
864841,2025-02-20,20250220_63_08#7B,RANK_7B,"2=3-5,4,1 (axis_sum=1.3)",3,0,0,300,wt,False,,980,,0,,,,,
864706,2025-02-21,20250221_25_02#7B,RANK_7B,"4=3-5,1,7 (axis_sum=1.6)",3,0,0,300,wt,False,,310,,0,,,,,
864845,2025-02-21,20250221_35_07#7B,RANK_7B,"1=4-3,5,6 (axis_sum=1.2)",3,0,0,300,wt,False,,4770,,0,,,,,
864711,2025-02-21,20250221_53_01#7B,RANK_7B,"2=1-3,7,4 (axis_sum=1.6)",3,1,3800,300,wt,False,,3800,,0,,,,,
864789,2025-02-21,20250221_53_09#7B,RANK_7B,"2=1-5,4,6 (axis_sum=1.4)",3,0,0,300,wt,False,,2500,,0,,,,,
864735,2025-02-21,20250221_61_03#7B,RANK_7B,"5=4-2,6,7 (axis_sum=1.6)",3,0,0,300,wt,False,,630,,0,,,,,
864760,2025-02-21,20250221_61_08#7B,RANK_7B,"5=1-7,4,2 (axis_sum=1.5)",3,0,0,300,wt,False,,150,,0,,,,,
864813,2025-02-21,20250221_61_11#7B,RANK_7B,"3=5-4,1,2 (axis_sum=1.3)",3,0,0,300,wt,False,,1170,,0,,,,,
864725,2025-02-22,20250222_22_06#7B,RANK_7B,"5=4-3,7,6 (axis_sum=1.5)",3,0,0,300,wt,False,,500,,0,,,,,
864695,2025-02-22,20250222_35_04#7B,RANK_7B,"2=1-4,6,5 (axis_sum=1.6)",3,0,0,300,wt,False,,120,,0,,,,,
864811,2025-02-22,20250222_35_07#7B,RANK_7B,"1=2-3,4,5 (axis_sum=1.6)",3,0,0,300,wt,False,,260,,0,,,,,
864712,2025-02-22,20250222_35_08#7B,RANK_7B,"1=2-4,6,5 (axis_sum=1.7)",3,1,1540,300,wt,False,,1540,,0,,,,,
864792,2025-02-22,20250222_37_03#7B,RANK_7B,"5=2-4,7,3 (axis_sum=1.1)",3,0,0,300,wt,False,,310,,0,,,,,
864801,2025-02-22,20250222_37_09#7B,RANK_7B,"7=3-4,2,1 (axis_sum=1.5)",3,1,390,300,wt,False,,390,,0,,,,,
864834,2025-02-22,20250222_61_06#7B,RANK_7B,"7=4-5,2,6 (axis_sum=1.3)",3,0,0,300,wt,False,,3490,,0,,,,,
864759,2025-02-23,20250223_22_07#7B,RANK_7B,"2=7-4,5,3 (axis_sum=1.2)",3,1,1650,300,wt,False,,1650,,0,,,,,
864739,2025-02-23,20250223_81_05#7B,RANK_7B,"4=1-3,5,6 (axis_sum=1.6)",3,0,0,300,wt,False,,360,,0,,,,,
864860,2025-02-24,20250224_37_12#7B,RANK_7B,"5=3-4,1,2 (axis_sum=1.3)",3,0,0,300,wt,False,,2390,,0,,,,,
864757,2025-02-24,20250224_81_01#7B,RANK_7B,"3=2-5,4,6 (axis_sum=1.0)",3,0,0,300,wt,False,,1680,,0,,,,,
864818,2025-02-24,20250224_81_05#7B,RANK_7B,"1=4-5,3,6 (axis_sum=1.2)",3,0,0,300,wt,False,,1160,,0,,,,,
864751,2025-02-24,20250224_87_03#7B,RANK_7B,"5=2-3,6,4 (axis_sum=1.3)",3,0,0,300,wt,False,,220,,0,,,,,
864836,2025-02-24,20250224_87_05#7B,RANK_7B,"2=1-3,6,5 (axis_sum=1.4)",3,1,470,300,wt,False,,470,,0,,,,,
864696,2025-02-25,20250225_31_07#7B,RANK_7B,"1=5-2,6,4 (axis_sum=1.8)",3,1,240,300,wt,False,,240,,0,,,,,
864809,2025-02-25,20250225_34_01#7B,RANK_7B,"2=1-3,6,5 (axis_sum=1.4)",3,0,0,300,wt,False,,1060,,0,,,,,
864872,2025-02-25,20250225_81_04#7B,RANK_7B,"2=1-5,6,3 (axis_sum=1.1)",3,0,0,300,wt,False,,2960,,0,,,,,
864770,2025-02-25,20250225_81_05#7B,RANK_7B,"2=3-1,7,5 (axis_sum=1.1)",3,0,0,300,wt,False,,3250,,0,,,,,
864838,2025-02-25,20250225_87_01#7B,RANK_7B,"1=2-6,5,4 (axis_sum=1.3)",3,0,0,300,wt,False,,1530,,0,,,,,
864825,2025-02-26,20250226_26_02#7B,RANK_7B,"1=2-5,4,6 (axis_sum=1.2)",3,0,0,300,wt,False,,4890,,0,,,,,
864758,2025-02-26,20250226_44_10#7B,RANK_7B,"7=2-3,1,6 (axis_sum=1.4)",3,1,550,300,wt,False,,550,,0,,,,,
864740,2025-02-26,20250226_61_07#7B,RANK_7B,"1=5-4,3,6 (axis_sum=1.4)",3,0,0,300,wt,False,,1420,,0,,,,,
864762,2025-02-26,20250226_74_04#7B,RANK_7B,"4=1-3,5,6 (axis_sum=1.6)",3,0,0,300,wt,False,,220,,0,,,,,
864709,2025-02-27,20250227_44_09#7B,RANK_7B,"1=4-7,3,2 (axis_sum=1.5)",3,0,0,300,wt,False,,1560,,0,,,,,
864799,2025-02-27,20250227_44_12#7B,RANK_7B,"1=4-7,6,3 (axis_sum=1.4)",3,0,0,300,wt,False,,1390,,0,,,,,
864731,2025-02-27,20250227_56_01#7B,RANK_7B,"5=3-6,2,4 (axis_sum=1.5)",3,0,0,300,wt,False,,19580,,0,,,,,
864698,2025-02-27,20250227_56_09#7B,RANK_7B,"5=2-3,4,1 (axis_sum=1.6)",3,1,1030,300,wt,False,,1030,,0,,,,,
864723,2025-02-27,20250227_56_11#7B,RANK_7B,"5=4-7,2,6 (axis_sum=1.5)",3,0,0,300,wt,False,,150,,0,,,,,
864840,2025-02-27,20250227_56_12#7B,RANK_7B,"4=5-7,3,1 (axis_sum=1.4)",3,1,1220,300,wt,False,,1220,,0,,,,,
864805,2025-02-27,20250227_61_05#7B,RANK_7B,"1=4-2,5,7 (axis_sum=1.5)",3,1,410,300,wt,False,,410,,0,,,,,
864829,2025-02-27,20250227_61_06#7B,RANK_7B,"2=7-1,5,3 (axis_sum=1.2)",3,0,0,300,wt,False,,700,,0,,,,,
864830,2025-02-27,20250227_61_08#7B,RANK_7B,"1=7-2,5,4 (axis_sum=1.4)",3,0,0,300,wt,False,,2120,,0,,,,,
864775,2025-02-27,20250227_74_04#7B,RANK_7B,"2=3-5,4,6 (axis_sum=1.3)",3,0,0,300,wt,False,,310,,0,,,,,
864767,2025-02-27,20250227_85_03#7B,RANK_7B,"6=1-7,3,5 (axis_sum=1.6)",3,0,0,300,wt,False,,2470,,0,,,,,
864858,2025-02-27,20250227_85_12#7B,RANK_7B,"1=2-5,7,4 (axis_sum=1.3)",3,0,0,300,wt,False,,2200,,0,,,,,
864791,2025-02-28,20250228_23_07#7B,RANK_7B,"3=5-1,2,4 (axis_sum=1.2)",3,0,0,300,wt,False,,1500,,0,,,,,
864714,2025-02-28,20250228_56_03#7B,RANK_7B,"7=1-3,2,5 (axis_sum=1.6)",3,0,0,300,wt,False,,11410,,0,,,,,
864781,2025-02-28,20250228_74_01#7B,RANK_7B,"1=2-5,3,6 (axis_sum=1.5)",3,0,0,300,wt,False,,2560,,0,,,,,
864855,2025-02-28,20250228_74_07#7B,RANK_7B,"3=1-7,4,5 (axis_sum=1.5)",3,0,0,300,wt,False,,1320,,0,,,,,
864954,2025-03-01,20250301_27_03#7B,RANK_7B,"1=5-2,7,3 (axis_sum=1.3)",3,0,0,300,wt,False,,5860,,0,,,,,
864990,2025-03-01,20250301_47_07#7B,RANK_7B,"5=2-3,7,4 (axis_sum=1.4)",3,1,320,300,wt,False,,320,,0,,,,,
864902,2025-03-01,20250301_56_03#7B,RANK_7B,"4=7-2,1,3 (axis_sum=1.4)",3,0,0,300,wt,False,,20750,,0,,,,,
864883,2025-03-01,20250301_56_09#7B,RANK_7B,"1=4-7,5,2 (axis_sum=1.6)",3,0,0,300,wt,False,,3670,,0,,,,,
865006,2025-03-01,20250301_56_11#7B,RANK_7B,"2=1-4,6,5 (axis_sum=1.3)",3,0,0,300,wt,False,,4280,,0,,,,,
865020,2025-03-02,20250302_23_05#7B,RANK_7B,"6=1-5,7,4 (axis_sum=1.0)",3,1,460,300,wt,False,,460,,0,,,,,
864904,2025-03-02,20250302_73_04#7B,RANK_7B,"5=1-7,2,4 (axis_sum=1.8)",3,0,0,300,wt,False,,860,,0,,,,,
864948,2025-03-02,20250302_83_08#7B,RANK_7B,"2=5-4,1,7 (axis_sum=1.4)",3,0,0,300,wt,False,,2720,,0,,,,,
864950,2025-03-03,20250303_35_12#7B,RANK_7B,"5=1-2,3,6 (axis_sum=1.4)",3,1,2390,300,wt,False,,2390,,0,,,,,
864901,2025-03-04,20250304_44_01#7B,RANK_7B,"2=1-3,4,6 (axis_sum=1.4)",3,0,0,300,wt,False,,250,,0,,,,,
864895,2025-03-04,20250304_44_02#7B,RANK_7B,"2=1-4,6,5 (axis_sum=1.5)",3,0,0,300,wt,False,,190,,0,,,,,
864923,2025-03-04,20250304_44_06#7B,RANK_7B,"2=1-4,3,6 (axis_sum=1.6)",3,0,0,300,wt,False,,280,,0,,,,,
864916,2025-03-04,20250304_81_01#7B,RANK_7B,"3=1-2,7,6 (axis_sum=1.4)",3,1,1740,300,wt,False,,1740,,0,,,,,
864912,2025-03-05,20250305_24_02#7B,RANK_7B,"3=2-5,1,4 (axis_sum=1.2)",3,0,0,300,wt,False,,990,,0,,,,,
864880,2025-03-05,20250305_34_03#7B,RANK_7B,"2=1-5,4,7 (axis_sum=1.5)",3,0,0,300,wt,False,,210,,0,,,,,
864993,2025-03-05,20250305_44_02#7B,RANK_7B,"1=3-6,5,7 (axis_sum=1.3)",3,0,0,300,wt,False,,220,,0,,,,,
864946,2025-03-05,20250305_44_04#7B,RANK_7B,"1=3-5,4,6 (axis_sum=1.4)",3,0,0,300,wt,False,,2410,,0,,,,,
864987,2025-03-05,20250305_81_10#7B,RANK_7B,"2=1-7,4,3 (axis_sum=1.3)",3,0,0,300,wt,False,,4410,,0,,,,,
864947,2025-03-06,20250306_43_10#7B,RANK_7B,"2=1-3,7,6 (axis_sum=1.3)",3,0,0,300,wt,False,,4000,,0,,,,,
864978,2025-03-06,20250306_53_01#7B,RANK_7B,"4=2-5,7,3 (axis_sum=1.3)",3,0,0,300,wt,False,,5240,,0,,,,,
864886,2025-03-06,20250306_81_03#7B,RANK_7B,"4=1-5,6,2 (axis_sum=1.6)",3,0,0,300,wt,False,,120,,0,,,,,
864975,2025-03-06,20250306_81_05#7B,RANK_7B,"1=5-7,3,2 (axis_sum=1.3)",3,0,0,300,wt,False,,2890,,0,,,,,
864999,2025-03-06,20250306_85_01#7B,RANK_7B,"2=3-4,1,5 (axis_sum=1.0)",3,0,0,300,wt,False,,750,,0,,,,,
865014,2025-03-07,20250307_24_08#7B,RANK_7B,"4=7-1,5,3 (axis_sum=1.1)",3,0,0,300,wt,False,,3690,,0,,,,,
864960,2025-03-07,20250307_24_12#7B,RANK_7B,"1=5-3,2,7 (axis_sum=1.5)",3,0,0,300,wt,False,,260,,0,,,,,
865003,2025-03-07,20250307_26_09#7B,RANK_7B,"1=2-5,4,6 (axis_sum=1.3)",3,0,0,300,wt,False,,1820,,0,,,,,
864909,2025-03-07,20250307_27_03#7B,RANK_7B,"4=3-7,5,2 (axis_sum=1.3)",3,1,720,300,wt,False,,720,,0,,,,,
864897,2025-03-07,20250307_43_03#7B,RANK_7B,"5=2-7,6,1 (axis_sum=1.7)",3,0,0,300,wt,False,,1310,,0,,,,,
864884,2025-03-07,20250307_43_11#7B,RANK_7B,"7=1-5,3,2 (axis_sum=1.7)",3,0,0,300,wt,False,,8100,,0,,,,,
864879,2025-03-07,20250307_86_01#7B,RANK_7B,"1=2-4,5,6 (axis_sum=1.8)",3,1,310,300,wt,False,,310,,0,,,,,
864925,2025-03-08,20250308_38_06#7B,RANK_7B,"2=5-3,4,6 (axis_sum=1.5)",3,0,0,300,wt,False,,310,,0,,,,,
864952,2025-03-08,20250308_53_07#7B,RANK_7B,"7=4-2,1,5 (axis_sum=1.2)",3,0,0,300,wt,False,,700,,0,,,,,
864989,2025-03-09,20250309_27_04#7B,RANK_7B,"5=1-3,4,7 (axis_sum=1.3)",3,0,0,300,wt,False,,1310,,0,,,,,
865015,2025-03-09,20250309_27_12#7B,RANK_7B,"1=3-5,6,2 (axis_sum=1.3)",3,0,0,300,wt,False,,1150,,0,,,,,
864878,2025-03-09,20250309_47_07#7B,RANK_7B,"1=6-3,2,5 (axis_sum=1.8)",3,0,0,300,wt,False,,200,,0,,,,,
864955,2025-03-10,20250310_23_11#7B,RANK_7B,"7=1-3,5,4 (axis_sum=1.5)",3,1,1020,300,wt,False,,1020,,0,,,,,
864976,2025-03-10,20250310_35_09#7B,RANK_7B,"1=2-4,5,7 (axis_sum=1.4)",3,0,0,300,wt,False,,3630,,0,,,,,
864970,2025-03-10,20250310_47_05#7B,RANK_7B,"5=1-7,3,4 (axis_sum=1.2)",3,0,0,300,wt,False,,2910,,0,,,,,
864907,2025-03-10,20250310_83_01#7B,RANK_7B,"5=4-3,1,6 (axis_sum=1.4)",3,0,0,300,wt,False,,12300,,0,,,,,
864953,2025-03-11,20250311_23_02#7B,RANK_7B,"1=7-3,4,5 (axis_sum=1.3)",3,0,0,300,wt,False,,1390,,0,,,,,
864991,2025-03-11,20250311_23_10#7B,RANK_7B,"2=4-5,1,6 (axis_sum=1.2)",3,0,0,300,wt,False,,1130,,0,,,,,
864894,2025-03-11,20250311_37_03#7B,RANK_7B,"7=4-1,2,3 (axis_sum=1.8)",3,0,0,300,wt,False,,680,,0,,,,,
864986,2025-03-11,20250311_47_02#7B,RANK_7B,"2=4-1,7,3 (axis_sum=1.4)",3,0,0,300,wt,False,,1400,,0,,,,,
865009,2025-03-11,20250311_47_12#7B,RANK_7B,"7=5-1,6,2 (axis_sum=1.1)",3,1,1060,300,wt,False,,1060,,0,,,,,
865017,2025-03-11,20250311_63_12#7B,RANK_7B,"1=5-4,3,2 (axis_sum=1.2)",3,0,0,300,wt,False,,12170,,0,,,,,
864997,2025-03-11,20250311_81_07#7B,RANK_7B,"1=4-3,5,6 (axis_sum=1.2)",3,0,0,300,wt,False,,2960,,0,,,,,
864945,2025-03-11,20250311_83_03#7B,RANK_7B,"1=2-4,7,3 (axis_sum=1.4)",3,0,0,300,wt,False,,1720,,0,,,,,
864918,2025-03-12,20250312_23_01#7B,RANK_7B,"5=2-1,7,3 (axis_sum=1.5)",3,0,0,300,wt,False,,280,,0,,,,,
864994,2025-03-12,20250312_23_06#7B,RANK_7B,"3=4-2,7,5 (axis_sum=1.2)",3,0,0,300,wt,False,,6210,,0,,,,,
864980,2025-03-12,20250312_23_08#7B,RANK_7B,"5=1-2,4,6 (axis_sum=1.2)",3,1,6140,300,wt,False,,6140,,0,,,,,
864959,2025-03-12,20250312_35_07#7B,RANK_7B,"2=1-4,5,6 (axis_sum=1.3)",3,0,0,300,wt,False,,1520,,0,,,,,
864885,2025-03-12,20250312_35_08#7B,RANK_7B,"1=2-4,5,6 (axis_sum=1.7)",3,1,470,300,wt,False,,470,,0,,,,,
864995,2025-03-12,20250312_37_09#7B,RANK_7B,"5=3-4,7,2 (axis_sum=1.4)",3,0,0,300,wt,False,,380,,0,,,,,
864931,2025-03-12,20250312_63_11#7B,RANK_7B,"4=1-2,3,5 (axis_sum=1.5)",3,0,0,300,wt,False,,3870,,0,,,,,
864982,2025-03-12,20250312_81_08#7B,RANK_7B,"2=3-1,6,5 (axis_sum=1.5)",3,0,0,300,wt,False,,1890,,0,,,,,
864963,2025-03-12,20250312_83_03#7B,RANK_7B,"5=1-7,3,4 (axis_sum=1.3)",3,0,0,300,wt,False,,420,,0,,,,,
864968,2025-03-13,20250313_34_04#7B,RANK_7B,"2=1-4,7,5 (axis_sum=1.4)",3,0,0,300,wt,False,,980,,0,,,,,
864998,2025-03-13,20250313_63_03#7B,RANK_7B,"1=7-2,5,3 (axis_sum=1.4)",3,0,0,300,wt,False,,14820,,0,,,,,
864942,2025-03-14,20250314_25_09#7B,RANK_7B,"4=7-5,1,2 (axis_sum=1.3)",3,1,850,300,wt,False,,850,,0,,,,,
865000,2025-03-15,20250315_34_02#7B,RANK_7B,"1=3-4,6,5 (axis_sum=1.1)",3,0,0,300,wt,False,,5570,,0,,,,,
864988,2025-03-15,20250315_34_05#7B,RANK_7B,"1=2-3,5,4 (axis_sum=1.5)",3,0,0,300,wt,False,,7370,,0,,,,,
864913,2025-03-15,20250315_61_09#7B,RANK_7B,"1=4-3,7,6 (axis_sum=1.5)",3,0,0,300,wt,False,,120,,0,,,,,
864937,2025-03-16,20250316_22_03#7B,RANK_7B,"1=2-3,6,5 (axis_sum=1.6)",3,0,0,300,wt,False,,440,,0,,,,,
864934,2025-03-16,20250316_48_11#7B,RANK_7B,"4=2-5,7,3 (axis_sum=1.6)",3,0,0,300,wt,False,,290,,0,,,,,
864890,2025-03-16,20250316_53_02#7B,RANK_7B,"2=1-5,4,6 (axis_sum=1.5)",3,0,0,300,wt,False,,4670,,0,,,,,
864917,2025-03-16,20250316_61_09#7B,RANK_7B,"3=1-2,7,5 (axis_sum=1.4)",3,1,430,300,wt,False,,430,,0,,,,,
865019,2025-03-16,20250316_61_12#7B,RANK_7B,"6=4-1,7,3 (axis_sum=1.4)",3,0,0,300,wt,False,,1220,,0,,,,,
864929,2025-03-16,20250316_86_04#7B,RANK_7B,"7=2-1,5,6 (axis_sum=1.4)",3,0,0,300,wt,False,,1260,,0,,,,,
864910,2025-03-16,20250316_86_05#7B,RANK_7B,"7=1-2,3,5 (axis_sum=1.5)",3,1,2920,300,wt,False,,2920,,0,,,,,
864956,2025-03-17,20250317_53_02#7B,RANK_7B,"1=2-4,5,7 (axis_sum=1.5)",3,0,0,300,wt,False,,370,,0,,,,,
864893,2025-03-17,20250317_71_06#7B,RANK_7B,"1=4-5,3,6 (axis_sum=1.4)",3,0,0,300,wt,False,,300,,0,,,,,
864908,2025-03-17,20250317_71_10#7B,RANK_7B,"2=7-5,4,3 (axis_sum=1.6)",3,0,0,300,wt,False,,170,,0,,,,,
864914,2025-03-17,20250317_81_01#7B,RANK_7B,"1=7-2,4,3 (axis_sum=1.5)",3,0,0,300,wt,False,,710,,0,,,,,
864920,2025-03-18,20250318_13_11#7B,RANK_7B,"7=2-5,1,3 (axis_sum=1.4)",3,1,690,300,wt,False,,690,,0,,,,,
864891,2025-03-18,20250318_47_02#7B,RANK_7B,"1=7-2,4,6 (axis_sum=1.5)",3,1,610,300,wt,False,,610,,0,,,,,
864965,2025-03-18,20250318_47_11#7B,RANK_7B,"4=5-1,3,7 (axis_sum=1.4)",3,0,0,300,wt,False,,330,,0,,,,,
865011,2025-03-18,20250318_53_07#7B,RANK_7B,"1=3-4,6,5 (axis_sum=1.1)",3,0,0,300,wt,False,,1460,,0,,,,,
864979,2025-03-18,20250318_71_04#7B,RANK_7B,"3=7-4,5,1 (axis_sum=1.4)",3,0,0,300,wt,False,,2270,,0,,,,,
864957,2025-03-18,20250318_81_01#7B,RANK_7B,"2=5-1,7,4 (axis_sum=1.2)",3,0,0,300,wt,False,,540,,0,,,,,
864971,2025-03-18,20250318_81_07#7B,RANK_7B,"1=3-2,7,5 (axis_sum=1.4)",3,0,0,300,wt,False,,7250,,0,,,,,
864974,2025-03-19,20250319_24_06#7B,RANK_7B,"3=5-1,4,6 (axis_sum=1.5)",3,1,660,300,wt,False,,660,,0,,,,,
865013,2025-03-19,20250319_24_12#7B,RANK_7B,"1=2-5,7,4 (axis_sum=1.3)",3,1,360,300,wt,False,,360,,0,,,,,
864905,2025-03-19,20250319_43_08#7B,RANK_7B,"5=7-4,3,1 (axis_sum=1.5)",3,0,0,300,wt,False,,470,,0,,,,,
864996,2025-03-19,20250319_71_11#7B,RANK_7B,"7=1-4,3,5 (axis_sum=1.4)",3,1,470,300,wt,False,,470,,0,,,,,
864882,2025-03-19,20250319_74_06#7B,RANK_7B,"2=1-6,4,5 (axis_sum=1.7)",3,0,0,300,wt,False,,15660,,0,,,,,
864983,2025-03-19,20250319_81_02#7B,RANK_7B,"1=4-3,2,7 (axis_sum=1.2)",3,0,0,300,wt,False,,1640,,0,,,,,
864958,2025-03-20,20250320_43_08#7B,RANK_7B,"7=1-2,4,3 (axis_sum=1.2)",3,0,0,300,wt,False,,2570,,0,,,,,
864984,2025-03-20,20250320_74_05#7B,RANK_7B,"2=1-5,4,6 (axis_sum=1.3)",3,0,0,300,wt,False,,760,,0,,,,,
864930,2025-03-21,20250321_43_03#7B,RANK_7B,"4=7-5,2,6 (axis_sum=1.3)",3,0,0,300,wt,False,,2700,,0,,,,,
864896,2025-03-21,20250321_74_03#7B,RANK_7B,"3=1-2,4,7 (axis_sum=1.4)",3,1,480,300,wt,False,,480,,0,,,,,
864900,2025-03-22,20250322_56_07#7B,RANK_7B,"1=2-3,5,6 (axis_sum=1.5)",3,1,300,300,wt,False,,300,,0,,,,,
864935,2025-03-22,20250322_56_09#7B,RANK_7B,"2=1-3,6,4 (axis_sum=1.4)",3,0,0,300,wt,False,,5570,,0,,,,,
865018,2025-03-23,20250323_45_08#7B,RANK_7B,"4=7-5,1,2 (axis_sum=1.3)",3,0,0,300,wt,False,,2880,,0,,,,,
864938,2025-03-23,20250323_56_04#7B,RANK_7B,"2=1-5,7,4 (axis_sum=1.6)",3,0,0,300,wt,False,,730,,0,,,,,
864887,2025-03-23,20250323_56_06#7B,RANK_7B,"1=2-3,4,6 (axis_sum=1.6)",3,0,0,300,wt,False,,1270,,0,,,,,
864922,2025-03-23,20250323_85_06#7B,RANK_7B,"2=3-1,7,6 (axis_sum=1.5)",3,0,0,300,wt,False,,1160,,0,,,,,
864898,2025-03-24,20250324_48_02#7B,RANK_7B,"7=2-1,3,5 (axis_sum=1.4)",3,0,0,300,wt,False,,690,,0,,,,,
864992,2025-03-24,20250324_48_07#7B,RANK_7B,"4=3-5,7,1 (axis_sum=1.3)",3,1,400,300,wt,False,,400,,0,,,,,
864892,2025-03-24,20250324_48_11#7B,RANK_7B,"4=1-3,2,7 (axis_sum=1.6)",3,0,0,300,wt,False,,140,,0,,,,,
864962,2025-03-24,20250324_56_05#7B,RANK_7B,"2=3-1,4,6 (axis_sum=1.2)",3,0,0,300,wt,False,,2810,,0,,,,,
864966,2025-03-24,20250324_61_08#7B,RANK_7B,"7=4-5,3,2 (axis_sum=1.4)",3,0,0,300,wt,False,,1660,,0,,,,,
865008,2025-03-24,20250324_61_12#7B,RANK_7B,"1=4-2,3,7 (axis_sum=1.2)",3,0,0,300,wt,False,,16400,,0,,,,,
864926,2025-03-24,20250324_81_06#7B,RANK_7B,"1=2-5,4,6 (axis_sum=1.4)",3,0,0,300,wt,False,,370,,0,,,,,
864906,2025-03-24,20250324_86_01#7B,RANK_7B,"5=2-4,7,3 (axis_sum=1.4)",3,0,0,300,wt,False,,570,,0,,,,,
864919,2025-03-24,20250324_86_08#7B,RANK_7B,"2=1-7,6,4 (axis_sum=1.5)",3,0,0,300,wt,False,,260,,0,,,,,
864939,2025-03-24,20250324_86_10#7B,RANK_7B,"5=4-7,3,1 (axis_sum=1.5)",3,0,0,300,wt,False,,500,,0,,,,,
864951,2025-03-25,20250325_48_07#7B,RANK_7B,"1=2-7,3,4 (axis_sum=1.5)",3,1,1000,300,wt,False,,1000,,0,,,,,
864932,2025-03-25,20250325_63_02#7B,RANK_7B,"7=1-2,4,3 (axis_sum=1.3)",3,0,0,300,wt,False,,500,,0,,,,,
864961,2025-03-25,20250325_63_07#7B,RANK_7B,"1=4-7,2,3 (axis_sum=1.2)",3,1,1460,300,wt,False,,1460,,0,,,,,
864928,2025-03-25,20250325_63_11#7B,RANK_7B,"5=1-4,7,3 (axis_sum=1.5)",3,1,720,300,wt,False,,720,,0,,,,,
864941,2025-03-25,20250325_86_01#7B,RANK_7B,"5=1-3,2,7 (axis_sum=1.3)",3,0,0,300,wt,False,,1020,,0,,,,,
864969,2025-03-25,20250325_86_08#7B,RANK_7B,"7=2-4,1,3 (axis_sum=1.2)",3,0,0,300,wt,False,,790,,0,,,,,
865016,2025-03-26,20250326_26_05#7B,RANK_7B,"1=3-7,4,5 (axis_sum=1.1)",3,0,0,300,wt,False,,1540,,0,,,,,
864915,2025-03-26,20250326_26_07#7B,RANK_7B,"1=3-4,6,5 (axis_sum=1.4)",3,1,550,300,wt,False,,550,,0,,,,,
864881,2025-03-26,20250326_48_02#7B,RANK_7B,"2=7-1,4,5 (axis_sum=1.6)",3,0,0,300,wt,False,,130,,0,,,,,
864967,2025-03-26,20250326_48_05#7B,RANK_7B,"3=4-2,7,5 (axis_sum=1.3)",3,0,0,300,wt,False,,460,,0,,,,,
864921,2025-03-26,20250326_71_01#7B,RANK_7B,"1=3-4,2,6 (axis_sum=1.1)",3,0,0,300,wt,False,,1310,,0,,,,,
864911,2025-03-26,20250326_74_01#7B,RANK_7B,"5=1-3,4,2 (axis_sum=1.4)",3,0,0,300,wt,False,,490,,0,,,,,
865012,2025-03-27,20250327_26_03#7B,RANK_7B,"1=2-5,4,6 (axis_sum=1.2)",3,0,0,300,wt,False,,2080,,0,,,,,
864949,2025-03-27,20250327_45_03#7B,RANK_7B,"5=1-2,4,7 (axis_sum=1.3)",3,0,0,300,wt,False,,3240,,0,,,,,
864888,2025-03-27,20250327_45_06#7B,RANK_7B,"5=7-4,1,3 (axis_sum=1.9)",3,1,530,300,wt,False,,530,,0,,,,,
864981,2025-03-27,20250327_63_09#7B,RANK_7B,"7=3-1,5,2 (axis_sum=1.2)",3,0,0,300,wt,False,,720,,0,,,,,
864899,2025-03-28,20250328_28_09#7B,RANK_7B,"4=1-5,2,7 (axis_sum=1.7)",3,0,0,300,wt,False,,210,,0,,,,,
864927,2025-03-28,20250328_31_03#7B,RANK_7B,"7=5-4,3,2 (axis_sum=1.4)",3,0,0,300,wt,False,,3680,,0,,,,,
864924,2025-03-28,20250328_71_06#7B,RANK_7B,"1=2-3,6,7 (axis_sum=1.5)",3,0,0,300,wt,False,,350,,0,,,,,
864985,2025-03-29,20250329_31_04#7B,RANK_7B,"3=2-5,1,7 (axis_sum=1.3)",3,0,0,300,wt,False,,540,,0,,,,,
865005,2025-03-29,20250329_31_10#7B,RANK_7B,"5=3-6,1,2 (axis_sum=1.3)",3,0,0,300,wt,False,,5530,,0,,,,,
864977,2025-03-29,20250329_44_06#7B,RANK_7B,"1=2-7,5,4 (axis_sum=1.2)",3,1,610,300,wt,False,,610,,0,,,,,
864903,2025-03-29,20250329_44_11#7B,RANK_7B,"1=4-5,2,3 (axis_sum=1.6)",3,0,0,300,wt,False,,3250,,0,,,,,
865007,2025-03-29,20250329_44_12#7B,RANK_7B,"1=7-3,2,5 (axis_sum=1.4)",3,0,0,300,wt,False,,2550,,0,,,,,
865002,2025-03-29,20250329_48_09#7B,RANK_7B,"1=2-4,5,6 (axis_sum=1.4)",3,0,0,300,wt,False,,2720,,0,,,,,
864964,2025-03-29,20250329_61_09#7B,RANK_7B,"2=1-4,7,6 (axis_sum=1.3)",3,0,0,300,wt,False,,950,,0,,,,,
864936,2025-03-29,20250329_81_02#7B,RANK_7B,"7=5-4,1,6 (axis_sum=1.4)",3,0,0,300,wt,False,,2240,,0,,,,,
865010,2025-03-29,20250329_81_12#7B,RANK_7B,"3=1-2,7,5 (axis_sum=1.2)",3,1,560,300,wt,False,,560,,0,,,,,
865001,2025-03-30,20250330_44_03#7B,RANK_7B,"3=4-5,1,7 (axis_sum=1.3)",3,0,0,300,wt,False,,460,,0,,,,,
864943,2025-03-30,20250330_44_08#7B,RANK_7B,"4=2-7,6,5 (axis_sum=1.3)",3,0,0,300,wt,False,,430,,0,,,,,
864972,2025-03-30,20250330_44_12#7B,RANK_7B,"7=1-5,2,4 (axis_sum=1.3)",3,1,370,300,wt,False,,370,,0,,,,,
864889,2025-03-30,20250330_61_02#7B,RANK_7B,"1=2-3,6,5 (axis_sum=1.4)",3,0,0,300,wt,False,,2410,,0,,,,,
864933,2025-03-30,20250330_61_03#7B,RANK_7B,"3=1-2,6,5 (axis_sum=1.6)",3,1,950,300,wt,False,,950,,0,,,,,
864973,2025-03-31,20250331_44_12#7B,RANK_7B,"2=7-5,1,3 (axis_sum=1.5)",3,1,690,300,wt,False,,690,,0,,,,,
865004,2025-03-31,20250331_61_03#7B,RANK_7B,"4=6-2,3,5 (axis_sum=1.2)",3,1,6640,300,wt,False,,6640,,0,,,,,
864944,2025-03-31,20250331_81_01#7B,RANK_7B,"1=4-7,3,2 (axis_sum=1.3)",3,0,0,300,wt,False,,170,,0,,,,,
864940,2025-03-31,20250331_81_05#7B,RANK_7B,"5=2-1,4,6 (axis_sum=1.4)",3,0,0,300,wt,False,,3070,,0,,,,,
865103,2025-04-01,20250401_35_01#7B,RANK_7B,"3=1-7,2,5 (axis_sum=1.3)",3,0,0,300,wt,False,,330,,0,,,,,
865059,2025-04-01,20250401_35_03#7B,RANK_7B,"3=4-2,1,5 (axis_sum=1.3)",3,0,0,300,wt,False,,390,,0,,,,,
865054,2025-04-01,20250401_35_07#7B,RANK_7B,"5=7-1,2,3 (axis_sum=1.6)",3,1,360,300,wt,False,,360,,0,,,,,
865106,2025-04-01,20250401_35_08#7B,RANK_7B,"5=7-4,1,6 (axis_sum=1.3)",3,0,0,300,wt,False,,1010,,0,,,,,
865034,2025-04-01,20250401_45_10#7B,RANK_7B,"1=7-4,3,6 (axis_sum=1.6)",3,1,560,300,wt,False,,560,,0,,,,,
865179,2025-04-01,20250401_71_07#7B,RANK_7B,"2=5-1,3,6 (axis_sum=1.2)",3,0,0,300,wt,False,,530,,0,,,,,
865125,2025-04-02,20250402_35_03#7B,RANK_7B,"7=4-1,5,2 (axis_sum=1.3)",3,1,860,300,wt,False,,860,,0,,,,,
865113,2025-04-02,20250402_35_07#7B,RANK_7B,"7=2-5,3,6 (axis_sum=1.3)",3,0,0,300,wt,False,,300,,0,,,,,
865175,2025-04-02,20250402_35_09#7B,RANK_7B,"5=2-4,3,1 (axis_sum=1.2)",3,0,0,300,wt,False,,7680,,0,,,,,
865104,2025-04-02,20250402_42_07#7B,RANK_7B,"2=3-1,4,6 (axis_sum=1.4)",3,0,0,300,wt,False,,1250,,0,,,,,
865060,2025-04-02,20250402_71_01#7B,RANK_7B,"1=2-4,3,5 (axis_sum=1.6)",3,0,0,300,wt,False,,8950,,0,,,,,
865163,2025-04-02,20250402_71_02#7B,RANK_7B,"1=4-3,5,6 (axis_sum=1.3)",3,0,0,300,wt,False,,3620,,0,,,,,
865068,2025-04-02,20250402_86_01#7B,RANK_7B,"1=7-5,4,2 (axis_sum=1.6)",3,1,2180,300,wt,False,,2180,,0,,,,,
865119,2025-04-03,20250403_37_07#7B,RANK_7B,"1=2-3,4,6 (axis_sum=1.5)",3,1,730,300,wt,False,,730,,0,,,,,
865026,2025-04-03,20250403_45_03#7B,RANK_7B,"2=5-1,3,6 (axis_sum=1.8)",3,0,0,300,wt,False,,120,,0,,,,,
865172,2025-04-03,20250403_85_05#7B,RANK_7B,"1=7-3,2,5 (axis_sum=1.4)",3,1,940,300,wt,False,,940,,0,,,,,
865134,2025-04-03,20250403_86_04#7B,RANK_7B,"5=1-4,7,6 (axis_sum=1.2)",3,1,2000,300,wt,False,,2000,,0,,,,,
865160,2025-04-04,20250404_26_02#7B,RANK_7B,"7=1-4,3,5 (axis_sum=1.3)",3,1,310,300,wt,False,,310,,0,,,,,
865035,2025-04-04,20250404_34_02#7B,RANK_7B,"1=2-4,6,5 (axis_sum=1.6)",3,0,0,300,wt,False,,1080,,0,,,,,
865147,2025-04-04,20250404_86_04#7B,RANK_7B,"7=3-2,5,4 (axis_sum=1.3)",3,0,0,300,wt,False,,14340,,0,,,,,
865095,2025-04-05,20250405_13_10#7B,RANK_7B,"5=1-3,7,6 (axis_sum=1.4)",3,0,0,300,wt,False,,2610,,0,,,,,
865150,2025-04-05,20250405_26_01#7B,RANK_7B,"1=2-3,6,5 (axis_sum=1.2)",3,0,0,300,wt,False,,890,,0,,,,,
865071,2025-04-05,20250405_37_06#7B,RANK_7B,"5=7-1,4,3 (axis_sum=1.5)",3,0,0,300,wt,False,,2790,,0,,,,,
865115,2025-04-05,20250405_37_08#7B,RANK_7B,"5=3-7,2,4 (axis_sum=1.4)",3,0,0,300,wt,False,,470,,0,,,,,
865094,2025-04-05,20250405_85_03#7B,RANK_7B,"1=7-2,4,6 (axis_sum=1.6)",3,0,0,300,wt,False,,460,,0,,,,,
865056,2025-04-05,20250405_85_12#7B,RANK_7B,"1=2-7,5,6 (axis_sum=1.4)",3,1,620,300,wt,False,,620,,0,,,,,
865047,2025-04-06,20250406_13_06#7B,RANK_7B,"3=4-1,7,6 (axis_sum=1.4)",3,1,620,300,wt,False,,620,,0,,,,,
865166,2025-04-06,20250406_13_11#7B,RANK_7B,"5=6-3,4,7 (axis_sum=1.5)",3,0,0,300,wt,False,,3710,,0,,,,,
865161,2025-04-06,20250406_26_02#7B,RANK_7B,"3=2-5,4,7 (axis_sum=1.2)",3,0,0,300,wt,False,,5430,,0,,,,,
865137,2025-04-06,20250406_37_12#7B,RANK_7B,"1=5-4,7,2 (axis_sum=1.4)",3,0,0,300,wt,False,,360,,0,,,,,
865102,2025-04-06,20250406_44_07#7B,RANK_7B,"1=2-4,5,7 (axis_sum=1.8)",3,1,600,300,wt,False,,600,,0,,,,,
865118,2025-04-06,20250406_51_04#7B,RANK_7B,"4=2-1,3,7 (axis_sum=1.4)",3,0,0,300,wt,False,,640,,0,,,,,
865081,2025-04-06,20250406_83_10#7B,RANK_7B,"5=2-7,1,6 (axis_sum=1.6)",3,0,0,300,wt,False,,210,,0,,,,,
865155,2025-04-06,20250406_83_12#7B,RANK_7B,"2=3-1,6,4 (axis_sum=1.4)",3,0,0,300,wt,False,,1920,,0,,,,,
865173,2025-04-07,20250407_37_07#7B,RANK_7B,"1=3-7,4,2 (axis_sum=1.2)",3,0,0,300,wt,False,,2220,,0,,,,,
865159,2025-04-07,20250407_37_08#7B,RANK_7B,"1=3-2,4,5 (axis_sum=1.3)",3,1,1120,300,wt,False,,1120,,0,,,,,
865069,2025-04-07,20250407_51_02#7B,RANK_7B,"1=5-3,6,7 (axis_sum=1.2)",3,1,590,300,wt,False,,590,,0,,,,,
865128,2025-04-07,20250407_51_07#7B,RANK_7B,"5=7-2,1,4 (axis_sum=1.4)",3,0,0,300,wt,False,,540,,0,,,,,
865045,2025-04-07,20250407_87_06#7B,RANK_7B,"1=2-3,4,5 (axis_sum=1.5)",3,0,0,300,wt,False,,4630,,0,,,,,
865162,2025-04-08,20250408_28_04#7B,RANK_7B,"1=5-3,7,4 (axis_sum=1.2)",3,0,0,300,wt,False,,2320,,0,,,,,
865101,2025-04-08,20250408_35_08#7B,RANK_7B,"1=2-3,5,6 (axis_sum=1.4)",3,0,0,300,wt,False,,29450,,0,,,,,
865036,2025-04-08,20250408_48_06#7B,RANK_7B,"7=1-2,3,4 (axis_sum=1.7)",3,1,660,300,wt,False,,660,,0,,,,,
865177,2025-04-08,20250408_48_10#7B,RANK_7B,"3=5-1,2,7 (axis_sum=1.0)",3,0,0,300,wt,False,,4860,,0,,,,,
865032,2025-04-08,20250408_56_10#7B,RANK_7B,"4=5-7,3,2 (axis_sum=1.7)",3,0,0,300,wt,False,,130,,0,,,,,
865135,2025-04-08,20250408_63_03#7B,RANK_7B,"7=4-1,2,5 (axis_sum=1.3)",3,0,0,300,wt,False,,2530,,0,,,,,
865164,2025-04-08,20250408_63_11#7B,RANK_7B,"5=2-3,7,4 (axis_sum=1.3)",3,1,480,300,wt,False,,480,,0,,,,,
865157,2025-04-08,20250408_83_11#7B,RANK_7B,"6=1-5,3,4 (axis_sum=1.6)",3,0,0,300,wt,False,,1990,,0,,,,,
865091,2025-04-09,20250409_35_02#7B,RANK_7B,"1=5-2,3,6 (axis_sum=1.4)",3,0,0,300,wt,False,,3980,,0,,,,,
865116,2025-04-09,20250409_48_01#7B,RANK_7B,"1=3-5,7,6 (axis_sum=1.1)",3,0,0,300,wt,False,,5260,,0,,,,,
865152,2025-04-09,20250409_48_03#7B,RANK_7B,"2=3-7,4,1 (axis_sum=1.2)",3,0,0,300,wt,False,,1420,,0,,,,,
865145,2025-04-09,20250409_48_07#7B,RANK_7B,"5=3-1,4,2 (axis_sum=1.3)",3,0,0,300,wt,False,,3700,,0,,,,,
865127,2025-04-09,20250409_48_12#7B,RANK_7B,"1=2-5,4,3 (axis_sum=1.5)",3,1,430,300,wt,False,,430,,0,,,,,
865096,2025-04-09,20250409_56_02#7B,RANK_7B,"5=2-1,7,3 (axis_sum=1.2)",3,0,0,300,wt,False,,610,,0,,,,,
865087,2025-04-09,20250409_56_09#7B,RANK_7B,"7=1-3,4,6 (axis_sum=1.6)",3,0,0,300,wt,False,,1460,,0,,,,,
865080,2025-04-09,20250409_61_08#7B,RANK_7B,"1=2-7,5,4 (axis_sum=1.4)",3,1,1300,300,wt,False,,1300,,0,,,,,
865065,2025-04-10,20250410_22_06#7B,RANK_7B,"3=7-2,5,1 (axis_sum=1.5)",3,0,0,300,wt,False,,370,,0,,,,,
865086,2025-04-10,20250410_22_09#7B,RANK_7B,"7=1-4,5,6 (axis_sum=1.4)",3,0,0,300,wt,False,,280,,0,,,,,
865143,2025-04-10,20250410_38_09#7B,RANK_7B,"5=3-1,4,2 (axis_sum=1.5)",3,0,0,300,wt,False,,220,,0,,,,,
865174,2025-04-10,20250410_47_05#7B,RANK_7B,"2=7-3,4,5 (axis_sum=1.4)",3,0,0,300,wt,False,,2430,,0,,,,,
865133,2025-04-10,20250410_61_11#7B,RANK_7B,"7=2-3,5,1 (axis_sum=1.4)",3,0,0,300,wt,False,,300,,0,,,,,
865131,2025-04-11,20250411_22_07#7B,RANK_7B,"1=4-7,2,5 (axis_sum=1.3)",3,0,0,300,wt,False,,1130,,0,,,,,
865112,2025-04-11,20250411_38_05#7B,RANK_7B,"1=4-2,3,7 (axis_sum=1.5)",3,0,0,300,wt,False,,500,,0,,,,,
865114,2025-04-11,20250411_61_06#7B,RANK_7B,"4=2-5,7,6 (axis_sum=1.2)",3,0,0,300,wt,False,,5130,,0,,,,,
865067,2025-04-11,20250411_74_08#7B,RANK_7B,"2=1-6,4,7 (axis_sum=1.5)",3,0,0,300,wt,False,,3110,,0,,,,,
865061,2025-04-12,20250412_12_02#7B,RANK_7B,"3=1-5,2,7 (axis_sum=1.5)",3,0,0,300,wt,False,,2070,,0,,,,,
865040,2025-04-12,20250412_12_03#7B,RANK_7B,"1=4-7,5,2 (axis_sum=1.6)",3,0,0,300,wt,False,,3490,,0,,,,,
865151,2025-04-12,20250412_12_05#7B,RANK_7B,"1=4-5,3,7 (axis_sum=1.3)",3,1,580,300,wt,False,,580,,0,,,,,
865100,2025-04-12,20250412_38_05#7B,RANK_7B,"2=1-4,6,5 (axis_sum=1.3)",3,0,0,300,wt,False,,3230,,0,,,,,
865028,2025-04-12,20250412_38_08#7B,RANK_7B,"1=2-4,5,6 (axis_sum=1.7)",3,0,0,300,wt,False,,170,,0,,,,,
865126,2025-04-12,20250412_47_10#7B,RANK_7B,"1=4-5,7,3 (axis_sum=1.4)",3,0,0,300,wt,False,,11330,,0,,,,,
865074,2025-04-12,20250412_71_04#7B,RANK_7B,"4=3-1,5,7 (axis_sum=1.5)",3,0,0,300,wt,False,,2560,,0,,,,,
865050,2025-04-13,20250413_27_05#7B,RANK_7B,"1=2-6,3,5 (axis_sum=1.6)",3,0,0,300,wt,False,,460,,0,,,,,
865021,2025-04-13,20250413_27_06#7B,RANK_7B,"1=2-4,6,7 (axis_sum=1.7)",3,0,0,300,wt,False,,120,,0,,,,,
865121,2025-04-13,20250413_48_09#7B,RANK_7B,"4=7-5,2,3 (axis_sum=1.3)",3,1,830,300,wt,False,,830,,0,,,,,
865129,2025-04-14,20250414_12_09#7B,RANK_7B,"1=5-7,3,2 (axis_sum=1.4)",3,0,0,300,wt,False,,3060,,0,,,,,
865109,2025-04-14,20250414_12_10#7B,RANK_7B,"7=1-3,5,2 (axis_sum=1.4)",3,0,0,300,wt,False,,630,,0,,,,,
865107,2025-04-14,20250414_48_11#7B,RANK_7B,"1=4-5,2,3 (axis_sum=1.6)",3,0,0,300,wt,False,,1480,,0,,,,,
865169,2025-04-15,20250415_27_04#7B,RANK_7B,"5=3-1,2,4 (axis_sum=1.2)",3,1,780,300,wt,False,,780,,0,,,,,
865105,2025-04-15,20250415_43_02#7B,RANK_7B,"1=3-6,4,5 (axis_sum=1.4)",3,0,0,300,wt,False,,1640,,0,,,,,
865168,2025-04-15,20250415_43_09#7B,RANK_7B,"1=2-6,4,5 (axis_sum=1.5)",3,0,0,300,wt,False,,2540,,0,,,,,
865180,2025-04-15,20250415_48_03#7B,RANK_7B,"5=7-2,1,6 (axis_sum=1.1)",3,0,0,300,wt,False,,1940,,0,,,,,
865023,2025-04-15,20250415_48_04#7B,RANK_7B,"6=1-5,3,2 (axis_sum=1.6)",3,1,580,300,wt,False,,580,,0,,,,,
865052,2025-04-15,20250415_51_08#7B,RANK_7B,"7=1-3,4,2 (axis_sum=1.7)",3,1,400,300,wt,False,,400,,0,,,,,
865031,2025-04-15,20250415_51_09#7B,RANK_7B,"5=3-2,7,4 (axis_sum=1.8)",3,0,0,300,wt,False,,220,,0,,,,,
865144,2025-04-15,20250415_86_08#7B,RANK_7B,"5=3-7,2,4 (axis_sum=1.2)",3,0,0,300,wt,False,,1490,,0,,,,,
865033,2025-04-15,20250415_87_04#7B,RANK_7B,"4=2-7,1,6 (axis_sum=1.7)",3,0,0,300,wt,False,,4220,,0,,,,,
865043,2025-04-16,20250416_31_06#7B,RANK_7B,"1=4-3,6,5 (axis_sum=1.5)",3,0,0,300,wt,False,,410,,0,,,,,
865120,2025-04-16,20250416_86_04#7B,RANK_7B,"7=1-3,4,2 (axis_sum=1.5)",3,0,0,300,wt,False,,1670,,0,,,,,
865132,2025-04-17,20250417_11_06#7B,RANK_7B,"3=4-1,5,2 (axis_sum=1.4)",3,0,0,300,wt,False,,760,,0,,,,,
865111,2025-04-17,20250417_25_02#7B,RANK_7B,"5=2-6,4,7 (axis_sum=1.5)",3,0,0,300,wt,False,,590,,0,,,,,
865092,2025-04-17,20250417_31_02#7B,RANK_7B,"1=2-3,5,4 (axis_sum=1.4)",3,0,0,300,wt,False,,2490,,0,,,,,
865037,2025-04-17,20250417_56_03#7B,RANK_7B,"2=1-3,4,5 (axis_sum=1.8)",3,0,0,300,wt,False,,9200,,0,,,,,
865099,2025-04-17,20250417_56_11#7B,RANK_7B,"2=4-5,7,3 (axis_sum=1.5)",3,0,0,300,wt,False,,380,,0,,,,,
865093,2025-04-17,20250417_86_07#7B,RANK_7B,"2=1-4,5,3 (axis_sum=1.4)",3,0,0,300,wt,False,,1650,,0,,,,,
865110,2025-04-17,20250417_86_11#7B,RANK_7B,"4=1-7,5,2 (axis_sum=1.5)",3,0,0,300,wt,False,,440,,0,,,,,
865149,2025-04-17,20250417_87_01#7B,RANK_7B,"7=4-1,3,2 (axis_sum=1.2)",3,0,0,300,wt,False,,4390,,0,,,,,
865142,2025-04-18,20250418_25_12#7B,RANK_7B,"1=4-2,7,6 (axis_sum=1.4)",3,0,0,300,wt,False,,3160,,0,,,,,
865141,2025-04-18,20250418_31_06#7B,RANK_7B,"2=4-3,5,7 (axis_sum=1.3)",3,0,0,300,wt,False,,2410,,0,,,,,
865027,2025-04-18,20250418_38_04#7B,RANK_7B,"3=1-5,2,7 (axis_sum=1.6)",3,0,0,300,wt,False,,190,,0,,,,,
865062,2025-04-18,20250418_38_09#7B,RANK_7B,"2=5-4,6,7 (axis_sum=1.7)",3,0,0,300,wt,False,,2020,,0,,,,,
865030,2025-04-18,20250418_38_10#7B,RANK_7B,"4=7-3,2,6 (axis_sum=1.7)",3,0,0,300,wt,False,,8150,,0,,,,,
865055,2025-04-18,20250418_44_07#7B,RANK_7B,"1=2-3,6,5 (axis_sum=1.6)",3,0,0,300,wt,False,,170,,0,,,,,
865078,2025-04-18,20250418_61_02#7B,RANK_7B,"1=7-5,4,2 (axis_sum=1.3)",3,0,0,300,wt,False,,1370,,0,,,,,
865088,2025-04-19,20250419_12_08#7B,RANK_7B,"3=1-5,4,6 (axis_sum=1.3)",3,0,0,300,wt,False,,11980,,0,,,,,
865064,2025-04-19,20250419_37_07#7B,RANK_7B,"1=2-5,4,6 (axis_sum=1.4)",3,0,0,300,wt,False,,230,,0,,,,,
865044,2025-04-19,20250419_61_01#7B,RANK_7B,"3=5-7,2,4 (axis_sum=1.2)",3,1,1580,300,wt,False,,1580,,0,,,,,
865139,2025-04-19,20250419_61_04#7B,RANK_7B,"1=2-3,4,5 (axis_sum=1.5)",3,0,0,300,wt,False,,2640,,0,,,,,
865158,2025-04-19,20250419_61_08#7B,RANK_7B,"1=7-3,4,2 (axis_sum=1.3)",3,1,1690,300,wt,False,,1690,,0,,,,,
865178,2025-04-20,20250420_37_05#7B,RANK_7B,"2=3-5,4,6 (axis_sum=1.0)",3,0,0,300,wt,False,,990,,0,,,,,
865117,2025-04-20,20250420_37_06#7B,RANK_7B,"1=2-5,4,7 (axis_sum=1.4)",3,1,430,300,wt,False,,430,,0,,,,,
865073,2025-04-20,20250420_61_06#7B,RANK_7B,"7=2-5,1,3 (axis_sum=1.4)",3,0,0,300,wt,False,,360,,0,,,,,
865156,2025-04-20,20250420_61_08#7B,RANK_7B,"1=2-4,3,7 (axis_sum=1.3)",3,0,0,300,wt,False,,740,,0,,,,,
865108,2025-04-21,20250421_12_09#7B,RANK_7B,"1=2-3,5,6 (axis_sum=1.3)",3,1,2710,300,wt,False,,2710,,0,,,,,
865039,2025-04-21,20250421_87_03#7B,RANK_7B,"7=1-3,2,5 (axis_sum=1.6)",3,1,450,300,wt,False,,450,,0,,,,,
865022,2025-04-22,20250422_24_02#7B,RANK_7B,"2=1-4,5,6 (axis_sum=1.5)",3,0,0,300,wt,False,,6300,,0,,,,,
865057,2025-04-22,20250422_24_05#7B,RANK_7B,"3=1-2,5,6 (axis_sum=1.3)",3,0,0,300,wt,False,,700,,0,,,,,
865066,2025-04-22,20250422_24_07#7B,RANK_7B,"1=2-4,5,6 (axis_sum=1.4)",3,1,2910,300,wt,False,,2910,,0,,,,,
865072,2025-04-22,20250422_53_01#7B,RANK_7B,"7=1-3,2,4 (axis_sum=1.5)",3,1,360,300,wt,False,,360,,0,,,,,
865148,2025-04-22,20250422_87_06#7B,RANK_7B,"2=5-7,4,3 (axis_sum=1.3)",3,0,0,300,wt,False,,2870,,0,,,,,
865122,2025-04-22,20250422_87_10#7B,RANK_7B,"4=1-3,7,6 (axis_sum=1.4)",3,0,0,300,wt,False,,5870,,0,,,,,
865084,2025-04-23,20250423_23_07#7B,RANK_7B,"5=1-4,7,3 (axis_sum=1.5)",3,0,0,300,wt,False,,330,,0,,,,,
865029,2025-04-23,20250423_24_01#7B,RANK_7B,"2=1-4,6,5 (axis_sum=1.6)",3,1,280,300,wt,False,,280,,0,,,,,
865123,2025-04-23,20250423_74_02#7B,RANK_7B,"1=2-7,5,4 (axis_sum=1.1)",3,1,510,300,wt,False,,510,,0,,,,,
865041,2025-04-23,20250423_87_01#7B,RANK_7B,"1=7-2,5,3 (axis_sum=1.6)",3,1,590,300,wt,False,,590,,0,,,,,
865154,2025-04-23,20250423_87_08#7B,RANK_7B,"3=1-2,7,5 (axis_sum=1.4)",3,0,0,300,wt,False,,640,,0,,,,,
865089,2025-04-24,20250424_23_04#7B,RANK_7B,"2=7-4,5,1 (axis_sum=1.6)",3,1,1530,300,wt,False,,1530,,0,,,,,
865075,2025-04-24,20250424_24_04#7B,RANK_7B,"2=1-4,5,6 (axis_sum=1.4)",3,0,0,300,wt,False,,190,,0,,,,,
865038,2025-04-24,20250424_31_04#7B,RANK_7B,"3=1-2,6,5 (axis_sum=1.6)",3,0,0,300,wt,False,,2090,,0,,,,,
865138,2025-04-24,20250424_31_09#7B,RANK_7B,"2=1-3,5,4 (axis_sum=1.2)",3,1,610,300,wt,False,,610,,0,,,,,
865051,2025-04-24,20250424_31_10#7B,RANK_7B,"4=7-1,5,6 (axis_sum=1.6)",3,0,0,300,wt,False,,1470,,0,,,,,
865170,2025-04-24,20250424_85_03#7B,RANK_7B,"7=5-1,4,2 (axis_sum=1.1)",3,0,0,300,wt,False,,3930,,0,,,,,
865077,2025-04-25,20250425_11_02#7B,RANK_7B,"1=2-3,5,6 (axis_sum=1.6)",3,0,0,300,wt,False,,1940,,0,,,,,
865171,2025-04-25,20250425_38_08#7B,RANK_7B,"4=6-5,2,3 (axis_sum=1.3)",3,1,830,300,wt,False,,830,,0,,,,,
865097,2025-04-25,20250425_38_11#7B,RANK_7B,"2=4-5,1,3 (axis_sum=1.6)",3,0,0,300,wt,False,,2100,,0,,,,,
865165,2025-04-25,20250425_51_12#7B,RANK_7B,"4=2-1,5,3 (axis_sum=1.4)",3,0,0,300,wt,False,,550,,0,,,,,
865024,2025-04-26,20250426_11_02#7B,RANK_7B,"1=4-5,2,7 (axis_sum=1.6)",3,0,0,300,wt,False,,630,,0,,,,,
865042,2025-04-26,20250426_11_03#7B,RANK_7B,"5=1-3,2,4 (axis_sum=1.6)",3,0,0,300,wt,False,,150,,0,,,,,
865136,2025-04-26,20250426_25_04#7B,RANK_7B,"1=2-7,5,3 (axis_sum=1.2)",3,0,0,300,wt,False,,2910,,0,,,,,
865025,2025-04-26,20250426_28_02#7B,RANK_7B,"2=5-7,1,3 (axis_sum=1.7)",3,0,0,300,wt,False,,180,,0,,,,,
865124,2025-04-26,20250426_38_02#7B,RANK_7B,"2=1-6,5,4 (axis_sum=1.4)",3,0,0,300,wt,False,,15910,,0,,,,,
865153,2025-04-26,20250426_38_06#7B,RANK_7B,"7=2-1,4,3 (axis_sum=1.2)",3,0,0,300,wt,False,,510,,0,,,,,
865070,2025-04-26,20250426_43_09#7B,RANK_7B,"3=1-6,2,7 (axis_sum=1.7)",3,0,0,300,wt,False,,3290,,0,,,,,
865082,2025-04-26,20250426_43_12#7B,RANK_7B,"1=2-5,4,7 (axis_sum=1.6)",3,0,0,300,wt,False,,750,,0,,,,,
865063,2025-04-26,20250426_51_09#7B,RANK_7B,"3=1-5,4,7 (axis_sum=1.4)",3,0,0,300,wt,False,,3070,,0,,,,,
865048,2025-04-27,20250427_21_02#7B,RANK_7B,"1=2-5,4,7 (axis_sum=1.3)",3,0,0,300,wt,False,,390,,0,,,,,
865076,2025-04-27,20250427_38_03#7B,RANK_7B,"5=7-4,1,6 (axis_sum=1.6)",3,0,0,300,wt,False,,2750,,0,,,,,
865079,2025-04-27,20250427_63_05#7B,RANK_7B,"7=1-4,2,3 (axis_sum=1.6)",3,0,0,300,wt,False,,1470,,0,,,,,
865130,2025-04-27,20250427_86_07#7B,RANK_7B,"1=2-4,5,6 (axis_sum=1.6)",3,0,0,300,wt,False,,480,,0,,,,,
865053,2025-04-28,20250428_13_02#7B,RANK_7B,"3=5-2,1,6 (axis_sum=1.5)",3,0,0,300,wt,False,,3900,,0,,,,,
865046,2025-04-28,20250428_28_01#7B,RANK_7B,"1=3-2,5,4 (axis_sum=1.6)",3,0,0,300,wt,False,,3830,,0,,,,,
865090,2025-04-28,20250428_28_09#7B,RANK_7B,"1=5-2,7,3 (axis_sum=1.4)",3,0,0,300,wt,False,,5530,,0,,,,,
865049,2025-04-28,20250428_34_05#7B,RANK_7B,"1=2-3,5,6 (axis_sum=1.6)",3,1,520,300,wt,False,,520,,0,,,,,
865058,2025-04-28,20250428_53_01#7B,RANK_7B,"1=3-4,5,6 (axis_sum=1.5)",3,0,0,300,wt,False,,720,,0,,,,,
865085,2025-04-29,20250429_53_09#7B,RANK_7B,"3=2-4,5,6 (axis_sum=1.4)",3,0,0,300,wt,False,,290,,0,,,,,
865176,2025-04-29,20250429_63_02#7B,RANK_7B,"1=4-3,2,5 (axis_sum=1.2)",3,0,0,300,wt,False,,3120,,0,,,,,
865146,2025-04-29,20250429_63_07#7B,RANK_7B,"4=3-1,2,6 (axis_sum=1.5)",3,1,770,300,wt,False,,770,,0,,,,,
865083,2025-04-30,20250430_13_06#7B,RANK_7B,"4=2-3,5,1 (axis_sum=1.5)",3,0,0,300,wt,False,,970,,0,,,,,
865098,2025-04-30,20250430_13_09#7B,RANK_7B,"1=5-3,4,7 (axis_sum=1.4)",3,0,0,300,wt,False,,380,,0,,,,,
865140,2025-04-30,20250430_61_05#7B,RANK_7B,"1=7-4,5,2 (axis_sum=1.3)",3,0,0,300,wt,False,,260,,0,,,,,
865167,2025-04-30,20250430_61_11#7B,RANK_7B,"3=4-2,5,7 (axis_sum=1.3)",3,0,0,300,wt,False,,720,,0,,,,,
865361,2025-05-01,20250501_21_11#7B,RANK_7B,"7=2-5,1,3 (axis_sum=1.1)",3,0,0,300,wt,False,,3920,,0,,,,,
865280,2025-05-01,20250501_61_10#7B,RANK_7B,"1=4-5,7,2 (axis_sum=1.4)",3,1,920,300,wt,False,,920,,0,,,,,
865350,2025-05-01,20250501_61_11#7B,RANK_7B,"2=4-7,3,5 (axis_sum=1.3)",3,0,0,300,wt,False,,1770,,0,,,,,
865185,2025-05-02,20250502_11_06#7B,RANK_7B,"5=3-6,4,2 (axis_sum=1.7)",3,0,0,300,wt,False,,250,,0,,,,,
865316,2025-05-02,20250502_21_10#7B,RANK_7B,"5=2-4,1,7 (axis_sum=1.4)",3,0,0,300,wt,False,,310,,0,,,,,
865325,2025-05-02,20250502_85_02#7B,RANK_7B,"3=1-7,6,4 (axis_sum=1.4)",3,1,680,300,wt,False,,680,,0,,,,,
865221,2025-05-02,20250502_85_05#7B,RANK_7B,"1=5-2,4,6 (axis_sum=1.6)",3,0,0,300,wt,False,,17990,,0,,,,,
865320,2025-05-02,20250502_85_06#7B,RANK_7B,"5=1-2,4,6 (axis_sum=1.4)",3,0,0,300,wt,False,,460,,0,,,,,
865366,2025-05-02,20250502_87_05#7B,RANK_7B,"1=7-2,3,4 (axis_sum=0.9)",3,0,0,300,wt,False,,1590,,0,,,,,
865365,2025-05-02,20250502_87_06#7B,RANK_7B,"1=7-3,2,4 (axis_sum=0.9)",3,0,0,300,wt,False,,320,,0,,,,,
865364,2025-05-02,20250502_87_07#7B,RANK_7B,"1=7-2,5,3 (axis_sum=1.0)",3,0,0,300,wt,False,,600,,0,,,,,
865363,2025-05-02,20250502_87_09#7B,RANK_7B,"1=7-2,6,3 (axis_sum=1.0)",3,1,470,300,wt,False,,470,,0,,,,,
865368,2025-05-02,20250502_87_10#7B,RANK_7B,"1=7-4,2,5 (axis_sum=1.0)",3,0,0,300,wt,False,,370,,0,,,,,
865285,2025-05-03,20250503_11_03#7B,RANK_7B,"7=5-1,2,3 (axis_sum=1.3)",3,0,0,300,wt,False,,520,,0,,,,,
865268,2025-05-03,20250503_21_07#7B,RANK_7B,"2=3-7,1,5 (axis_sum=1.3)",3,0,0,300,wt,False,,590,,0,,,,,
865266,2025-05-03,20250503_51_04#7B,RANK_7B,"5=7-4,2,6 (axis_sum=1.4)",3,0,0,300,wt,False,,320,,0,,,,,
865276,2025-05-03,20250503_51_11#7B,RANK_7B,"5=7-3,4,1 (axis_sum=1.2)",3,1,400,300,wt,False,,400,,0,,,,,
865197,2025-05-03,20250503_85_06#7B,RANK_7B,"4=1-3,7,6 (axis_sum=1.7)",3,1,360,300,wt,False,,360,,0,,,,,
865273,2025-05-04,20250504_11_06#7B,RANK_7B,"7=4-5,2,1 (axis_sum=1.3)",3,1,550,300,wt,False,,550,,0,,,,,
865352,2025-05-04,20250504_23_02#7B,RANK_7B,"2=5-1,7,4 (axis_sum=1.0)",3,0,0,300,wt,False,,820,,0,,,,,
865220,2025-05-04,20250504_51_03#7B,RANK_7B,"7=3-1,2,4 (axis_sum=1.5)",3,1,410,300,wt,False,,410,,0,,,,,
865348,2025-05-04,20250504_51_11#7B,RANK_7B,"5=1-7,4,6 (axis_sum=1.3)",3,0,0,300,wt,False,,1750,,0,,,,,
865360,2025-05-04,20250504_87_05#7B,RANK_7B,"2=1-6,5,3 (axis_sum=1.2)",3,1,1690,300,wt,False,,1690,,0,,,,,
865367,2025-05-04,20250504_87_10#7B,RANK_7B,"1=3-4,2,5 (axis_sum=1.3)",3,1,1310,300,wt,False,,1310,,0,,,,,
865311,2025-05-05,20250505_26_08#7B,RANK_7B,"4=2-5,7,3 (axis_sum=1.3)",3,0,0,300,wt,False,,3240,,0,,,,,
865184,2025-05-05,20250505_34_05#7B,RANK_7B,"6=1-7,5,4 (axis_sum=1.8)",3,0,0,300,wt,False,,160,,0,,,,,
865282,2025-05-05,20250505_56_07#7B,RANK_7B,"2=1-3,5,6 (axis_sum=1.4)",3,1,920,300,wt,False,,920,,0,,,,,
865234,2025-05-05,20250505_71_03#7B,RANK_7B,"1=3-7,5,2 (axis_sum=1.6)",3,0,0,300,wt,False,,330,,0,,,,,
865322,2025-05-05,20250505_84_09#7B,RANK_7B,"2=5-3,7,1 (axis_sum=1.3)",3,0,0,300,wt,False,,2570,,0,,,,,
865241,2025-05-05,20250505_84_10#7B,RANK_7B,"3=2-5,1,4 (axis_sum=1.2)",3,1,650,300,wt,False,,650,,0,,,,,
865279,2025-05-06,20250506_23_01#7B,RANK_7B,"7=1-4,2,3 (axis_sum=1.4)",3,1,420,300,wt,False,,420,,0,,,,,
865293,2025-05-06,20250506_26_09#7B,RANK_7B,"2=5-1,4,3 (axis_sum=1.4)",3,1,290,300,wt,False,,290,,0,,,,,
865188,2025-05-06,20250506_34_06#7B,RANK_7B,"7=6-2,3,1 (axis_sum=1.7)",3,0,0,300,wt,False,,250,,0,,,,,
865193,2025-05-06,20250506_45_06#7B,RANK_7B,"5=7-3,1,4 (axis_sum=1.7)",3,0,0,300,wt,False,,1530,,0,,,,,
865213,2025-05-06,20250506_56_03#7B,RANK_7B,"1=2-4,6,5 (axis_sum=1.6)",3,0,0,300,wt,False,,840,,0,,,,,
865231,2025-05-06,20250506_84_08#7B,RANK_7B,"5=1-4,2,3 (axis_sum=1.3)",3,1,730,300,wt,False,,730,,0,,,,,
865340,2025-05-06,20250506_84_11#7B,RANK_7B,"7=2-1,4,3 (axis_sum=1.3)",3,0,0,300,wt,False,,640,,0,,,,,
865182,2025-05-07,20250507_12_06#7B,RANK_7B,"1=7-6,2,5 (axis_sum=1.7)",3,0,0,300,wt,False,,17570,,0,,,,,
865198,2025-05-07,20250507_34_10#7B,RANK_7B,"2=1-6,7,4 (axis_sum=1.8)",3,0,0,300,wt,False,,160,,0,,,,,
865343,2025-05-08,20250508_43_09#7B,RANK_7B,"2=1-3,6,5 (axis_sum=1.3)",3,0,0,300,wt,False,,860,,0,,,,,
865329,2025-05-08,20250508_44_01#7B,RANK_7B,"4=3-2,7,1 (axis_sum=1.3)",3,0,0,300,wt,False,,690,,0,,,,,
865232,2025-05-08,20250508_44_10#7B,RANK_7B,"7=1-2,4,3 (axis_sum=1.6)",3,1,340,300,wt,False,,340,,0,,,,,
865236,2025-05-08,20250508_81_03#7B,RANK_7B,"2=1-5,6,4 (axis_sum=1.5)",3,0,0,300,wt,False,,3150,,0,,,,,
865260,2025-05-09,20250509_12_09#7B,RANK_7B,"1=7-2,4,3 (axis_sum=1.4)",3,0,0,300,wt,False,,800,,0,,,,,
865357,2025-05-09,20250509_43_02#7B,RANK_7B,"1=5-2,4,6 (axis_sum=1.1)",3,0,0,300,wt,False,,850,,0,,,,,
865349,2025-05-09,20250509_44_07#7B,RANK_7B,"7=2-5,3,6 (axis_sum=1.2)",3,0,0,300,wt,False,,410,,0,,,,,
865187,2025-05-09,20250509_51_04#7B,RANK_7B,"2=5-1,4,3 (axis_sum=1.7)",3,0,0,300,wt,False,,8500,,0,,,,,
865195,2025-05-09,20250509_56_03#7B,RANK_7B,"1=5-7,3,2 (axis_sum=1.6)",3,0,0,300,wt,False,,190,,0,,,,,
865181,2025-05-09,20250509_56_06#7B,RANK_7B,"1=7-5,6,3 (axis_sum=1.7)",3,0,0,300,wt,False,,160,,0,,,,,
865205,2025-05-09,20250509_56_11#7B,RANK_7B,"7=1-4,2,5 (axis_sum=1.7)",3,1,400,300,wt,False,,400,,0,,,,,
865310,2025-05-09,20250509_81_06#7B,RANK_7B,"1=2-4,5,7 (axis_sum=1.5)",3,1,1470,300,wt,False,,1470,,0,,,,,
865359,2025-05-09,20250509_86_04#7B,RANK_7B,"5=7-2,3,4 (axis_sum=1.3)",3,1,700,300,wt,False,,700,,0,,,,,
865362,2025-05-09,20250509_86_07#7B,RANK_7B,"2=1-3,4,5 (axis_sum=1.2)",3,0,0,300,wt,False,,710,,0,,,,,
865353,2025-05-09,20250509_86_10#7B,RANK_7B,"1=6-5,3,2 (axis_sum=1.2)",3,0,0,300,wt,False,,1690,,0,,,,,
865194,2025-05-10,20250510_26_03#7B,RANK_7B,"2=1-3,5,4 (axis_sum=1.8)",3,0,0,300,wt,False,,240,,0,,,,,
865259,2025-05-10,20250510_43_02#7B,RANK_7B,"1=4-3,5,6 (axis_sum=1.4)",3,0,0,300,wt,False,,17470,,0,,,,,
865275,2025-05-10,20250510_44_04#7B,RANK_7B,"7=2-4,1,6 (axis_sum=1.4)",3,0,0,300,wt,False,,270,,0,,,,,
865246,2025-05-10,20250510_44_07#7B,RANK_7B,"4=3-5,7,2 (axis_sum=1.5)",3,0,0,300,wt,False,,1280,,0,,,,,
865331,2025-05-10,20250510_51_07#7B,RANK_7B,"5=4-7,2,1 (axis_sum=1.3)",3,0,0,300,wt,False,,4670,,0,,,,,
865318,2025-05-10,20250510_56_11#7B,RANK_7B,"1=5-4,2,6 (axis_sum=1.5)",3,0,0,300,wt,False,,2660,,0,,,,,
865210,2025-05-11,20250511_21_09#7B,RANK_7B,"7=2-3,4,1 (axis_sum=1.5)",3,0,0,300,wt,False,,180,,0,,,,,
865215,2025-05-11,20250511_26_05#7B,RANK_7B,"7=2-4,1,6 (axis_sum=1.8)",3,0,0,300,wt,False,,460,,0,,,,,
865227,2025-05-12,20250512_21_02#7B,RANK_7B,"7=2-3,5,1 (axis_sum=1.6)",3,0,0,300,wt,False,,1130,,0,,,,,
865315,2025-05-12,20250512_61_10#7B,RANK_7B,"2=4-7,3,5 (axis_sum=1.4)",3,0,0,300,wt,False,,9820,,0,,,,,
865207,2025-05-14,20250514_11_02#7B,RANK_7B,"1=2-5,6,4 (axis_sum=1.6)",3,0,0,300,wt,False,,370,,0,,,,,
865264,2025-05-14,20250514_11_03#7B,RANK_7B,"1=5-2,3,4 (axis_sum=1.6)",3,0,0,300,wt,False,,27110,,0,,,,,
865338,2025-05-14,20250514_51_05#7B,RANK_7B,"3=2-1,5,4 (axis_sum=1.2)",3,0,0,300,wt,False,,4790,,0,,,,,
865346,2025-05-14,20250514_51_07#7B,RANK_7B,"7=3-5,1,6 (axis_sum=1.3)",3,1,410,300,wt,False,,410,,0,,,,,
865341,2025-05-14,20250514_61_06#7B,RANK_7B,"5=7-4,3,2 (axis_sum=1.3)",3,1,2520,300,wt,False,,2520,,0,,,,,
865290,2025-05-14,20250514_61_08#7B,RANK_7B,"2=5-1,7,6 (axis_sum=1.4)",3,0,0,300,wt,False,,3560,,0,,,,,
865326,2025-05-14,20250514_61_10#7B,RANK_7B,"1=7-3,5,2 (axis_sum=1.3)",3,0,0,300,wt,False,,910,,0,,,,,
865271,2025-05-14,20250514_87_03#7B,RANK_7B,"2=4-5,7,3 (axis_sum=1.4)",3,0,0,300,wt,False,,4800,,0,,,,,
865270,2025-05-15,20250515_11_06#7B,RANK_7B,"1=4-3,5,6 (axis_sum=1.4)",3,1,980,300,wt,False,,980,,0,,,,,
865278,2025-05-15,20250515_34_06#7B,RANK_7B,"4=1-7,3,5 (axis_sum=1.3)",3,0,0,300,wt,False,,10500,,0,,,,,
865203,2025-05-15,20250515_34_11#7B,RANK_7B,"4=1-7,2,5 (axis_sum=1.6)",3,0,0,300,wt,False,,290,,0,,,,,
865204,2025-05-15,20250515_44_04#7B,RANK_7B,"7=3-5,2,4 (axis_sum=1.9)",3,0,0,300,wt,False,,230,,0,,,,,
865265,2025-05-16,20250516_11_03#7B,RANK_7B,"1=2-5,6,4 (axis_sum=1.4)",3,0,0,300,wt,False,,400,,0,,,,,
865255,2025-05-16,20250516_11_08#7B,RANK_7B,"1=3-4,6,5 (axis_sum=1.5)",3,1,530,300,wt,False,,530,,0,,,,,
865248,2025-05-16,20250516_13_08#7B,RANK_7B,"2=6-5,1,4 (axis_sum=1.4)",3,0,0,300,wt,False,,8900,,0,,,,,
865287,2025-05-16,20250516_34_03#7B,RANK_7B,"2=3-7,1,6 (axis_sum=1.3)",3,0,0,300,wt,False,,3700,,0,,,,,
865335,2025-05-16,20250516_34_12#7B,RANK_7B,"6=4-5,2,7 (axis_sum=1.5)",3,1,710,300,wt,False,,710,,0,,,,,
865228,2025-05-16,20250516_44_03#7B,RANK_7B,"7=3-2,5,4 (axis_sum=1.5)",3,0,0,300,wt,False,,1200,,0,,,,,
865277,2025-05-16,20250516_44_04#7B,RANK_7B,"2=1-5,4,6 (axis_sum=1.5)",3,0,0,300,wt,False,,1440,,0,,,,,
865202,2025-05-16,20250516_44_08#7B,RANK_7B,"1=4-3,5,2 (axis_sum=1.6)",3,1,610,300,wt,False,,610,,0,,,,,
865218,2025-05-16,20250516_44_09#7B,RANK_7B,"1=5-7,2,4 (axis_sum=1.8)",3,1,370,300,wt,False,,370,,0,,,,,
865230,2025-05-16,20250516_51_04#7B,RANK_7B,"3=5-2,1,7 (axis_sum=1.5)",3,0,0,300,wt,False,,360,,0,,,,,
865356,2025-05-17,20250517_13_08#7B,RANK_7B,"6=2-1,4,3 (axis_sum=1.2)",3,0,0,300,wt,False,,6540,,0,,,,,
865333,2025-05-17,20250517_34_09#7B,RANK_7B,"1=2-3,4,7 (axis_sum=1.3)",3,0,0,300,wt,False,,7730,,0,,,,,
865183,2025-05-17,20250517_48_06#7B,RANK_7B,"1=2-4,6,7 (axis_sum=1.8)",3,0,0,300,wt,False,,2130,,0,,,,,
865189,2025-05-17,20250517_74_01#7B,RANK_7B,"5=1-3,2,7 (axis_sum=1.7)",3,0,0,300,wt,False,,4900,,0,,,,,
865238,2025-05-18,20250518_48_05#7B,RANK_7B,"2=1-5,4,6 (axis_sum=1.4)",3,1,3970,300,wt,False,,3970,,0,,,,,
865269,2025-05-18,20250518_48_07#7B,RANK_7B,"1=6-2,3,5 (axis_sum=1.6)",3,0,0,300,wt,False,,480,,0,,,,,
865244,2025-05-18,20250518_74_02#7B,RANK_7B,"5=1-2,4,7 (axis_sum=1.5)",3,0,0,300,wt,False,,200,,0,,,,,
865257,2025-05-19,20250519_37_03#7B,RANK_7B,"2=1-3,4,5 (axis_sum=1.6)",3,0,0,300,wt,False,,3150,,0,,,,,
865319,2025-05-19,20250519_48_07#7B,RANK_7B,"2=3-5,6,7 (axis_sum=1.5)",3,0,0,300,wt,False,,10070,,0,,,,,
865262,2025-05-19,20250519_56_03#7B,RANK_7B,"2=1-4,6,3 (axis_sum=1.4)",3,0,0,300,wt,False,,450,,0,,,,,
865256,2025-05-19,20250519_56_05#7B,RANK_7B,"1=7-3,5,4 (axis_sum=1.5)",3,0,0,300,wt,False,,4850,,0,,,,,
865314,2025-05-20,20250520_44_07#7B,RANK_7B,"7=3-4,1,5 (axis_sum=1.3)",3,0,0,300,wt,False,,12570,,0,,,,,
865355,2025-05-20,20250520_44_12#7B,RANK_7B,"3=4-5,2,7 (axis_sum=1.3)",3,0,0,300,wt,False,,1050,,0,,,,,
865214,2025-05-20,20250520_47_07#7B,RANK_7B,"1=2-3,5,6 (axis_sum=1.6)",3,0,0,300,wt,False,,390,,0,,,,,
865274,2025-05-20,20250520_47_09#7B,RANK_7B,"3=4-5,2,6 (axis_sum=1.4)",3,0,0,300,wt,False,,1490,,0,,,,,
865351,2025-05-20,20250520_56_09#7B,RANK_7B,"2=3-5,1,6 (axis_sum=1.2)",3,0,0,300,wt,False,,510,,0,,,,,
865354,2025-05-20,20250520_56_11#7B,RANK_7B,"7=2-4,3,1 (axis_sum=1.3)",3,0,0,300,wt,False,,730,,0,,,,,
865339,2025-05-20,20250520_61_10#7B,RANK_7B,"1=3-4,5,2 (axis_sum=1.4)",3,0,0,300,wt,False,,840,,0,,,,,
865219,2025-05-20,20250520_84_08#7B,RANK_7B,"1=2-4,5,7 (axis_sum=1.4)",3,0,0,300,wt,False,,360,,0,,,,,
865317,2025-05-21,20250521_11_05#7B,RANK_7B,"2=1-4,7,5 (axis_sum=1.2)",3,0,0,300,wt,False,,970,,0,,,,,
865243,2025-05-21,20250521_11_08#7B,RANK_7B,"4=1-2,6,7 (axis_sum=1.6)",3,1,220,300,wt,False,,220,,0,,,,,
865192,2025-05-21,20250521_28_02#7B,RANK_7B,"4=3-2,5,1 (axis_sum=1.3)",3,0,0,300,wt,False,,1570,,0,,,,,
865288,2025-05-21,20250521_44_04#7B,RANK_7B,"5=3-1,2,4 (axis_sum=1.5)",3,0,0,300,wt,False,,7290,,0,,,,,
865289,2025-05-21,20250521_44_05#7B,RANK_7B,"1=2-5,7,3 (axis_sum=1.3)",3,1,1160,300,wt,False,,1160,,0,,,,,
865223,2025-05-21,20250521_47_06#7B,RANK_7B,"1=2-3,5,6 (axis_sum=1.5)",3,0,0,300,wt,False,,180,,0,,,,,
865217,2025-05-21,20250521_71_02#7B,RANK_7B,"5=3-4,2,1 (axis_sum=1.6)",3,0,0,300,wt,False,,250,,0,,,,,
865313,2025-05-22,20250522_21_12#7B,RANK_7B,"3=5-1,2,6 (axis_sum=1.4)",3,0,0,300,wt,False,,2260,,0,,,,,
865308,2025-05-22,20250522_71_01#7B,RANK_7B,"1=5-3,7,4 (axis_sum=1.3)",3,0,0,300,wt,False,,3430,,0,,,,,
865334,2025-05-22,20250522_84_03#7B,RANK_7B,"1=3-2,4,6 (axis_sum=1.3)",3,0,0,300,wt,False,,650,,0,,,,,
865344,2025-05-22,20250522_84_06#7B,RANK_7B,"1=2-4,5,6 (axis_sum=1.2)",3,1,640,300,wt,False,,640,,0,,,,,
865209,2025-05-23,20250523_37_02#7B,RANK_7B,"3=5-2,1,7 (axis_sum=1.4)",3,0,0,300,wt,False,,1410,,0,,,,,
865206,2025-05-23,20250523_37_05#7B,RANK_7B,"5=1-4,2,6 (axis_sum=1.8)",3,0,0,300,wt,False,,180,,0,,,,,
865199,2025-05-23,20250523_53_10#7B,RANK_7B,"4=7-5,3,2 (axis_sum=1.4)",3,1,1530,300,wt,False,,1530,,0,,,,,
865327,2025-05-23,20250523_71_12#7B,RANK_7B,"5=7-4,3,1 (axis_sum=1.2)",3,0,0,300,wt,False,,7330,,0,,,,,
865237,2025-05-23,20250523_85_01#7B,RANK_7B,"2=3-4,5,7 (axis_sum=1.3)",3,0,0,300,wt,False,,490,,0,,,,,
865307,2025-05-24,20250524_27_06#7B,RANK_7B,"7=2-4,5,3 (axis_sum=1.4)",3,0,0,300,wt,False,,9230,,0,,,,,
865226,2025-05-24,20250524_27_09#7B,RANK_7B,"7=1-3,2,6 (axis_sum=1.4)",3,1,410,300,wt,False,,410,,0,,,,,
865336,2025-05-24,20250524_48_11#7B,RANK_7B,"1=7-6,5,3 (axis_sum=1.4)",3,1,480,300,wt,False,,480,,0,,,,,
865330,2025-05-24,20250524_53_11#7B,RANK_7B,"3=2-5,4,7 (axis_sum=1.2)",3,0,0,300,wt,False,,3210,,0,,,,,
865272,2025-05-24,20250524_61_07#7B,RANK_7B,"1=5-4,3,6 (axis_sum=1.5)",3,0,0,300,wt,False,,210,,0,,,,,
865261,2025-05-25,20250525_27_07#7B,RANK_7B,"5=2-7,4,3 (axis_sum=1.4)",3,0,0,300,wt,False,,3650,,0,,,,,
865247,2025-05-25,20250525_27_09#7B,RANK_7B,"1=5-2,4,7 (axis_sum=1.6)",3,1,380,300,wt,False,,380,,0,,,,,
865283,2025-05-25,20250525_53_08#7B,RANK_7B,"7=5-3,2,4 (axis_sum=1.4)",3,0,0,300,wt,False,,310,,0,,,,,
865312,2025-05-25,20250525_53_12#7B,RANK_7B,"7=1-2,4,5 (axis_sum=1.4)",3,0,0,300,wt,False,,950,,0,,,,,
865235,2025-05-25,20250525_63_02#7B,RANK_7B,"3=1-7,5,6 (axis_sum=1.3)",3,0,0,300,wt,False,,660,,0,,,,,
865212,2025-05-25,20250525_63_08#7B,RANK_7B,"4=2-1,5,3 (axis_sum=1.6)",3,0,0,300,wt,False,,200,,0,,,,,
865305,2025-05-25,20250525_63_09#7B,RANK_7B,"7=3-4,1,6 (axis_sum=1.3)",3,0,0,300,wt,False,,4620,,0,,,,,
865191,2025-05-25,20250525_85_01#7B,RANK_7B,"1=3-2,4,5 (axis_sum=1.7)",3,0,0,300,wt,False,,140,,0,,,,,
865358,2025-05-25,20250525_85_07#7B,RANK_7B,"1=2-4,5,6 (axis_sum=1.2)",3,0,0,300,wt,False,,1030,,0,,,,,
865267,2025-05-26,20250526_11_04#7B,RANK_7B,"1=3-5,6,4 (axis_sum=1.3)",3,1,500,300,wt,False,,500,,0,,,,,
865321,2025-05-26,20250526_11_09#7B,RANK_7B,"1=2-4,5,6 (axis_sum=1.4)",3,0,0,300,wt,False,,500,,0,,,,,
865250,2025-05-26,20250526_27_04#7B,RANK_7B,"3=5-4,2,1 (axis_sum=1.5)",3,1,770,300,wt,False,,770,,0,,,,,
865332,2025-05-26,20250526_63_08#7B,RANK_7B,"2=5-7,4,3 (axis_sum=1.2)",3,0,0,300,wt,False,,10070,,0,,,,,
865251,2025-05-26,20250526_63_11#7B,RANK_7B,"5=7-4,3,2 (axis_sum=1.3)",3,1,700,300,wt,False,,700,,0,,,,,
865253,2025-05-27,20250527_11_03#7B,RANK_7B,"1=3-2,5,6 (axis_sum=1.2)",3,0,0,300,wt,False,,360,,0,,,,,
865323,2025-05-27,20250527_11_06#7B,RANK_7B,"2=3-7,4,6 (axis_sum=1.3)",3,1,3180,300,wt,False,,3180,,0,,,,,
865306,2025-05-27,20250527_11_09#7B,RANK_7B,"1=2-4,6,7 (axis_sum=1.5)",3,0,0,300,wt,False,,210,,0,,,,,
865216,2025-05-27,20250527_21_09#7B,RANK_7B,"1=4-5,3,2 (axis_sum=1.5)",3,0,0,300,wt,False,,1060,,0,,,,,
865328,2025-05-27,20250527_21_12#7B,RANK_7B,"7=3-1,4,2 (axis_sum=1.2)",3,0,0,300,wt,False,,1670,,0,,,,,
865345,2025-05-27,20250527_37_05#7B,RANK_7B,"5=7-3,2,1 (axis_sum=1.3)",3,0,0,300,wt,False,,6990,,0,,,,,
865304,2025-05-27,20250527_37_06#7B,RANK_7B,"5=1-7,4,3 (axis_sum=1.2)",3,0,0,300,wt,False,,380,,0,,,,,
865254,2025-05-27,20250527_37_08#7B,RANK_7B,"7=3-6,4,5 (axis_sum=1.5)",3,0,0,300,wt,False,,520,,0,,,,,
865196,2025-05-27,20250527_51_06#7B,RANK_7B,"5=4-2,7,3 (axis_sum=1.6)",3,0,0,300,wt,False,,140,,0,,,,,
865186,2025-05-27,20250527_63_02#7B,RANK_7B,"4=1-5,7,2 (axis_sum=1.7)",3,0,0,300,wt,False,,7430,,0,,,,,
865245,2025-05-27,20250527_81_11#7B,RANK_7B,"1=7-2,5,4 (axis_sum=1.7)",3,0,0,300,wt,False,,180,,0,,,,,
865281,2025-05-28,20250528_21_08#7B,RANK_7B,"4=3-7,1,6 (axis_sum=1.3)",3,0,0,300,wt,False,,6260,,0,,,,,
865337,2025-05-28,20250528_21_11#7B,RANK_7B,"1=2-4,7,3 (axis_sum=1.3)",3,0,0,300,wt,False,,7800,,0,,,,,
865286,2025-05-28,20250528_21_12#7B,RANK_7B,"1=5-7,2,6 (axis_sum=1.4)",3,0,0,300,wt,False,,15070,,0,,,,,
865225,2025-05-28,20250528_45_11#7B,RANK_7B,"4=7-2,5,1 (axis_sum=1.5)",3,0,0,300,wt,False,,3180,,0,,,,,
865324,2025-05-28,20250528_87_02#7B,RANK_7B,"1=3-5,4,6 (axis_sum=1.1)",3,0,0,300,wt,False,,280,,0,,,,,
865258,2025-05-28,20250528_87_04#7B,RANK_7B,"2=3-4,5,6 (axis_sum=1.2)",3,0,0,300,wt,False,,4170,,0,,,,,
865190,2025-05-28,20250528_87_05#7B,RANK_7B,"2=1-3,7,5 (axis_sum=1.6)",3,0,0,300,wt,False,,140,,0,,,,,
865240,2025-05-29,20250529_21_01#7B,RANK_7B,"1=7-4,2,3 (axis_sum=1.5)",3,1,660,300,wt,False,,660,,0,,,,,
865284,2025-05-29,20250529_21_11#7B,RANK_7B,"1=7-5,4,3 (axis_sum=1.5)",3,0,0,300,wt,False,,1160,,0,,,,,
865224,2025-05-29,20250529_37_02#7B,RANK_7B,"1=5-4,7,3 (axis_sum=1.4)",3,0,0,300,wt,False,,2160,,0,,,,,
865342,2025-05-29,20250529_71_05#7B,RANK_7B,"5=1-2,3,4 (axis_sum=1.2)",3,0,0,300,wt,False,,290,,0,,,,,
865252,2025-05-29,20250529_85_06#7B,RANK_7B,"3=4-7,1,2 (axis_sum=1.8)",3,0,0,300,wt,False,,4730,,0,,,,,
865249,2025-05-30,20250530_45_01#7B,RANK_7B,"7=1-4,3,5 (axis_sum=1.5)",3,0,0,300,wt,False,,2450,,0,,,,,
865201,2025-05-30,20250530_53_07#7B,RANK_7B,"7=4-2,3,5 (axis_sum=1.6)",3,1,480,300,wt,False,,480,,0,,,,,
865222,2025-05-30,20250530_53_08#7B,RANK_7B,"2=4-3,1,5 (axis_sum=1.7)",3,0,0,300,wt,False,,160,,0,,,,,
865263,2025-05-30,20250530_71_02#7B,RANK_7B,"4=7-2,6,3 (axis_sum=1.5)",3,0,0,300,wt,False,,18970,,0,,,,,
865211,2025-05-30,20250530_71_08#7B,RANK_7B,"7=1-4,5,2 (axis_sum=1.5)",3,0,0,300,wt,False,,500,,0,,,,,
865229,2025-05-31,20250531_34_02#7B,RANK_7B,"2=1-4,5,7 (axis_sum=1.3)",3,0,0,300,wt,False,,2680,,0,,,,,
865233,2025-05-31,20250531_44_04#7B,RANK_7B,"2=3-6,7,5 (axis_sum=1.7)",3,0,0,300,wt,False,,470,,0,,,,,
865200,2025-05-31,20250531_48_10#7B,RANK_7B,"5=2-1,4,3 (axis_sum=1.7)",3,0,0,300,wt,False,,150,,0,,,,,
865239,2025-05-31,20250531_53_11#7B,RANK_7B,"4=7-5,2,1 (axis_sum=1.7)",3,0,0,300,wt,False,,3630,,0,,,,,
865208,2025-05-31,20250531_71_07#7B,RANK_7B,"1=7-5,2,3 (axis_sum=1.4)",3,1,330,300,wt,False,,330,,0,,,,,
865309,2025-05-31,20250531_71_08#7B,RANK_7B,"5=4-1,2,6 (axis_sum=1.4)",3,0,0,300,wt,False,,57620,,0,,,,,
865242,2025-05-31,20250531_71_11#7B,RANK_7B,"1=5-2,3,4 (axis_sum=1.6)",3,0,0,300,wt,False,,5670,,0,,,,,
865347,2025-05-31,20250531_71_12#7B,RANK_7B,"3=1-4,2,7 (axis_sum=1.2)",3,0,0,300,wt,False,,3590,,0,,,,,
865502,2025-06-01,20250601_12_03#7B,RANK_7B,"1=5-3,4,7 (axis_sum=1.3)",3,0,0,300,wt,False,,2530,,0,,,,,
865462,2025-06-01,20250601_12_05#7B,RANK_7B,"1=4-7,3,5 (axis_sum=1.4)",3,0,0,300,wt,False,,620,,0,,,,,
865470,2025-06-01,20250601_44_11#7B,RANK_7B,"1=4-5,3,2 (axis_sum=1.5)",3,1,240,300,wt,False,,240,,0,,,,,
865433,2025-06-02,20250602_11_03#7B,RANK_7B,"7=2-5,1,3 (axis_sum=1.7)",3,0,0,300,wt,False,,1840,,0,,,,,
865413,2025-06-02,20250602_11_06#7B,RANK_7B,"2=3-7,4,5 (axis_sum=1.4)",3,0,0,300,wt,False,,1000,,0,,,,,
865407,2025-06-02,20250602_12_01#7B,RANK_7B,"1=5-2,3,4 (axis_sum=1.6)",3,1,1360,300,wt,False,,1360,,0,,,,,
865451,2025-06-02,20250602_31_01#7B,RANK_7B,"1=2-4,5,6 (axis_sum=1.3)",3,0,0,300,wt,False,,1490,,0,,,,,
865383,2025-06-02,20250602_31_07#7B,RANK_7B,"1=2-4,3,7 (axis_sum=1.7)",3,0,0,300,wt,False,,130,,0,,,,,
865524,2025-06-02,20250602_51_05#7B,RANK_7B,"3=7-2,5,1 (axis_sum=1.4)",3,0,0,300,wt,False,,1300,,0,,,,,
865414,2025-06-02,20250602_51_07#7B,RANK_7B,"7=5-2,3,1 (axis_sum=1.7)",3,1,510,300,wt,False,,510,,0,,,,,
865468,2025-06-02,20250602_51_10#7B,RANK_7B,"5=7-1,2,4 (axis_sum=1.4)",3,0,0,300,wt,False,,4230,,0,,,,,
865403,2025-06-03,20250603_31_01#7B,RANK_7B,"1=4-2,3,5 (axis_sum=1.5)",3,1,530,300,wt,False,,530,,0,,,,,
865381,2025-06-03,20250603_31_03#7B,RANK_7B,"2=1-3,5,6 (axis_sum=1.8)",3,1,2970,300,wt,False,,2970,,0,,,,,
865496,2025-06-03,20250603_51_08#7B,RANK_7B,"7=3-4,5,1 (axis_sum=1.4)",3,0,0,300,wt,False,,5910,,0,,,,,
865431,2025-06-03,20250603_87_06#7B,RANK_7B,"1=2-5,3,6 (axis_sum=1.5)",3,1,750,300,wt,False,,750,,0,,,,,
865400,2025-06-04,20250604_22_07#7B,RANK_7B,"2=1-4,5,6 (axis_sum=1.4)",3,0,0,300,wt,False,,1250,,0,,,,,
865444,2025-06-04,20250604_63_02#7B,RANK_7B,"7=1-4,2,5 (axis_sum=1.4)",3,0,0,300,wt,False,,960,,0,,,,,
865436,2025-06-04,20250604_83_07#7B,RANK_7B,"1=7-4,5,6 (axis_sum=1.3)",3,1,390,300,wt,False,,390,,0,,,,,
865410,2025-06-04,20250604_83_10#7B,RANK_7B,"1=2-5,3,7 (axis_sum=1.7)",3,0,0,300,wt,False,,1930,,0,,,,,
865384,2025-06-05,20250605_46_02#7B,RANK_7B,"7=3-4,6,5 (axis_sum=1.2)",3,0,0,300,wt,False,,1270,,0,,,,,
865481,2025-06-05,20250605_63_03#7B,RANK_7B,"4=2-5,1,6 (axis_sum=1.7)",3,0,0,300,wt,False,,270,,0,,,,,
865423,2025-06-06,20250606_22_06#7B,RANK_7B,"1=2-3,5,7 (axis_sum=1.5)",3,1,530,300,wt,False,,530,,0,,,,,
865499,2025-06-06,20250606_38_02#7B,RANK_7B,"1=4-2,5,7 (axis_sum=1.1)",3,1,490,300,wt,False,,490,,0,,,,,
865369,2025-06-07,20250607_11_01#7B,RANK_7B,"3=1-2,5,6 (axis_sum=1.5)",3,0,0,300,wt,False,,130,,0,,,,,
865378,2025-06-07,20250607_11_05#7B,RANK_7B,"1=3-4,6,5 (axis_sum=1.6)",3,0,0,300,wt,False,,130,,0,,,,,
865473,2025-06-07,20250607_34_01#7B,RANK_7B,"1=2-3,5,7 (axis_sum=1.6)",3,0,0,300,wt,False,,3220,,0,,,,,
865402,2025-06-07,20250607_34_07#7B,RANK_7B,"1=2-3,5,6 (axis_sum=1.7)",3,1,630,300,wt,False,,630,,0,,,,,
865458,2025-06-07,20250607_44_02#7B,RANK_7B,"1=7-5,3,6 (axis_sum=1.6)",3,0,0,300,wt,False,,1600,,0,,,,,
865437,2025-06-08,20250608_11_05#7B,RANK_7B,"1=3-2,4,7 (axis_sum=1.3)",3,1,1040,300,wt,False,,1040,,0,,,,,
865512,2025-06-08,20250608_44_12#7B,RANK_7B,"1=7-2,3,5 (axis_sum=1.4)",3,0,0,300,wt,False,,4680,,0,,,,,
865442,2025-06-09,20250609_11_04#7B,RANK_7B,"1=2-5,3,6 (axis_sum=1.5)",3,0,0,300,wt,False,,6550,,0,,,,,
865380,2025-06-09,20250609_24_07#7B,RANK_7B,"4=3-5,2,1 (axis_sum=1.7)",3,0,0,300,wt,False,,170,,0,,,,,
865421,2025-06-09,20250609_24_10#7B,RANK_7B,"2=7-1,3,5 (axis_sum=1.5)",3,1,340,300,wt,False,,340,,0,,,,,
865388,2025-06-09,20250609_34_03#7B,RANK_7B,"1=3-4,2,5 (axis_sum=1.7)",3,0,0,300,wt,False,,160,,0,,,,,
865376,2025-06-09,20250609_34_04#7B,RANK_7B,"4=1-2,6,5 (axis_sum=1.7)",3,0,0,300,wt,False,,160,,0,,,,,
865446,2025-06-09,20250609_43_07#7B,RANK_7B,"5=1-4,3,6 (axis_sum=1.4)",3,1,600,300,wt,False,,600,,0,,,,,
865375,2025-06-09,20250609_53_06#7B,RANK_7B,"3=6-4,7,1 (axis_sum=1.7)",3,1,440,300,wt,False,,440,,0,,,,,
865398,2025-06-09,20250609_53_11#7B,RANK_7B,"3=4-2,7,6 (axis_sum=1.6)",3,0,0,300,wt,False,,210,,0,,,,,
865466,2025-06-10,20250610_24_07#7B,RANK_7B,"1=2-5,3,7 (axis_sum=1.3)",3,0,0,300,wt,False,,1550,,0,,,,,
865531,2025-06-10,20250610_27_07#7B,RANK_7B,"7=2-4,5,6 (axis_sum=0.9)",3,0,0,300,wt,False,,3170,,0,,,,,
865503,2025-06-10,20250610_27_10#7B,RANK_7B,"1=5-2,4,7 (axis_sum=1.4)",3,0,0,300,wt,False,,320,,0,,,,,
865411,2025-06-10,20250610_53_05#7B,RANK_7B,"3=1-5,7,2 (axis_sum=1.4)",3,0,0,300,wt,False,,660,,0,,,,,
865447,2025-06-10,20250610_53_11#7B,RANK_7B,"2=4-5,3,7 (axis_sum=1.5)",3,1,1200,300,wt,False,,1200,,0,,,,,
865430,2025-06-10,20250610_61_02#7B,RANK_7B,"1=3-7,4,2 (axis_sum=1.4)",3,0,0,300,wt,False,,330,,0,,,,,
865387,2025-06-11,20250611_21_04#7B,RANK_7B,"4=2-1,5,6 (axis_sum=1.5)",3,0,0,300,wt,False,,5440,,0,,,,,
865501,2025-06-11,20250611_21_08#7B,RANK_7B,"2=1-6,3,5 (axis_sum=1.5)",3,0,0,300,wt,False,,2320,,0,,,,,
865506,2025-06-11,20250611_27_05#7B,RANK_7B,"6=2-4,1,7 (axis_sum=1.5)",3,0,0,300,wt,False,,2180,,0,,,,,
865508,2025-06-11,20250611_53_09#7B,RANK_7B,"4=2-1,6,3 (axis_sum=1.6)",3,0,0,300,wt,False,,880,,0,,,,,
865377,2025-06-11,20250611_61_06#7B,RANK_7B,"4=6-7,2,1 (axis_sum=1.7)",3,1,380,300,wt,False,,380,,0,,,,,
865434,2025-06-11,20250611_61_08#7B,RANK_7B,"7=4-3,1,2 (axis_sum=1.4)",3,0,0,300,wt,False,,1580,,0,,,,,
865401,2025-06-11,20250611_81_07#7B,RANK_7B,"3=1-4,6,5 (axis_sum=1.5)",3,0,0,300,wt,False,,930,,0,,,,,
865489,2025-06-12,20250612_35_08#7B,RANK_7B,"1=3-2,5,6 (axis_sum=1.4)",3,0,0,300,wt,False,,550,,0,,,,,
865435,2025-06-12,20250612_61_06#7B,RANK_7B,"1=5-3,7,6 (axis_sum=1.3)",3,0,0,300,wt,False,,8500,,0,,,,,
865448,2025-06-14,20250614_23_09#7B,RANK_7B,"2=1-7,5,3 (axis_sum=1.3)",3,1,1910,300,wt,False,,1910,,0,,,,,
865510,2025-06-14,20250614_35_11#7B,RANK_7B,"4=1-3,2,6 (axis_sum=1.5)",3,1,970,300,wt,False,,970,,0,,,,,
865525,2025-06-14,20250614_51_03#7B,RANK_7B,"7=2-4,1,3 (axis_sum=1.2)",3,1,410,300,wt,False,,410,,0,,,,,
865522,2025-06-14,20250614_53_07#7B,RANK_7B,"5=1-7,3,4 (axis_sum=1.3)",3,0,0,300,wt,False,,860,,0,,,,,
865455,2025-06-14,20250614_87_02#7B,RANK_7B,"2=7-3,1,5 (axis_sum=1.3)",3,0,0,300,wt,False,,840,,0,,,,,
865488,2025-06-14,20250614_87_05#7B,RANK_7B,"1=5-2,3,4 (axis_sum=1.2)",3,0,0,300,wt,False,,3230,,0,,,,,
865449,2025-06-15,20250615_23_07#7B,RANK_7B,"3=2-7,1,5 (axis_sum=1.2)",3,0,0,300,wt,False,,6760,,0,,,,,
865528,2025-06-15,20250615_23_11#7B,RANK_7B,"5=3-7,4,1 (axis_sum=1.1)",3,0,0,300,wt,False,,4530,,0,,,,,
865393,2025-06-15,20250615_37_01#7B,RANK_7B,"4=1-3,5,6 (axis_sum=1.3)",3,1,1110,300,wt,False,,1110,,0,,,,,
865469,2025-06-15,20250615_53_01#7B,RANK_7B,"4=3-1,2,7 (axis_sum=1.6)",3,0,0,300,wt,False,,3180,,0,,,,,
865530,2025-06-15,20250615_53_02#7B,RANK_7B,"4=2-7,5,1 (axis_sum=0.9)",3,0,0,300,wt,False,,1180,,0,,,,,
865432,2025-06-15,20250615_53_07#7B,RANK_7B,"1=4-3,2,5 (axis_sum=1.6)",3,0,0,300,wt,False,,170,,0,,,,,
865385,2025-06-16,20250616_27_05#7B,RANK_7B,"2=1-3,5,6 (axis_sum=1.6)",3,0,0,300,wt,False,,910,,0,,,,,
865440,2025-06-16,20250616_31_08#7B,RANK_7B,"5=2-3,4,1 (axis_sum=1.6)",3,0,0,300,wt,False,,23130,,0,,,,,
865504,2025-06-16,20250616_53_05#7B,RANK_7B,"7=2-3,6,5 (axis_sum=1.3)",3,0,0,300,wt,False,,1200,,0,,,,,
865486,2025-06-17,20250617_38_09#7B,RANK_7B,"1=5-2,3,7 (axis_sum=1.4)",3,0,0,300,wt,False,,2390,,0,,,,,
865472,2025-06-17,20250617_56_05#7B,RANK_7B,"5=2-7,3,4 (axis_sum=1.7)",3,0,0,300,wt,False,,23470,,0,,,,,
865399,2025-06-17,20250617_86_02#7B,RANK_7B,"4=7-5,3,2 (axis_sum=1.5)",3,0,0,300,wt,False,,2060,,0,,,,,
865396,2025-06-18,20250618_21_09#7B,RANK_7B,"5=2-7,4,3 (axis_sum=1.6)",3,0,0,300,wt,False,,330,,0,,,,,
865483,2025-06-18,20250618_27_02#7B,RANK_7B,"1=3-2,4,6 (axis_sum=1.0)",3,0,0,300,wt,False,,19260,,0,,,,,
865521,2025-06-18,20250618_27_09#7B,RANK_7B,"1=2-3,4,6 (axis_sum=1.4)",3,0,0,300,wt,False,,820,,0,,,,,
865424,2025-06-18,20250618_31_02#7B,RANK_7B,"7=4-1,5,3 (axis_sum=1.6)",3,1,270,300,wt,False,,270,,0,,,,,
865457,2025-06-18,20250618_31_04#7B,RANK_7B,"2=1-4,7,5 (axis_sum=1.5)",3,0,0,300,wt,False,,410,,0,,,,,
865497,2025-06-18,20250618_38_08#7B,RANK_7B,"4=7-2,3,1 (axis_sum=1.3)",3,0,0,300,wt,False,,330,,0,,,,,
865454,2025-06-18,20250618_56_12#7B,RANK_7B,"1=2-7,3,4 (axis_sum=1.6)",3,1,330,300,wt,False,,330,,0,,,,,
865427,2025-06-18,20250618_61_03#7B,RANK_7B,"2=1-3,5,4 (axis_sum=1.7)",3,1,240,300,wt,False,,240,,0,,,,,
865453,2025-06-18,20250618_61_05#7B,RANK_7B,"1=2-5,4,6 (axis_sum=1.4)",3,0,0,300,wt,False,,350,,0,,,,,
865495,2025-06-18,20250618_81_05#7B,RANK_7B,"1=7-3,4,5 (axis_sum=1.4)",3,0,0,300,wt,False,,3500,,0,,,,,
865464,2025-06-18,20250618_81_07#7B,RANK_7B,"3=7-5,2,4 (axis_sum=1.5)",3,1,500,300,wt,False,,500,,0,,,,,
865382,2025-06-19,20250619_13_04#7B,RANK_7B,"1=2-4,6,5 (axis_sum=1.5)",3,0,0,300,wt,False,,270,,0,,,,,
865386,2025-06-19,20250619_24_02#7B,RANK_7B,"2=3-6,4,5 (axis_sum=1.6)",3,1,240,300,wt,False,,240,,0,,,,,
865426,2025-06-19,20250619_56_07#7B,RANK_7B,"6=1-4,2,3 (axis_sum=1.5)",3,0,0,300,wt,False,,390,,0,,,,,
865474,2025-06-19,20250619_81_10#7B,RANK_7B,"5=2-3,4,7 (axis_sum=1.3)",3,0,0,300,wt,False,,22030,,0,,,,,
865417,2025-06-20,20250620_22_10#7B,RANK_7B,"7=1-4,2,3 (axis_sum=1.4)",3,1,260,300,wt,False,,260,,0,,,,,
865443,2025-06-20,20250620_22_11#7B,RANK_7B,"1=4-5,7,2 (axis_sum=1.6)",3,0,0,300,wt,False,,4590,,0,,,,,
865406,2025-06-20,20250620_24_06#7B,RANK_7B,"2=3-1,4,6 (axis_sum=1.6)",3,1,740,300,wt,False,,740,,0,,,,,
865439,2025-06-20,20250620_24_09#7B,RANK_7B,"1=2-3,6,5 (axis_sum=1.6)",3,1,1400,300,wt,False,,1400,,0,,,,,
865509,2025-06-20,20250620_37_04#7B,RANK_7B,"5=2-1,7,4 (axis_sum=1.3)",3,0,0,300,wt,False,,4980,,0,,,,,
865395,2025-06-20,20250620_37_06#7B,RANK_7B,"4=2-3,7,6 (axis_sum=1.8)",3,0,0,300,wt,False,,320,,0,,,,,
865493,2025-06-21,20250621_13_07#7B,RANK_7B,"1=2-3,6,5 (axis_sum=1.3)",3,1,3450,300,wt,False,,3450,,0,,,,,
865425,2025-06-21,20250621_22_09#7B,RANK_7B,"7=1-5,4,2 (axis_sum=1.7)",3,0,0,300,wt,False,,390,,0,,,,,
865471,2025-06-21,20250621_24_04#7B,RANK_7B,"1=5-2,4,6 (axis_sum=1.3)",3,0,0,300,wt,False,,1820,,0,,,,,
865394,2025-06-21,20250621_35_10#7B,RANK_7B,"3=1-2,5,4 (axis_sum=1.5)",3,0,0,300,wt,False,,1610,,0,,,,,
865491,2025-06-21,20250621_37_02#7B,RANK_7B,"4=7-2,3,6 (axis_sum=1.3)",3,1,840,300,wt,False,,840,,0,,,,,
865408,2025-06-21,20250621_46_09#7B,RANK_7B,"5=7-2,1,4 (axis_sum=1.5)",3,0,0,300,wt,False,,470,,0,,,,,
865372,2025-06-22,20250622_22_01#7B,RANK_7B,"7=1-2,4,3 (axis_sum=1.7)",3,0,0,300,wt,False,,140,,0,,,,,
865418,2025-06-22,20250622_22_03#7B,RANK_7B,"7=2-1,4,3 (axis_sum=1.5)",3,0,0,300,wt,False,,140,,0,,,,,
865529,2025-06-22,20250622_22_09#7B,RANK_7B,"1=7-3,5,4 (axis_sum=1.2)",3,0,0,300,wt,False,,390,,0,,,,,
865511,2025-06-22,20250622_27_10#7B,RANK_7B,"1=6-7,2,3 (axis_sum=1.6)",3,0,0,300,wt,False,,160,,0,,,,,
865515,2025-06-22,20250622_84_09#7B,RANK_7B,"4=1-3,5,6 (axis_sum=1.4)",3,0,0,300,wt,False,,840,,0,,,,,
865452,2025-06-23,20250623_23_06#7B,RANK_7B,"1=3-5,7,2 (axis_sum=1.5)",3,0,0,300,wt,False,,590,,0,,,,,
865460,2025-06-23,20250623_27_11#7B,RANK_7B,"6=1-2,4,3 (axis_sum=1.5)",3,0,0,300,wt,False,,2080,,0,,,,,
865482,2025-06-23,20250623_46_07#7B,RANK_7B,"2=4-6,1,7 (axis_sum=1.4)",3,1,870,300,wt,False,,870,,0,,,,,
865390,2025-06-23,20250623_63_02#7B,RANK_7B,"4=1-6,3,7 (axis_sum=1.0)",3,1,760,300,wt,False,,760,,0,,,,,
865370,2025-06-23,20250623_63_06#7B,RANK_7B,"2=4-6,5,3 (axis_sum=1.7)",3,0,0,300,wt,False,,170,,0,,,,,
865391,2025-06-23,20250623_74_03#7B,RANK_7B,"5=1-3,4,2 (axis_sum=1.3)",3,1,580,300,wt,False,,580,,0,,,,,
865441,2025-06-23,20250623_74_06#7B,RANK_7B,"2=7-3,5,1 (axis_sum=1.4)",3,0,0,300,wt,False,,1100,,0,,,,,
865459,2025-06-23,20250623_74_07#7B,RANK_7B,"1=5-4,7,2 (axis_sum=1.3)",3,0,0,300,wt,False,,2920,,0,,,,,
865405,2025-06-23,20250623_74_11#7B,RANK_7B,"2=4-5,7,3 (axis_sum=1.6)",3,0,0,300,wt,False,,20070,,0,,,,,
865476,2025-06-24,20250624_23_03#7B,RANK_7B,"2=4-3,5,1 (axis_sum=1.4)",3,0,0,300,wt,False,,8250,,0,,,,,
865485,2025-06-24,20250624_38_11#7B,RANK_7B,"4=1-7,5,3 (axis_sum=1.4)",3,0,0,300,wt,False,,480,,0,,,,,
865492,2025-06-24,20250624_46_08#7B,RANK_7B,"7=5-2,1,4 (axis_sum=1.2)",3,0,0,300,wt,False,,1330,,0,,,,,
865527,2025-06-24,20250624_48_09#7B,RANK_7B,"1=3-7,6,4 (axis_sum=1.3)",3,0,0,300,wt,False,,3440,,0,,,,,
865371,2025-06-24,20250624_63_06#7B,RANK_7B,"5=7-4,1,6 (axis_sum=1.6)",3,0,0,300,wt,False,,140,,0,,,,,
865498,2025-06-24,20250624_74_08#7B,RANK_7B,"7=5-1,4,2 (axis_sum=1.3)",3,0,0,300,wt,False,,1670,,0,,,,,
865450,2025-06-25,20250625_12_06#7B,RANK_7B,"5=2-1,4,7 (axis_sum=1.3)",3,1,480,300,wt,False,,480,,0,,,,,
865415,2025-06-25,20250625_34_02#7B,RANK_7B,"2=1-5,3,6 (axis_sum=1.1)",3,0,0,300,wt,False,,2660,,0,,,,,
865465,2025-06-25,20250625_46_08#7B,RANK_7B,"1=5-7,4,2 (axis_sum=1.3)",3,0,0,300,wt,False,,1710,,0,,,,,
865397,2025-06-25,20250625_63_02#7B,RANK_7B,"4=1-2,3,7 (axis_sum=1.2)",3,0,0,300,wt,False,,7810,,0,,,,,
865461,2025-06-25,20250625_85_01#7B,RANK_7B,"1=3-2,6,5 (axis_sum=1.4)",3,0,0,300,wt,False,,360,,0,,,,,
865517,2025-06-25,20250625_87_12#7B,RANK_7B,"7=2-1,5,4 (axis_sum=1.5)",3,1,320,300,wt,False,,320,,0,,,,,
865467,2025-06-26,20250626_22_03#7B,RANK_7B,"4=2-1,5,3 (axis_sum=1.2)",3,0,0,300,wt,False,,1130,,0,,,,,
865505,2025-06-26,20250626_34_02#7B,RANK_7B,"1=3-2,4,5 (axis_sum=1.1)",3,0,0,300,wt,False,,2590,,0,,,,,
865513,2025-06-26,20250626_38_03#7B,RANK_7B,"2=5-7,3,1 (axis_sum=1.3)",3,1,1000,300,wt,False,,1000,,0,,,,,
865392,2025-06-26,20250626_45_02#7B,RANK_7B,"1=3-4,2,5 (axis_sum=1.6)",3,0,0,300,wt,False,,700,,0,,,,,
865409,2025-06-26,20250626_45_04#7B,RANK_7B,"1=2-3,5,4 (axis_sum=1.6)",3,1,740,300,wt,False,,740,,0,,,,,
865480,2025-06-26,20250626_51_07#7B,RANK_7B,"7=1-2,4,6 (axis_sum=1.6)",3,0,0,300,wt,False,,4970,,0,,,,,
865463,2025-06-26,20250626_85_03#7B,RANK_7B,"1=2-5,4,3 (axis_sum=1.5)",3,0,0,300,wt,False,,150,,0,,,,,
865514,2025-06-26,20250626_87_09#7B,RANK_7B,"3=2-4,5,7 (axis_sum=1.3)",3,0,0,300,wt,False,,2620,,0,,,,,
865477,2025-06-27,20250627_22_05#7B,RANK_7B,"2=6-4,3,7 (axis_sum=1.6)",3,1,590,300,wt,False,,590,,0,,,,,
865456,2025-06-27,20250627_45_06#7B,RANK_7B,"1=2-4,6,7 (axis_sum=1.4)",3,0,0,300,wt,False,,450,,0,,,,,
865412,2025-06-27,20250627_61_06#7B,RANK_7B,"5=3-1,4,2 (axis_sum=1.5)",3,0,0,300,wt,False,,740,,0,,,,,
865404,2025-06-27,20250627_85_04#7B,RANK_7B,"1=3-4,5,6 (axis_sum=1.5)",3,0,0,300,wt,False,,2630,,0,,,,,
865445,2025-06-27,20250627_85_05#7B,RANK_7B,"1=2-3,5,7 (axis_sum=1.4)",3,0,0,300,wt,False,,450,,0,,,,,
865518,2025-06-28,20250628_22_11#7B,RANK_7B,"4=6-2,7,5 (axis_sum=1.2)",3,1,830,300,wt,False,,830,,0,,,,,
865389,2025-06-28,20250628_44_03#7B,RANK_7B,"1=2-4,6,7 (axis_sum=1.5)",3,0,0,300,wt,False,,39320,,0,,,,,
865490,2025-06-28,20250628_51_07#7B,RANK_7B,"4=1-2,5,3 (axis_sum=1.5)",3,0,0,300,wt,False,,160,,0,,,,,
865494,2025-06-28,20250628_53_01#7B,RANK_7B,"1=2-3,7,5 (axis_sum=1.3)",3,1,440,300,wt,False,,440,,0,,,,,
865419,2025-06-28,20250628_53_04#7B,RANK_7B,"1=2-5,4,6 (axis_sum=1.5)",3,0,0,300,wt,False,,1620,,0,,,,,
865475,2025-06-28,20250628_53_07#7B,RANK_7B,"2=1-4,5,6 (axis_sum=1.4)",3,1,1070,300,wt,False,,1070,,0,,,,,
865479,2025-06-28,20250628_61_10#7B,RANK_7B,"3=7-1,5,2 (axis_sum=1.5)",3,0,0,300,wt,False,,240,,0,,,,,
865519,2025-06-28,20250628_61_12#7B,RANK_7B,"4=2-1,3,5 (axis_sum=1.3)",3,0,0,300,wt,False,,3920,,0,,,,,
865374,2025-06-29,20250629_53_01#7B,RANK_7B,"4=2-1,5,6 (axis_sum=1.5)",3,0,0,300,wt,False,,1020,,0,,,,,
865516,2025-06-29,20250629_53_05#7B,RANK_7B,"1=2-3,4,5 (axis_sum=1.4)",3,0,0,300,wt,False,,25210,,0,,,,,
865507,2025-06-29,20250629_53_07#7B,RANK_7B,"2=1-3,5,4 (axis_sum=1.3)",3,0,0,300,wt,False,,8010,,0,,,,,
865416,2025-06-29,20250629_56_07#7B,RANK_7B,"7=5-2,1,4 (axis_sum=1.6)",3,1,770,300,wt,False,,770,,0,,,,,
865428,2025-06-29,20250629_56_08#7B,RANK_7B,"4=5-3,7,6 (axis_sum=1.4)",3,0,0,300,wt,False,,580,,0,,,,,
865526,2025-06-29,20250629_56_12#7B,RANK_7B,"3=1-4,2,7 (axis_sum=1.2)",3,0,0,300,wt,False,,6720,,0,,,,,
865520,2025-06-29,20250629_61_12#7B,RANK_7B,"1=7-2,3,4 (axis_sum=1.4)",3,0,0,300,wt,False,,250,,0,,,,,
865487,2025-06-30,20250630_13_02#7B,RANK_7B,"3=2-7,1,4 (axis_sum=1.2)",3,0,0,300,wt,False,,3130,,0,,,,,
865484,2025-06-30,20250630_13_07#7B,RANK_7B,"7=4-5,1,3 (axis_sum=1.4)",3,0,0,300,wt,False,,10170,,0,,,,,
865438,2025-06-30,20250630_13_08#7B,RANK_7B,"1=5-2,3,7 (axis_sum=1.5)",3,0,0,300,wt,False,,290,,0,,,,,
865429,2025-06-30,20250630_34_03#7B,RANK_7B,"2=5-7,4,3 (axis_sum=1.4)",3,0,0,300,wt,False,,1810,,0,,,,,
865379,2025-06-30,20250630_34_04#7B,RANK_7B,"7=1-4,2,6 (axis_sum=1.7)",3,0,0,300,wt,False,,130,,0,,,,,
865420,2025-06-30,20250630_44_05#7B,RANK_7B,"1=2-4,6,5 (axis_sum=1.5)",3,0,0,300,wt,False,,290,,0,,,,,
865478,2025-06-30,20250630_53_04#7B,RANK_7B,"2=1-3,4,6 (axis_sum=1.4)",3,0,0,300,wt,False,,5880,,0,,,,,
865422,2025-06-30,20250630_56_01#7B,RANK_7B,"3=4-5,7,1 (axis_sum=1.3)",3,0,0,300,wt,False,,710,,0,,,,,
865500,2025-06-30,20250630_63_07#7B,RANK_7B,"3=5-2,6,1 (axis_sum=1.2)",3,0,0,300,wt,False,,2550,,0,,,,,
865373,2025-06-30,20250630_74_03#7B,RANK_7B,"2=1-3,4,6 (axis_sum=1.6)",3,0,0,300,wt,False,,1620,,0,,,,,
865523,2025-06-30,20250630_83_01#7B,RANK_7B,"2=1-5,3,7 (axis_sum=1.3)",3,0,0,300,wt,False,,8500,,0,,,,,
865575,2025-07-01,20250701_21_04#7B,RANK_7B,"2=1-3,5,6 (axis_sum=1.4)",3,1,1800,300,wt,False,,1800,,0,,,,,
865638,2025-07-01,20250701_34_03#7B,RANK_7B,"5=2-4,1,3 (axis_sum=1.4)",3,0,0,300,wt,False,,2550,,0,,,,,
865670,2025-07-01,20250701_34_07#7B,RANK_7B,"3=2-7,5,4 (axis_sum=1.5)",3,0,0,300,wt,False,,450,,0,,,,,
865533,2025-07-01,20250701_56_01#7B,RANK_7B,"7=5-3,4,1 (axis_sum=1.7)",3,0,0,300,wt,False,,130,,0,,,,,
865691,2025-07-01,20250701_83_01#7B,RANK_7B,"7=3-1,5,2 (axis_sum=1.2)",3,0,0,300,wt,False,,2680,,0,,,,,
865758,2025-07-02,20250702_11_01#7B,RANK_7B,"1=4-5,3,6 (axis_sum=1.2)",3,1,880,300,wt,False,,880,,0,,,,,
865759,2025-07-02,20250702_21_02#7B,RANK_7B,"1=3-4,5,6 (axis_sum=1.0)",3,0,0,300,wt,False,,3140,,0,,,,,
865641,2025-07-02,20250702_22_03#7B,RANK_7B,"1=4-7,5,3 (axis_sum=1.3)",3,1,730,300,wt,False,,730,,0,,,,,
865545,2025-07-02,20250702_28_05#7B,RANK_7B,"4=5-3,2,6 (axis_sum=1.7)",3,0,0,300,wt,False,,190,,0,,,,,
865704,2025-07-02,20250702_28_12#7B,RANK_7B,"5=4-7,2,3 (axis_sum=1.3)",3,0,0,300,wt,False,,990,,0,,,,,
865582,2025-07-02,20250702_34_04#7B,RANK_7B,"2=7-1,5,4 (axis_sum=1.6)",3,1,940,300,wt,False,,940,,0,,,,,
865688,2025-07-02,20250702_34_11#7B,RANK_7B,"1=4-3,2,7 (axis_sum=1.4)",3,0,0,300,wt,False,,3040,,0,,,,,
865717,2025-07-02,20250702_42_01#7B,RANK_7B,"5=3-4,2,1 (axis_sum=1.4)",3,1,500,300,wt,False,,500,,0,,,,,
865677,2025-07-02,20250702_85_03#7B,RANK_7B,"2=3-1,5,7 (axis_sum=1.2)",3,0,0,300,wt,False,,3040,,0,,,,,
865614,2025-07-03,20250703_22_02#7B,RANK_7B,"2=4-7,3,1 (axis_sum=1.3)",3,1,1490,300,wt,False,,1490,,0,,,,,
865724,2025-07-03,20250703_22_03#7B,RANK_7B,"7=2-4,1,3 (axis_sum=1.1)",3,0,0,300,wt,False,,3840,,0,,,,,
865681,2025-07-03,20250703_22_07#7B,RANK_7B,"7=1-4,5,3 (axis_sum=1.4)",3,0,0,300,wt,False,,330,,0,,,,,
865694,2025-07-03,20250703_51_04#7B,RANK_7B,"1=2-7,4,5 (axis_sum=1.2)",3,1,860,300,wt,False,,860,,0,,,,,
865771,2025-07-03,20250703_85_02#7B,RANK_7B,"1=3-6,4,5 (axis_sum=0.9)",3,0,0,300,wt,False,,4020,,0,,,,,
865663,2025-07-03,20250703_85_05#7B,RANK_7B,"1=3-7,4,6 (axis_sum=1.4)",3,0,0,300,wt,False,,130,,0,,,,,
865734,2025-07-03,20250703_85_06#7B,RANK_7B,"1=4-2,7,3 (axis_sum=1.4)",3,0,0,300,wt,False,,2630,,0,,,,,
865560,2025-07-04,20250704_13_09#7B,RANK_7B,"3=5-7,2,4 (axis_sum=1.3)",3,0,0,300,wt,False,,730,,0,,,,,
865547,2025-07-04,20250704_28_12#7B,RANK_7B,"4=1-6,5,3 (axis_sum=1.6)",3,0,0,300,wt,False,,660,,0,,,,,
865690,2025-07-04,20250704_38_01#7B,RANK_7B,"1=6-2,5,4 (axis_sum=1.5)",3,0,0,300,wt,False,,270,,0,,,,,
865687,2025-07-04,20250704_38_04#7B,RANK_7B,"2=1-4,5,6 (axis_sum=1.6)",3,0,0,300,wt,False,,2130,,0,,,,,
865605,2025-07-04,20250704_45_02#7B,RANK_7B,"2=3-5,4,7 (axis_sum=1.4)",3,0,0,300,wt,False,,1060,,0,,,,,
865541,2025-07-04,20250704_45_05#7B,RANK_7B,"2=1-5,6,4 (axis_sum=1.5)",3,0,0,300,wt,False,,150,,0,,,,,
865668,2025-07-05,20250705_45_02#7B,RANK_7B,"2=5-3,6,4 (axis_sum=1.1)",3,1,470,300,wt,False,,470,,0,,,,,
865592,2025-07-05,20250705_56_09#7B,RANK_7B,"7=3-4,5,2 (axis_sum=1.4)",3,0,0,300,wt,False,,1250,,0,,,,,
865705,2025-07-05,20250705_86_03#7B,RANK_7B,"1=4-2,6,3 (axis_sum=1.3)",3,0,0,300,wt,False,,860,,0,,,,,
865741,2025-07-06,20250706_13_05#7B,RANK_7B,"7=3-4,5,2 (axis_sum=1.2)",3,0,0,300,wt,False,,8390,,0,,,,,
865727,2025-07-06,20250706_38_05#7B,RANK_7B,"2=1-7,4,5 (axis_sum=1.3)",3,0,0,300,wt,False,,860,,0,,,,,
865763,2025-07-06,20250706_38_06#7B,RANK_7B,"3=1-7,4,6 (axis_sum=1.2)",3,0,0,300,wt,False,,1470,,0,,,,,
865633,2025-07-06,20250706_45_02#7B,RANK_7B,"1=5-4,2,7 (axis_sum=1.3)",3,0,0,300,wt,False,,2000,,0,,,,,
865546,2025-07-06,20250706_45_03#7B,RANK_7B,"2=1-3,5,6 (axis_sum=1.4)",3,0,0,300,wt,False,,150,,0,,,,,
865606,2025-07-06,20250706_47_06#7B,RANK_7B,"3=5-4,1,7 (axis_sum=1.3)",3,1,500,300,wt,False,,500,,0,,,,,
865669,2025-07-06,20250706_48_11#7B,RANK_7B,"1=3-7,5,2 (axis_sum=1.3)",3,0,0,300,wt,False,,1110,,0,,,,,
865737,2025-07-06,20250706_56_01#7B,RANK_7B,"3=7-1,2,6 (axis_sum=1.2)",3,1,1600,300,wt,False,,1600,,0,,,,,
865622,2025-07-06,20250706_56_07#7B,RANK_7B,"1=7-5,2,3 (axis_sum=1.6)",3,0,0,300,wt,False,,120,,0,,,,,
865693,2025-07-06,20250706_84_05#7B,RANK_7B,"1=2-4,5,6 (axis_sum=1.4)",3,0,0,300,wt,False,,4690,,0,,,,,
865698,2025-07-06,20250706_86_01#7B,RANK_7B,"5=2-3,7,6 (axis_sum=1.0)",3,0,0,300,wt,False,,1330,,0,,,,,
865618,2025-07-07,20250707_24_07#7B,RANK_7B,"2=3-1,7,4 (axis_sum=1.2)",3,0,0,300,wt,False,,5170,,0,,,,,
865561,2025-07-07,20250707_25_06#7B,RANK_7B,"1=4-2,5,6 (axis_sum=1.5)",3,0,0,300,wt,False,,5100,,0,,,,,
865649,2025-07-07,20250707_31_04#7B,RANK_7B,"7=1-4,5,3 (axis_sum=1.6)",3,0,0,300,wt,False,,17300,,0,,,,,
865685,2025-07-07,20250707_34_05#7B,RANK_7B,"6=1-5,4,3 (axis_sum=1.4)",3,1,410,300,wt,False,,410,,0,,,,,
865735,2025-07-07,20250707_47_01#7B,RANK_7B,"7=5-2,3,4 (axis_sum=1.2)",3,0,0,300,wt,False,,2560,,0,,,,,
865754,2025-07-07,20250707_47_02#7B,RANK_7B,"3=2-7,5,4 (axis_sum=1.2)",3,0,0,300,wt,False,,9300,,0,,,,,
865627,2025-07-07,20250707_56_02#7B,RANK_7B,"4=2-1,5,3 (axis_sum=1.4)",3,0,0,300,wt,False,,540,,0,,,,,
865664,2025-07-07,20250707_56_03#7B,RANK_7B,"2=5-1,7,6 (axis_sum=1.4)",3,0,0,300,wt,False,,1230,,0,,,,,
865554,2025-07-07,20250707_74_06#7B,RANK_7B,"1=6-3,5,4 (axis_sum=1.6)",3,1,320,300,wt,False,,320,,0,,,,,
865580,2025-07-08,20250708_11_08#7B,RANK_7B,"7=2-3,5,1 (axis_sum=1.6)",3,0,0,300,wt,False,,220,,0,,,,,
865706,2025-07-08,20250708_11_09#7B,RANK_7B,"1=5-4,7,2 (axis_sum=1.4)",3,1,860,300,wt,False,,860,,0,,,,,
865692,2025-07-08,20250708_31_09#7B,RANK_7B,"4=2-3,1,5 (axis_sum=1.5)",3,0,0,300,wt,False,,650,,0,,,,,
865710,2025-07-08,20250708_47_03#7B,RANK_7B,"2=7-4,5,1 (axis_sum=1.4)",3,0,0,300,wt,False,,11220,,0,,,,,
865552,2025-07-08,20250708_47_04#7B,RANK_7B,"2=4-1,7,3 (axis_sum=1.5)",3,0,0,300,wt,False,,190,,0,,,,,
865719,2025-07-08,20250708_47_06#7B,RANK_7B,"3=5-7,6,2 (axis_sum=1.3)",3,0,0,300,wt,False,,420,,0,,,,,
865621,2025-07-08,20250708_47_08#7B,RANK_7B,"7=4-1,3,5 (axis_sum=1.5)",3,1,830,300,wt,False,,830,,0,,,,,
865700,2025-07-09,20250709_24_10#7B,RANK_7B,"1=4-5,7,2 (axis_sum=1.3)",3,0,0,300,wt,False,,6040,,0,,,,,
865619,2025-07-09,20250709_31_03#7B,RANK_7B,"4=3-1,7,6 (axis_sum=1.5)",3,0,0,300,wt,False,,4430,,0,,,,,
865549,2025-07-09,20250709_31_11#7B,RANK_7B,"1=7-3,5,6 (axis_sum=1.6)",3,0,0,300,wt,False,,5050,,0,,,,,
865657,2025-07-09,20250709_34_03#7B,RANK_7B,"1=3-4,5,6 (axis_sum=1.4)",3,0,0,300,wt,False,,950,,0,,,,,
865738,2025-07-09,20250709_34_06#7B,RANK_7B,"3=2-1,4,6 (axis_sum=1.3)",3,1,700,300,wt,False,,700,,0,,,,,
865604,2025-07-09,20250709_51_03#7B,RANK_7B,"2=4-5,3,7 (axis_sum=1.2)",3,1,880,300,wt,False,,880,,0,,,,,
865654,2025-07-09,20250709_51_05#7B,RANK_7B,"7=3-2,4,6 (axis_sum=1.4)",3,0,0,300,wt,False,,7850,,0,,,,,
865634,2025-07-09,20250709_74_05#7B,RANK_7B,"1=2-5,3,6 (axis_sum=1.2)",3,1,800,300,wt,False,,800,,0,,,,,
865567,2025-07-09,20250709_85_03#7B,RANK_7B,"1=5-2,6,7 (axis_sum=1.6)",3,1,530,300,wt,False,,530,,0,,,,,
865569,2025-07-09,20250709_85_10#7B,RANK_7B,"1=4-3,7,6 (axis_sum=1.7)",3,0,0,300,wt,False,,4850,,0,,,,,
865639,2025-07-10,20250710_11_03#7B,RANK_7B,"3=4-1,5,6 (axis_sum=1.3)",3,1,540,300,wt,False,,540,,0,,,,,
865751,2025-07-10,20250710_11_09#7B,RANK_7B,"5=3-4,2,1 (axis_sum=1.4)",3,0,0,300,wt,False,,1720,,0,,,,,
865562,2025-07-10,20250710_42_03#7B,RANK_7B,"2=3-4,5,6 (axis_sum=1.5)",3,1,1580,300,wt,False,,1580,,0,,,,,
865733,2025-07-10,20250710_61_05#7B,RANK_7B,"1=7-4,5,3 (axis_sum=1.6)",3,1,320,300,wt,False,,320,,0,,,,,
865651,2025-07-10,20250710_73_05#7B,RANK_7B,"2=4-1,3,5 (axis_sum=1.3)",3,0,0,300,wt,False,,1480,,0,,,,,
865637,2025-07-10,20250710_85_04#7B,RANK_7B,"4=2-3,7,5 (axis_sum=1.5)",3,1,1900,300,wt,False,,1900,,0,,,,,
865581,2025-07-11,20250711_38_05#7B,RANK_7B,"5=2-1,7,6 (axis_sum=1.3)",3,0,0,300,wt,False,,1380,,0,,,,,
865610,2025-07-11,20250711_38_10#7B,RANK_7B,"7=3-2,5,6 (axis_sum=1.3)",3,0,0,300,wt,False,,760,,0,,,,,
865537,2025-07-11,20250711_48_05#7B,RANK_7B,"2=6-3,5,1 (axis_sum=1.7)",3,0,0,300,wt,False,,170,,0,,,,,
865636,2025-07-11,20250711_56_01#7B,RANK_7B,"3=7-5,1,6 (axis_sum=1.5)",3,0,0,300,wt,False,,250,,0,,,,,
865536,2025-07-11,20250711_56_04#7B,RANK_7B,"2=5-1,4,3 (axis_sum=1.8)",3,0,0,300,wt,False,,110,,0,,,,,
865553,2025-07-11,20250711_56_09#7B,RANK_7B,"3=4-6,1,2 (axis_sum=1.5)",3,1,230,300,wt,False,,230,,0,,,,,
865746,2025-07-11,20250711_56_11#7B,RANK_7B,"5=7-1,2,4 (axis_sum=1.2)",3,0,0,300,wt,False,,940,,0,,,,,
865675,2025-07-11,20250711_73_01#7B,RANK_7B,"4=6-7,5,2 (axis_sum=1.4)",3,0,0,300,wt,False,,4290,,0,,,,,
865620,2025-07-12,20250712_38_06#7B,RANK_7B,"2=3-7,1,4 (axis_sum=1.6)",3,1,990,300,wt,False,,990,,0,,,,,
865665,2025-07-12,20250712_38_10#7B,RANK_7B,"3=2-4,7,6 (axis_sum=1.3)",3,0,0,300,wt,False,,640,,0,,,,,
865652,2025-07-12,20250712_42_05#7B,RANK_7B,"1=2-5,3,6 (axis_sum=1.3)",3,0,0,300,wt,False,,1410,,0,,,,,
865752,2025-07-12,20250712_48_04#7B,RANK_7B,"2=4-3,6,1 (axis_sum=1.4)",3,0,0,300,wt,False,,250,,0,,,,,
865543,2025-07-12,20250712_56_05#7B,RANK_7B,"2=4-7,5,6 (axis_sum=1.5)",3,0,0,300,wt,False,,160,,0,,,,,
865583,2025-07-13,20250713_11_03#7B,RANK_7B,"2=3-1,4,6 (axis_sum=1.5)",3,1,440,300,wt,False,,440,,0,,,,,
865613,2025-07-13,20250713_48_11#7B,RANK_7B,"1=6-5,4,2 (axis_sum=1.4)",3,0,0,300,wt,False,,460,,0,,,,,
865609,2025-07-13,20250713_63_01#7B,RANK_7B,"7=5-4,3,6 (axis_sum=1.4)",3,1,910,300,wt,False,,910,,0,,,,,
865667,2025-07-13,20250713_63_06#7B,RANK_7B,"5=1-3,6,7 (axis_sum=1.2)",3,0,0,300,wt,False,,250,,0,,,,,
865600,2025-07-13,20250713_63_07#7B,RANK_7B,"1=3-7,5,4 (axis_sum=1.1)",3,0,0,300,wt,False,,4460,,0,,,,,
865589,2025-07-13,20250713_63_09#7B,RANK_7B,"7=5-1,4,3 (axis_sum=1.4)",3,0,0,300,wt,False,,350,,0,,,,,
865556,2025-07-13,20250713_81_01#7B,RANK_7B,"4=2-6,3,5 (axis_sum=1.5)",3,1,160,300,wt,False,,160,,0,,,,,
865559,2025-07-13,20250713_81_02#7B,RANK_7B,"1=3-5,6,2 (axis_sum=1.6)",3,0,0,300,wt,False,,3030,,0,,,,,
865628,2025-07-14,20250714_51_01#7B,RANK_7B,"4=2-7,1,6 (axis_sum=1.6)",3,0,0,300,wt,False,,5680,,0,,,,,
865539,2025-07-14,20250714_51_03#7B,RANK_7B,"5=1-7,2,4 (axis_sum=1.8)",3,0,0,300,wt,False,,110,,0,,,,,
865659,2025-07-14,20250714_51_07#7B,RANK_7B,"4=7-1,5,2 (axis_sum=1.5)",3,0,0,300,wt,False,,6670,,0,,,,,
865658,2025-07-14,20250714_51_10#7B,RANK_7B,"5=2-1,4,7 (axis_sum=1.4)",3,0,0,300,wt,False,,320,,0,,,,,
865762,2025-07-14,20250714_63_10#7B,RANK_7B,"5=2-7,4,1 (axis_sum=1.2)",3,0,0,300,wt,False,,2700,,0,,,,,
865769,2025-07-14,20250714_81_08#7B,RANK_7B,"1=7-2,5,6 (axis_sum=1.2)",3,0,0,300,wt,False,,7520,,0,,,,,
865721,2025-07-15,20250715_11_09#7B,RANK_7B,"1=4-2,6,5 (axis_sum=1.4)",3,1,550,300,wt,False,,550,,0,,,,,
865713,2025-07-15,20250715_46_02#7B,RANK_7B,"5=3-2,7,1 (axis_sum=1.2)",3,0,0,300,wt,False,,3910,,0,,,,,
865601,2025-07-15,20250715_46_08#7B,RANK_7B,"1=6-5,7,4 (axis_sum=1.5)",3,0,0,300,wt,False,,4430,,0,,,,,
865643,2025-07-15,20250715_51_07#7B,RANK_7B,"7=1-2,3,5 (axis_sum=1.4)",3,0,0,300,wt,False,,4880,,0,,,,,
865757,2025-07-15,20250715_74_03#7B,RANK_7B,"1=7-5,6,4 (axis_sum=0.9)",3,0,0,300,wt,False,,2030,,0,,,,,
865548,2025-07-15,20250715_74_07#7B,RANK_7B,"1=4-5,3,6 (axis_sum=1.6)",3,0,0,300,wt,False,,150,,0,,,,,
865742,2025-07-15,20250715_81_03#7B,RANK_7B,"5=2-1,6,4 (axis_sum=1.3)",3,0,0,300,wt,False,,6340,,0,,,,,
865640,2025-07-15,20250715_81_08#7B,RANK_7B,"3=1-5,6,2 (axis_sum=1.4)",3,1,700,300,wt,False,,700,,0,,,,,
865635,2025-07-15,20250715_83_01#7B,RANK_7B,"3=2-5,1,7 (axis_sum=1.4)",3,0,0,300,wt,False,,3100,,0,,,,,
865535,2025-07-15,20250715_83_05#7B,RANK_7B,"1=4-2,5,6 (axis_sum=1.8)",3,1,430,300,wt,False,,430,,0,,,,,
865644,2025-07-15,20250715_83_11#7B,RANK_7B,"5=2-3,7,6 (axis_sum=1.3)",3,0,0,300,wt,False,,4030,,0,,,,,
865661,2025-07-16,20250716_34_01#7B,RANK_7B,"1=2-4,3,6 (axis_sum=1.3)",3,0,0,300,wt,False,,330,,0,,,,,
865725,2025-07-16,20250716_34_05#7B,RANK_7B,"1=6-2,4,7 (axis_sum=1.3)",3,0,0,300,wt,False,,6260,,0,,,,,
865760,2025-07-16,20250716_34_09#7B,RANK_7B,"2=5-3,6,4 (axis_sum=1.1)",3,1,670,300,wt,False,,670,,0,,,,,
865578,2025-07-16,20250716_45_03#7B,RANK_7B,"3=7-2,5,4 (axis_sum=1.4)",3,0,0,300,wt,False,,480,,0,,,,,
865574,2025-07-16,20250716_45_04#7B,RANK_7B,"1=2-4,3,6 (axis_sum=1.6)",3,1,500,300,wt,False,,500,,0,,,,,
865587,2025-07-16,20250716_45_08#7B,RANK_7B,"1=4-3,2,7 (axis_sum=1.7)",3,1,330,300,wt,False,,330,,0,,,,,
865550,2025-07-16,20250716_46_03#7B,RANK_7B,"2=3-1,4,6 (axis_sum=1.6)",3,0,0,300,wt,False,,150,,0,,,,,
865729,2025-07-16,20250716_46_04#7B,RANK_7B,"2=3-7,5,4 (axis_sum=1.2)",3,0,0,300,wt,False,,720,,0,,,,,
865743,2025-07-16,20250716_46_11#7B,RANK_7B,"1=7-6,2,5 (axis_sum=1.3)",3,0,0,300,wt,False,,1710,,0,,,,,
865726,2025-07-16,20250716_74_07#7B,RANK_7B,"1=5-7,4,2 (axis_sum=1.3)",3,0,0,300,wt,False,,320,,0,,,,,
865715,2025-07-16,20250716_83_03#7B,RANK_7B,"2=1-7,4,6 (axis_sum=1.3)",3,0,0,300,wt,False,,2800,,0,,,,,
865699,2025-07-17,20250717_12_12#7B,RANK_7B,"1=4-6,7,5 (axis_sum=1.4)",3,0,0,300,wt,False,,1020,,0,,,,,
865747,2025-07-17,20250717_23_02#7B,RANK_7B,"2=5-4,7,1 (axis_sum=1.0)",3,0,0,300,wt,False,,2500,,0,,,,,
865750,2025-07-17,20250717_34_02#7B,RANK_7B,"1=3-5,7,4 (axis_sum=1.1)",3,0,0,300,wt,False,,550,,0,,,,,
865770,2025-07-17,20250717_74_04#7B,RANK_7B,"4=1-6,7,5 (axis_sum=1.0)",3,0,0,300,wt,False,,5790,,0,,,,,
865744,2025-07-17,20250717_83_03#7B,RANK_7B,"3=2-5,1,6 (axis_sum=1.0)",3,0,0,300,wt,False,,4670,,0,,,,,
865764,2025-07-17,20250717_83_11#7B,RANK_7B,"1=6-3,2,7 (axis_sum=1.2)",3,0,0,300,wt,False,,4150,,0,,,,,
865749,2025-07-18,20250718_12_04#7B,RANK_7B,"7=5-4,3,2 (axis_sum=1.3)",3,0,0,300,wt,False,,1560,,0,,,,,
865624,2025-07-18,20250718_12_05#7B,RANK_7B,"7=1-4,3,2 (axis_sum=1.6)",3,1,1310,300,wt,False,,1310,,0,,,,,
865596,2025-07-18,20250718_12_08#7B,RANK_7B,"4=1-5,7,3 (axis_sum=1.3)",3,0,0,300,wt,False,,690,,0,,,,,
865571,2025-07-18,20250718_23_04#7B,RANK_7B,"1=2-4,3,6 (axis_sum=1.6)",3,0,0,300,wt,False,,240,,0,,,,,
865577,2025-07-18,20250718_23_11#7B,RANK_7B,"4=1-5,7,2 (axis_sum=1.5)",3,0,0,300,wt,False,,6850,,0,,,,,
865542,2025-07-18,20250718_25_06#7B,RANK_7B,"5=3-1,6,4 (axis_sum=1.6)",3,0,0,300,wt,False,,150,,0,,,,,
865632,2025-07-18,20250718_34_06#7B,RANK_7B,"1=2-3,4,6 (axis_sum=1.4)",3,0,0,300,wt,False,,620,,0,,,,,
865748,2025-07-18,20250718_45_02#7B,RANK_7B,"3=6-2,5,4 (axis_sum=1.3)",3,0,0,300,wt,False,,190,,0,,,,,
865696,2025-07-18,20250718_45_09#7B,RANK_7B,"1=2-5,3,6 (axis_sum=1.5)",3,0,0,300,wt,False,,1330,,0,,,,,
865745,2025-07-19,20250719_12_11#7B,RANK_7B,"6=1-4,5,7 (axis_sum=1.4)",3,0,0,300,wt,False,,2240,,0,,,,,
865708,2025-07-19,20250719_23_08#7B,RANK_7B,"5=1-3,7,4 (axis_sum=1.4)",3,1,600,300,wt,False,,600,,0,,,,,
865599,2025-07-19,20250719_44_08#7B,RANK_7B,"6=1-3,4,5 (axis_sum=1.7)",3,1,620,300,wt,False,,620,,0,,,,,
865603,2025-07-19,20250719_56_08#7B,RANK_7B,"7=1-4,5,2 (axis_sum=1.4)",3,1,800,300,wt,False,,800,,0,,,,,
865597,2025-07-19,20250719_84_01#7B,RANK_7B,"2=5-4,3,7 (axis_sum=1.5)",3,1,280,300,wt,False,,280,,0,,,,,
865671,2025-07-19,20250719_86_09#7B,RANK_7B,"1=5-2,4,6 (axis_sum=1.5)",3,0,0,300,wt,False,,1040,,0,,,,,
865540,2025-07-20,20250720_25_01#7B,RANK_7B,"7=4-1,5,6 (axis_sum=1.5)",3,0,0,300,wt,False,,1640,,0,,,,,
865591,2025-07-20,20250720_56_04#7B,RANK_7B,"4=1-6,3,7 (axis_sum=1.7)",3,0,0,300,wt,False,,140,,0,,,,,
865711,2025-07-20,20250720_56_09#7B,RANK_7B,"7=2-3,5,1 (axis_sum=1.3)",3,0,0,300,wt,False,,580,,0,,,,,
865565,2025-07-21,20250721_21_08#7B,RANK_7B,"7=2-1,3,6 (axis_sum=1.5)",3,0,0,300,wt,False,,170,,0,,,,,
865707,2025-07-21,20250721_56_10#7B,RANK_7B,"5=2-6,3,4 (axis_sum=1.4)",3,0,0,300,wt,False,,5450,,0,,,,,
865766,2025-07-21,20250721_56_11#7B,RANK_7B,"7=3-2,4,5 (axis_sum=1.2)",3,0,0,300,wt,False,,3630,,0,,,,,
865662,2025-07-21,20250721_86_06#7B,RANK_7B,"2=1-5,4,3 (axis_sum=1.6)",3,0,0,300,wt,False,,6410,,0,,,,,
865586,2025-07-22,20250722_11_07#7B,RANK_7B,"1=2-7,3,5 (axis_sum=1.4)",3,0,0,300,wt,False,,960,,0,,,,,
865676,2025-07-22,20250722_21_03#7B,RANK_7B,"5=3-2,4,6 (axis_sum=1.4)",3,0,0,300,wt,False,,1470,,0,,,,,
865703,2025-07-22,20250722_21_04#7B,RANK_7B,"6=2-1,5,7 (axis_sum=1.4)",3,0,0,300,wt,False,,1150,,0,,,,,
865678,2025-07-22,20250722_21_06#7B,RANK_7B,"7=3-1,4,5 (axis_sum=1.2)",3,1,340,300,wt,False,,340,,0,,,,,
865557,2025-07-22,20250722_24_01#7B,RANK_7B,"1=2-4,6,7 (axis_sum=1.5)",3,0,0,300,wt,False,,370,,0,,,,,
865563,2025-07-22,20250722_53_01#7B,RANK_7B,"7=3-2,4,5 (axis_sum=1.4)",3,0,0,300,wt,False,,340,,0,,,,,
865716,2025-07-22,20250722_53_06#7B,RANK_7B,"5=1-2,4,6 (axis_sum=1.3)",3,0,0,300,wt,False,,960,,0,,,,,
865647,2025-07-22,20250722_53_07#7B,RANK_7B,"2=5-4,3,7 (axis_sum=1.3)",3,0,0,300,wt,False,,860,,0,,,,,
865753,2025-07-22,20250722_53_12#7B,RANK_7B,"5=2-1,4,7 (axis_sum=1.1)",3,0,0,300,wt,False,,570,,0,,,,,
865590,2025-07-22,20250722_85_06#7B,RANK_7B,"2=1-5,4,7 (axis_sum=1.6)",3,0,0,300,wt,False,,530,,0,,,,,
865626,2025-07-23,20250723_12_06#7B,RANK_7B,"5=2-7,1,6 (axis_sum=1.4)",3,0,0,300,wt,False,,280,,0,,,,,
865631,2025-07-23,20250723_21_02#7B,RANK_7B,"7=4-5,2,1 (axis_sum=1.3)",3,0,0,300,wt,False,,4710,,0,,,,,
865532,2025-07-23,20250723_24_04#7B,RANK_7B,"3=1-2,5,6 (axis_sum=1.7)",3,0,0,300,wt,False,,100,,0,,,,,
865701,2025-07-23,20250723_45_09#7B,RANK_7B,"5=3-1,4,2 (axis_sum=1.4)",3,1,1230,300,wt,False,,1230,,0,,,,,
865656,2025-07-23,20250723_53_01#7B,RANK_7B,"2=1-6,5,3 (axis_sum=1.4)",3,0,0,300,wt,False,,5030,,0,,,,,
865674,2025-07-23,20250723_53_06#7B,RANK_7B,"4=1-7,2,6 (axis_sum=1.4)",3,0,0,300,wt,False,,1310,,0,,,,,
865686,2025-07-23,20250723_53_07#7B,RANK_7B,"4=3-7,2,1 (axis_sum=1.2)",3,1,1350,300,wt,False,,1350,,0,,,,,
865740,2025-07-23,20250723_53_11#7B,RANK_7B,"7=1-3,4,5 (axis_sum=1.2)",3,0,0,300,wt,False,,12980,,0,,,,,
865612,2025-07-23,20250723_85_06#7B,RANK_7B,"2=1-3,5,6 (axis_sum=1.5)",3,0,0,300,wt,False,,210,,0,,,,,
865683,2025-07-24,20250724_11_03#7B,RANK_7B,"5=7-1,4,6 (axis_sum=1.3)",3,1,560,300,wt,False,,560,,0,,,,,
865697,2025-07-24,20250724_11_09#7B,RANK_7B,"5=2-6,1,7 (axis_sum=1.5)",3,1,510,300,wt,False,,510,,0,,,,,
865611,2025-07-24,20250724_12_05#7B,RANK_7B,"4=1-2,6,3 (axis_sum=1.4)",3,0,0,300,wt,False,,12890,,0,,,,,
865629,2025-07-24,20250724_12_06#7B,RANK_7B,"4=5-7,1,2 (axis_sum=1.4)",3,0,0,300,wt,False,,1160,,0,,,,,
865579,2025-07-24,20250724_23_01#7B,RANK_7B,"3=7-1,4,5 (axis_sum=1.6)",3,0,0,300,wt,False,,150,,0,,,,,
865566,2025-07-24,20250724_23_02#7B,RANK_7B,"2=4-5,6,7 (axis_sum=1.5)",3,0,0,300,wt,False,,280,,0,,,,,
865572,2025-07-24,20250724_23_07#7B,RANK_7B,"4=1-5,7,2 (axis_sum=1.5)",3,0,0,300,wt,False,,150,,0,,,,,
865682,2025-07-24,20250724_24_05#7B,RANK_7B,"1=2-6,3,7 (axis_sum=1.3)",3,1,860,300,wt,False,,860,,0,,,,,
865650,2025-07-24,20250724_34_02#7B,RANK_7B,"2=6-3,1,5 (axis_sum=1.4)",3,0,0,300,wt,False,,8620,,0,,,,,
865602,2025-07-24,20250724_34_11#7B,RANK_7B,"1=4-5,3,2 (axis_sum=1.6)",3,1,420,300,wt,False,,420,,0,,,,,
865615,2025-07-24,20250724_45_03#7B,RANK_7B,"1=3-7,2,5 (axis_sum=1.3)",3,0,0,300,wt,False,,650,,0,,,,,
865679,2025-07-24,20250724_45_07#7B,RANK_7B,"1=2-5,4,3 (axis_sum=1.4)",3,0,0,300,wt,False,,11280,,0,,,,,
865731,2025-07-24,20250724_53_06#7B,RANK_7B,"5=7-1,4,6 (axis_sum=1.3)",3,0,0,300,wt,False,,1110,,0,,,,,
865761,2025-07-24,20250724_53_10#7B,RANK_7B,"7=2-5,6,4 (axis_sum=1.1)",3,0,0,300,wt,False,,13210,,0,,,,,
865655,2025-07-24,20250724_56_03#7B,RANK_7B,"5=2-1,3,7 (axis_sum=1.5)",3,0,0,300,wt,False,,3490,,0,,,,,
865672,2025-07-24,20250724_87_07#7B,RANK_7B,"3=4-5,7,2 (axis_sum=1.2)",3,1,700,300,wt,False,,700,,0,,,,,
865598,2025-07-25,20250725_13_03#7B,RANK_7B,"2=1-3,5,6 (axis_sum=1.6)",3,1,730,300,wt,False,,730,,0,,,,,
865555,2025-07-25,20250725_34_01#7B,RANK_7B,"7=1-5,3,2 (axis_sum=1.5)",3,0,0,300,wt,False,,600,,0,,,,,
865702,2025-07-25,20250725_34_11#7B,RANK_7B,"1=5-4,3,7 (axis_sum=1.4)",3,1,340,300,wt,False,,340,,0,,,,,
865573,2025-07-25,20250725_47_03#7B,RANK_7B,"4=1-3,5,6 (axis_sum=1.4)",3,1,530,300,wt,False,,530,,0,,,,,
865584,2025-07-25,20250725_48_05#7B,RANK_7B,"4=1-2,5,6 (axis_sum=1.7)",3,0,0,300,wt,False,,650,,0,,,,,
865768,2025-07-25,20250725_48_07#7B,RANK_7B,"5=1-2,4,6 (axis_sum=1.2)",3,0,0,300,wt,False,,690,,0,,,,,
865538,2025-07-25,20250725_81_03#7B,RANK_7B,"1=3-5,4,6 (axis_sum=1.5)",3,0,0,300,wt,False,,350,,0,,,,,
865558,2025-07-25,20250725_87_01#7B,RANK_7B,"4=3-1,6,5 (axis_sum=1.6)",3,0,0,300,wt,False,,190,,0,,,,,
865660,2025-07-25,20250725_87_04#7B,RANK_7B,"5=2-7,4,3 (axis_sum=1.4)",3,0,0,300,wt,False,,360,,0,,,,,
865568,2025-07-25,20250725_87_12#7B,RANK_7B,"1=5-7,2,3 (axis_sum=1.6)",3,1,490,300,wt,False,,490,,0,,,,,
865544,2025-07-26,20250726_13_03#7B,RANK_7B,"4=3-5,2,7 (axis_sum=1.6)",3,0,0,300,wt,False,,1030,,0,,,,,
865616,2025-07-26,20250726_13_04#7B,RANK_7B,"4=2-5,3,7 (axis_sum=1.3)",3,0,0,300,wt,False,,520,,0,,,,,
865739,2025-07-26,20250726_13_05#7B,RANK_7B,"1=5-3,2,6 (axis_sum=1.2)",3,0,0,300,wt,False,,2990,,0,,,,,
865732,2025-07-26,20250726_27_05#7B,RANK_7B,"5=2-1,4,3 (axis_sum=1.2)",3,0,0,300,wt,False,,2070,,0,,,,,
865718,2025-07-26,20250726_34_09#7B,RANK_7B,"1=5-7,2,3 (axis_sum=1.2)",3,0,0,300,wt,False,,950,,0,,,,,
865630,2025-07-26,20250726_34_10#7B,RANK_7B,"2=5-4,3,7 (axis_sum=1.5)",3,1,2220,300,wt,False,,2220,,0,,,,,
865594,2025-07-26,20250726_87_04#7B,RANK_7B,"5=1-7,4,3 (axis_sum=1.4)",3,0,0,300,wt,False,,1590,,0,,,,,
865646,2025-07-27,20250727_13_06#7B,RANK_7B,"1=3-2,5,7 (axis_sum=1.4)",3,0,0,300,wt,False,,200,,0,,,,,
865653,2025-07-27,20250727_13_07#7B,RANK_7B,"1=4-2,3,5 (axis_sum=1.6)",3,0,0,300,wt,False,,560,,0,,,,,
865756,2025-07-27,20250727_27_03#7B,RANK_7B,"2=5-7,3,4 (axis_sum=1.3)",3,0,0,300,wt,False,,4910,,0,,,,,
865755,2025-07-27,20250727_27_04#7B,RANK_7B,"2=6-1,3,5 (axis_sum=1.2)",3,0,0,300,wt,False,,3250,,0,,,,,
865570,2025-07-27,20250727_31_01#7B,RANK_7B,"7=5-4,3,1 (axis_sum=1.4)",3,1,240,300,wt,False,,240,,0,,,,,
865695,2025-07-27,20250727_47_03#7B,RANK_7B,"2=4-7,3,5 (axis_sum=1.3)",3,0,0,300,wt,False,,720,,0,,,,,
865736,2025-07-27,20250727_48_06#7B,RANK_7B,"6=1-5,3,4 (axis_sum=1.3)",3,0,0,300,wt,False,,4850,,0,,,,,
865673,2025-07-27,20250727_63_01#7B,RANK_7B,"4=1-5,7,3 (axis_sum=1.3)",3,1,700,300,wt,False,,700,,0,,,,,
865617,2025-07-27,20250727_74_03#7B,RANK_7B,"3=4-7,5,2 (axis_sum=1.5)",3,0,0,300,wt,False,,7970,,0,,,,,
865642,2025-07-27,20250727_74_07#7B,RANK_7B,"4=7-2,1,5 (axis_sum=1.5)",3,0,0,300,wt,False,,590,,0,,,,,
865585,2025-07-27,20250727_74_11#7B,RANK_7B,"5=1-2,7,3 (axis_sum=1.6)",3,1,590,300,wt,False,,590,,0,,,,,
865684,2025-07-27,20250727_74_12#7B,RANK_7B,"3=1-2,4,5 (axis_sum=1.3)",3,0,0,300,wt,False,,620,,0,,,,,
865723,2025-07-28,20250728_12_02#7B,RANK_7B,"2=1-7,4,5 (axis_sum=1.2)",3,0,0,300,wt,False,,400,,0,,,,,
865595,2025-07-28,20250728_12_03#7B,RANK_7B,"1=4-3,5,7 (axis_sum=1.4)",3,1,440,300,wt,False,,440,,0,,,,,
865576,2025-07-28,20250728_12_05#7B,RANK_7B,"5=1-2,4,6 (axis_sum=1.7)",3,0,0,300,wt,False,,250,,0,,,,,
865551,2025-07-28,20250728_12_07#7B,RANK_7B,"5=2-3,4,6 (axis_sum=1.6)",3,0,0,300,wt,False,,910,,0,,,,,
865680,2025-07-28,20250728_12_09#7B,RANK_7B,"5=2-4,3,7 (axis_sum=1.3)",3,1,1240,300,wt,False,,1240,,0,,,,,
865730,2025-07-28,20250728_31_03#7B,RANK_7B,"2=4-3,7,6 (axis_sum=1.3)",3,0,0,300,wt,False,,1350,,0,,,,,
865709,2025-07-28,20250728_31_05#7B,RANK_7B,"4=3-5,2,7 (axis_sum=1.1)",3,0,0,300,wt,False,,680,,0,,,,,
865689,2025-07-28,20250728_86_09#7B,RANK_7B,"4=1-7,2,6 (axis_sum=1.4)",3,0,0,300,wt,False,,430,,0,,,,,
865666,2025-07-29,20250729_35_05#7B,RANK_7B,"5=1-4,3,6 (axis_sum=1.4)",3,0,0,300,wt,False,,930,,0,,,,,
865712,2025-07-29,20250729_35_06#7B,RANK_7B,"2=1-3,4,6 (axis_sum=1.4)",3,0,0,300,wt,False,,350,,0,,,,,
865564,2025-07-29,20250729_38_10#7B,RANK_7B,"7=1-4,3,2 (axis_sum=1.5)",3,1,200,300,wt,False,,200,,0,,,,,
865588,2025-07-29,20250729_46_11#7B,RANK_7B,"4=3-1,2,5 (axis_sum=1.7)",3,0,0,300,wt,False,,240,,0,,,,,
865728,2025-07-29,20250729_74_02#7B,RANK_7B,"4=3-2,7,1 (axis_sum=1.3)",3,0,0,300,wt,False,,120,,0,,,,,
865765,2025-07-29,20250729_74_09#7B,RANK_7B,"4=6-1,3,5 (axis_sum=1.4)",3,0,0,300,wt,False,,2650,,0,,,,,
865607,2025-07-29,20250729_86_03#7B,RANK_7B,"1=2-5,3,4 (axis_sum=1.4)",3,0,0,300,wt,False,,1610,,0,,,,,
865623,2025-07-30,20250730_35_06#7B,RANK_7B,"1=2-3,5,6 (axis_sum=1.4)",3,0,0,300,wt,False,,3220,,0,,,,,
865767,2025-07-30,20250730_73_05#7B,RANK_7B,"1=3-7,2,6 (axis_sum=1.3)",3,1,1090,300,wt,False,,1090,,0,,,,,
865645,2025-07-30,20250730_87_01#7B,RANK_7B,"7=5-4,3,2 (axis_sum=1.5)",3,0,0,300,wt,False,,2960,,0,,,,,
865648,2025-07-31,20250731_27_01#7B,RANK_7B,"5=2-4,3,7 (axis_sum=1.5)",3,0,0,300,wt,False,,730,,0,,,,,
865722,2025-07-31,20250731_27_09#7B,RANK_7B,"5=1-7,4,3 (axis_sum=1.4)",3,0,0,300,wt,False,,11020,,0,,,,,
865534,2025-07-31,20250731_34_01#7B,RANK_7B,"1=2-4,5,6 (axis_sum=1.7)",3,0,0,300,wt,False,,160,,0,,,,,
865720,2025-07-31,20250731_38_06#7B,RANK_7B,"4=1-7,5,2 (axis_sum=1.2)",3,0,0,300,wt,False,,1850,,0,,,,,
865714,2025-07-31,20250731_38_11#7B,RANK_7B,"1=4-3,7,5 (axis_sum=1.4)",3,1,590,300,wt,False,,590,,0,,,,,
865625,2025-07-31,20250731_53_03#7B,RANK_7B,"1=3-2,6,5 (axis_sum=1.4)",3,0,0,300,wt,False,,490,,0,,,,,
865593,2025-07-31,20250731_81_03#7B,RANK_7B,"3=1-2,4,7 (axis_sum=1.6)",3,0,0,300,wt,False,,1650,,0,,,,,
865608,2025-07-31,20250731_87_04#7B,RANK_7B,"4=2-6,3,1 (axis_sum=1.5)",3,0,0,300,wt,False,,340,,0,,,,,
865819,2025-08-01,20250801_21_02#7B,RANK_7B,"2=5-4,1,6 (axis_sum=1.4)",3,0,0,300,wt,False,,2540,,0,,,,,
865891,2025-08-01,20250801_24_02#7B,RANK_7B,"1=7-5,3,4 (axis_sum=1.4)",3,0,0,300,wt,False,,590,,0,,,,,
865877,2025-08-01,20250801_24_05#7B,RANK_7B,"3=5-1,2,6 (axis_sum=1.4)",3,0,0,300,wt,False,,6560,,0,,,,,
865859,2025-08-01,20250801_34_02#7B,RANK_7B,"2=4-1,3,5 (axis_sum=1.4)",3,1,2580,300,wt,False,,2580,,0,,,,,
865900,2025-08-01,20250801_53_05#7B,RANK_7B,"1=3-4,5,6 (axis_sum=1.4)",3,0,0,300,wt,False,,370,,0,,,,,
865813,2025-08-01,20250801_53_06#7B,RANK_7B,"3=1-5,4,7 (axis_sum=1.6)",3,1,300,300,wt,False,,300,,0,,,,,
865888,2025-08-01,20250801_73_01#7B,RANK_7B,"1=2-7,3,6 (axis_sum=1.5)",3,1,1170,300,wt,False,,1170,,0,,,,,
865952,2025-08-01,20250801_73_12#7B,RANK_7B,"3=1-5,7,4 (axis_sum=1.2)",3,0,0,300,wt,False,,9260,,0,,,,,
865861,2025-08-01,20250801_83_10#7B,RANK_7B,"4=1-2,3,7 (axis_sum=1.5)",3,0,0,300,wt,False,,380,,0,,,,,
865801,2025-08-01,20250801_87_02#7B,RANK_7B,"1=7-5,3,2 (axis_sum=1.6)",3,1,730,300,wt,False,,730,,0,,,,,
865854,2025-08-01,20250801_87_06#7B,RANK_7B,"4=1-5,3,6 (axis_sum=1.4)",3,1,440,300,wt,False,,440,,0,,,,,
865864,2025-08-02,20250802_21_09#7B,RANK_7B,"1=5-2,4,3 (axis_sum=1.4)",3,0,0,300,wt,False,,2380,,0,,,,,
865959,2025-08-02,20250802_27_11#7B,RANK_7B,"3=2-1,4,6 (axis_sum=1.3)",3,0,0,300,wt,False,,1190,,0,,,,,
865847,2025-08-02,20250802_35_07#7B,RANK_7B,"7=3-4,1,5 (axis_sum=1.6)",3,1,440,300,wt,False,,440,,0,,,,,
865827,2025-08-02,20250802_35_08#7B,RANK_7B,"1=5-7,4,6 (axis_sum=1.5)",3,0,0,300,wt,False,,12480,,0,,,,,
865966,2025-08-02,20250802_81_05#7B,RANK_7B,"4=1-2,7,5 (axis_sum=1.0)",3,0,0,300,wt,False,,3070,,0,,,,,
865855,2025-08-02,20250802_81_06#7B,RANK_7B,"4=1-2,6,3 (axis_sum=1.4)",3,0,0,300,wt,False,,4420,,0,,,,,
865946,2025-08-02,20250802_83_09#7B,RANK_7B,"4=5-2,6,3 (axis_sum=1.4)",3,0,0,300,wt,False,,3420,,0,,,,,
865817,2025-08-03,20250803_21_11#7B,RANK_7B,"1=7-3,5,4 (axis_sum=1.6)",3,1,630,300,wt,False,,630,,0,,,,,
865902,2025-08-03,20250803_22_07#7B,RANK_7B,"2=7-4,6,3 (axis_sum=1.3)",3,0,0,300,wt,False,,2200,,0,,,,,
865875,2025-08-03,20250803_35_11#7B,RANK_7B,"5=3-4,7,1 (axis_sum=1.4)",3,1,600,300,wt,False,,600,,0,,,,,
865786,2025-08-03,20250803_56_04#7B,RANK_7B,"2=1-3,5,6 (axis_sum=1.7)",3,0,0,300,wt,False,,170,,0,,,,,
865842,2025-08-03,20250803_83_04#7B,RANK_7B,"2=1-5,7,6 (axis_sum=1.5)",3,0,0,300,wt,False,,260,,0,,,,,
865788,2025-08-03,20250803_84_01#7B,RANK_7B,"5=3-1,2,7 (axis_sum=1.6)",3,0,0,300,wt,False,,520,,0,,,,,
865810,2025-08-03,20250803_84_04#7B,RANK_7B,"7=4-5,1,2 (axis_sum=1.8)",3,0,0,300,wt,False,,5240,,0,,,,,
865874,2025-08-03,20250803_84_07#7B,RANK_7B,"4=7-1,5,6 (axis_sum=1.4)",3,0,0,300,wt,False,,160,,0,,,,,
865787,2025-08-04,20250804_13_03#7B,RANK_7B,"5=1-7,2,3 (axis_sum=1.6)",3,0,0,300,wt,False,,170,,0,,,,,
865850,2025-08-04,20250804_13_06#7B,RANK_7B,"5=2-7,3,4 (axis_sum=1.6)",3,0,0,300,wt,False,,30130,,0,,,,,
865800,2025-08-04,20250804_23_04#7B,RANK_7B,"5=2-1,4,3 (axis_sum=1.6)",3,0,0,300,wt,False,,280,,0,,,,,
865824,2025-08-04,20250804_26_08#7B,RANK_7B,"7=1-3,4,6 (axis_sum=1.4)",3,0,0,300,wt,False,,11890,,0,,,,,
865887,2025-08-04,20250804_74_04#7B,RANK_7B,"6=1-2,4,3 (axis_sum=1.6)",3,0,0,300,wt,False,,980,,0,,,,,
865898,2025-08-04,20250804_84_05#7B,RANK_7B,"2=7-4,5,6 (axis_sum=1.5)",3,0,0,300,wt,False,,960,,0,,,,,
865852,2025-08-05,20250805_13_02#7B,RANK_7B,"5=3-1,2,7 (axis_sum=1.3)",3,1,800,300,wt,False,,800,,0,,,,,
865950,2025-08-05,20250805_13_03#7B,RANK_7B,"3=7-1,6,2 (axis_sum=1.4)",3,0,0,300,wt,False,,330,,0,,,,,
865828,2025-08-05,20250805_13_08#7B,RANK_7B,"7=3-4,1,2 (axis_sum=1.4)",3,0,0,300,wt,False,,140,,0,,,,,
865862,2025-08-05,20250805_13_12#7B,RANK_7B,"5=2-7,4,1 (axis_sum=1.5)",3,1,1010,300,wt,False,,1010,,0,,,,,
865904,2025-08-05,20250805_23_04#7B,RANK_7B,"2=7-5,1,3 (axis_sum=1.4)",3,0,0,300,wt,False,,710,,0,,,,,
865840,2025-08-05,20250805_51_02#7B,RANK_7B,"1=5-7,3,2 (axis_sum=1.6)",3,0,0,300,wt,False,,6750,,0,,,,,
865806,2025-08-05,20250805_56_06#7B,RANK_7B,"3=1-4,6,7 (axis_sum=1.6)",3,1,860,300,wt,False,,860,,0,,,,,
865872,2025-08-05,20250805_74_09#7B,RANK_7B,"2=7-4,1,5 (axis_sum=1.5)",3,1,1010,300,wt,False,,1010,,0,,,,,
865922,2025-08-05,20250805_84_05#7B,RANK_7B,"7=1-4,5,3 (axis_sum=1.3)",3,1,580,300,wt,False,,580,,0,,,,,
865871,2025-08-06,20250806_13_08#7B,RANK_7B,"3=2-7,1,5 (axis_sum=1.4)",3,0,0,300,wt,False,,680,,0,,,,,
865834,2025-08-06,20250806_13_11#7B,RANK_7B,"5=7-1,4,6 (axis_sum=1.4)",3,0,0,300,wt,False,,1260,,0,,,,,
865935,2025-08-06,20250806_23_07#7B,RANK_7B,"5=7-4,2,6 (axis_sum=1.6)",3,1,1630,300,wt,False,,1630,,0,,,,,
865803,2025-08-06,20250806_26_01#7B,RANK_7B,"5=3-1,4,7 (axis_sum=1.5)",3,1,500,300,wt,False,,500,,0,,,,,
865841,2025-08-06,20250806_26_02#7B,RANK_7B,"4=5-1,7,2 (axis_sum=1.5)",3,0,0,300,wt,False,,1810,,0,,,,,
865776,2025-08-06,20250806_44_03#7B,RANK_7B,"2=1-3,4,6 (axis_sum=1.6)",3,1,1480,300,wt,False,,1480,,0,,,,,
865831,2025-08-06,20250806_44_08#7B,RANK_7B,"1=4-3,5,6 (axis_sum=1.7)",3,0,0,300,wt,False,,300,,0,,,,,
865816,2025-08-06,20250806_46_09#7B,RANK_7B,"2=4-6,3,5 (axis_sum=1.7)",3,0,0,300,wt,False,,300,,0,,,,,
865833,2025-08-06,20250806_48_04#7B,RANK_7B,"5=4-2,7,3 (axis_sum=1.5)",3,0,0,300,wt,False,,170,,0,,,,,
865821,2025-08-06,20250806_51_03#7B,RANK_7B,"7=4-2,1,5 (axis_sum=1.5)",3,1,400,300,wt,False,,400,,0,,,,,
865781,2025-08-07,20250807_44_02#7B,RANK_7B,"2=1-4,5,6 (axis_sum=1.6)",3,0,0,300,wt,False,,1000,,0,,,,,
865899,2025-08-07,20250807_46_03#7B,RANK_7B,"4=3-2,6,1 (axis_sum=1.3)",3,0,0,300,wt,False,,5140,,0,,,,,
865829,2025-08-07,20250807_46_08#7B,RANK_7B,"3=7-1,5,2 (axis_sum=1.6)",3,0,0,300,wt,False,,450,,0,,,,,
865883,2025-08-07,20250807_48_06#7B,RANK_7B,"2=7-5,4,1 (axis_sum=1.5)",3,0,0,300,wt,False,,1860,,0,,,,,
865863,2025-08-07,20250807_51_10#7B,RANK_7B,"2=7-4,5,3 (axis_sum=1.5)",3,0,0,300,wt,False,,15040,,0,,,,,
865866,2025-08-07,20250807_86_01#7B,RANK_7B,"1=2-3,5,6 (axis_sum=1.4)",3,0,0,300,wt,False,,440,,0,,,,,
865775,2025-08-08,20250808_24_06#7B,RANK_7B,"3=1-7,6,2 (axis_sum=1.6)",3,0,0,300,wt,False,,920,,0,,,,,
865857,2025-08-08,20250808_63_03#7B,RANK_7B,"5=4-1,7,3 (axis_sum=1.4)",3,0,0,300,wt,False,,570,,0,,,,,
865853,2025-08-08,20250808_73_02#7B,RANK_7B,"4=5-1,6,7 (axis_sum=1.5)",3,1,3550,300,wt,False,,3550,,0,,,,,
865790,2025-08-08,20250808_73_04#7B,RANK_7B,"1=7-3,2,4 (axis_sum=1.7)",3,1,470,300,wt,False,,470,,0,,,,,
865837,2025-08-08,20250808_73_07#7B,RANK_7B,"7=5-2,3,4 (axis_sum=1.5)",3,0,0,300,wt,False,,1070,,0,,,,,
865844,2025-08-08,20250808_86_08#7B,RANK_7B,"3=1-2,7,4 (axis_sum=1.6)",3,1,460,300,wt,False,,460,,0,,,,,
865778,2025-08-09,20250809_24_06#7B,RANK_7B,"7=4-3,2,6 (axis_sum=1.5)",3,0,0,300,wt,False,,4960,,0,,,,,
865795,2025-08-09,20250809_34_02#7B,RANK_7B,"5=1-6,3,4 (axis_sum=1.6)",3,1,770,300,wt,False,,770,,0,,,,,
865793,2025-08-09,20250809_34_03#7B,RANK_7B,"2=7-1,5,3 (axis_sum=1.6)",3,0,0,300,wt,False,,400,,0,,,,,
865955,2025-08-09,20250809_56_02#7B,RANK_7B,"5=1-2,4,6 (axis_sum=1.0)",3,1,600,300,wt,False,,600,,0,,,,,
865835,2025-08-09,20250809_56_03#7B,RANK_7B,"4=3-1,5,7 (axis_sum=1.3)",3,0,0,300,wt,False,,260,,0,,,,,
865774,2025-08-09,20250809_61_04#7B,RANK_7B,"2=1-4,5,6 (axis_sum=1.8)",3,0,0,300,wt,False,,120,,0,,,,,
865906,2025-08-10,20250810_12_04#7B,RANK_7B,"2=5-1,3,7 (axis_sum=1.4)",3,0,0,300,wt,False,,7480,,0,,,,,
865933,2025-08-10,20250810_24_04#7B,RANK_7B,"1=3-5,6,7 (axis_sum=1.4)",3,0,0,300,wt,False,,6570,,0,,,,,
865796,2025-08-10,20250810_24_06#7B,RANK_7B,"4=5-1,3,7 (axis_sum=1.4)",3,0,0,300,wt,False,,630,,0,,,,,
865870,2025-08-10,20250810_34_02#7B,RANK_7B,"7=3-4,1,2 (axis_sum=1.4)",3,0,0,300,wt,False,,200,,0,,,,,
865931,2025-08-10,20250810_34_04#7B,RANK_7B,"5=7-4,2,1 (axis_sum=1.5)",3,0,0,300,wt,False,,12640,,0,,,,,
865876,2025-08-10,20250810_42_09#7B,RANK_7B,"1=6-3,4,5 (axis_sum=1.6)",3,0,0,300,wt,False,,3180,,0,,,,,
865903,2025-08-10,20250810_56_03#7B,RANK_7B,"4=3-7,2,5 (axis_sum=1.5)",3,0,0,300,wt,False,,190,,0,,,,,
865962,2025-08-10,20250810_56_04#7B,RANK_7B,"6=4-7,5,1 (axis_sum=1.1)",3,1,520,300,wt,False,,520,,0,,,,,
865916,2025-08-10,20250810_61_04#7B,RANK_7B,"3=1-2,6,4 (axis_sum=1.5)",3,1,2610,300,wt,False,,2610,,0,,,,,
865917,2025-08-10,20250810_81_02#7B,RANK_7B,"7=1-5,3,6 (axis_sum=1.3)",3,0,0,300,wt,False,,580,,0,,,,,
865930,2025-08-10,20250810_81_03#7B,RANK_7B,"3=5-7,4,1 (axis_sum=1.4)",3,0,0,300,wt,False,,370,,0,,,,,
865865,2025-08-11,20250811_12_07#7B,RANK_7B,"7=1-5,3,2 (axis_sum=1.5)",3,0,0,300,wt,False,,2600,,0,,,,,
865925,2025-08-11,20250811_34_03#7B,RANK_7B,"5=1-3,2,4 (axis_sum=1.3)",3,0,0,300,wt,False,,580,,0,,,,,
865929,2025-08-11,20250811_34_04#7B,RANK_7B,"5=2-7,3,4 (axis_sum=1.2)",3,1,600,300,wt,False,,600,,0,,,,,
865953,2025-08-11,20250811_42_06#7B,RANK_7B,"1=6-3,2,7 (axis_sum=1.4)",3,0,0,300,wt,False,,1860,,0,,,,,
865926,2025-08-11,20250811_56_07#7B,RANK_7B,"7=3-4,6,2 (axis_sum=1.3)",3,0,0,300,wt,False,,250,,0,,,,,
865792,2025-08-11,20250811_56_11#7B,RANK_7B,"1=2-7,3,5 (axis_sum=1.6)",3,0,0,300,wt,False,,990,,0,,,,,
865964,2025-08-11,20250811_61_05#7B,RANK_7B,"1=4-7,5,6 (axis_sum=1.3)",3,0,0,300,wt,False,,840,,0,,,,,
865938,2025-08-12,20250812_22_05#7B,RANK_7B,"7=3-5,1,6 (axis_sum=1.3)",3,0,0,300,wt,False,,5830,,0,,,,,
865851,2025-08-12,20250812_22_07#7B,RANK_7B,"7=5-2,1,6 (axis_sum=1.3)",3,0,0,300,wt,False,,380,,0,,,,,
865777,2025-08-12,20250812_27_03#7B,RANK_7B,"4=2-3,5,6 (axis_sum=1.8)",3,0,0,300,wt,False,,150,,0,,,,,
865799,2025-08-12,20250812_27_05#7B,RANK_7B,"1=2-7,4,6 (axis_sum=1.6)",3,0,0,300,wt,False,,1360,,0,,,,,
865897,2025-08-12,20250812_46_03#7B,RANK_7B,"4=1-2,5,7 (axis_sum=1.4)",3,0,0,300,wt,False,,250,,0,,,,,
865920,2025-08-12,20250812_46_07#7B,RANK_7B,"3=7-2,1,4 (axis_sum=1.2)",3,1,510,300,wt,False,,510,,0,,,,,
865879,2025-08-12,20250812_46_09#7B,RANK_7B,"2=5-1,7,3 (axis_sum=1.4)",3,0,0,300,wt,False,,780,,0,,,,,
865927,2025-08-13,20250813_22_11#7B,RANK_7B,"4=2-3,7,1 (axis_sum=1.2)",3,0,0,300,wt,False,,5800,,0,,,,,
865797,2025-08-13,20250813_27_01#7B,RANK_7B,"3=5-1,4,6 (axis_sum=1.5)",3,0,0,300,wt,False,,210,,0,,,,,
865878,2025-08-13,20250813_38_08#7B,RANK_7B,"3=2-7,1,5 (axis_sum=1.4)",3,0,0,300,wt,False,,790,,0,,,,,
865915,2025-08-13,20250813_85_06#7B,RANK_7B,"4=3-2,5,7 (axis_sum=1.1)",3,0,0,300,wt,False,,15620,,0,,,,,
865923,2025-08-14,20250814_22_01#7B,RANK_7B,"1=2-3,5,7 (axis_sum=1.2)",3,0,0,300,wt,False,,2680,,0,,,,,
865839,2025-08-14,20250814_22_07#7B,RANK_7B,"1=2-3,4,5 (axis_sum=1.5)",3,0,0,300,wt,False,,1260,,0,,,,,
865945,2025-08-14,20250814_22_09#7B,RANK_7B,"2=4-1,7,5 (axis_sum=1.2)",3,1,730,300,wt,False,,730,,0,,,,,
865961,2025-08-14,20250814_27_06#7B,RANK_7B,"2=1-6,7,4 (axis_sum=1.2)",3,0,0,300,wt,False,,310,,0,,,,,
865965,2025-08-14,20250814_46_08#7B,RANK_7B,"3=1-7,5,2 (axis_sum=1.1)",3,1,740,300,wt,False,,740,,0,,,,,
865957,2025-08-14,20250814_53_03#7B,RANK_7B,"5=7-1,3,4 (axis_sum=1.3)",3,1,240,300,wt,False,,240,,0,,,,,
865822,2025-08-14,20250814_85_09#7B,RANK_7B,"4=1-3,6,5 (axis_sum=1.6)",3,0,0,300,wt,False,,3630,,0,,,,,
865869,2025-08-15,20250815_25_12#7B,RANK_7B,"7=5-1,4,6 (axis_sum=1.5)",3,0,0,300,wt,False,,1820,,0,,,,,
865773,2025-08-15,20250815_38_03#7B,RANK_7B,"1=2-4,5,6 (axis_sum=1.6)",3,0,0,300,wt,False,,1580,,0,,,,,
865928,2025-08-15,20250815_38_07#7B,RANK_7B,"2=1-6,7,4 (axis_sum=1.4)",3,0,0,300,wt,False,,2260,,0,,,,,
865884,2025-08-15,20250815_47_03#7B,RANK_7B,"3=2-4,5,6 (axis_sum=1.3)",3,0,0,300,wt,False,,7220,,0,,,,,
865944,2025-08-15,20250815_56_12#7B,RANK_7B,"6=1-5,3,7 (axis_sum=1.2)",3,0,0,300,wt,False,,3140,,0,,,,,
865846,2025-08-16,20250816_25_09#7B,RANK_7B,"7=3-4,1,2 (axis_sum=1.3)",3,0,0,300,wt,False,,6630,,0,,,,,
865881,2025-08-16,20250816_35_01#7B,RANK_7B,"4=1-7,3,6 (axis_sum=1.3)",3,0,0,300,wt,False,,170,,0,,,,,
865949,2025-08-16,20250816_81_05#7B,RANK_7B,"2=3-7,4,5 (axis_sum=1.2)",3,0,0,300,wt,False,,1770,,0,,,,,
865954,2025-08-17,20250817_35_04#7B,RANK_7B,"7=1-4,3,2 (axis_sum=1.3)",3,0,0,300,wt,False,,940,,0,,,,,
865838,2025-08-17,20250817_47_05#7B,RANK_7B,"2=1-3,4,6 (axis_sum=1.6)",3,0,0,300,wt,False,,4760,,0,,,,,
865948,2025-08-17,20250817_47_09#7B,RANK_7B,"1=2-6,5,4 (axis_sum=1.3)",3,0,0,300,wt,False,,1120,,0,,,,,
865911,2025-08-17,20250817_56_05#7B,RANK_7B,"4=2-3,6,7 (axis_sum=1.2)",3,0,0,300,wt,False,,570,,0,,,,,
865919,2025-08-17,20250817_56_07#7B,RANK_7B,"5=2-3,6,7 (axis_sum=1.4)",3,0,0,300,wt,False,,5620,,0,,,,,
865836,2025-08-18,20250818_22_05#7B,RANK_7B,"5=1-2,4,6 (axis_sum=1.5)",3,1,280,300,wt,False,,280,,0,,,,,
865808,2025-08-18,20250818_51_06#7B,RANK_7B,"7=1-2,3,4 (axis_sum=1.6)",3,1,1030,300,wt,False,,1030,,0,,,,,
865909,2025-08-18,20250818_61_01#7B,RANK_7B,"5=1-7,6,3 (axis_sum=1.3)",3,1,1110,300,wt,False,,1110,,0,,,,,
865924,2025-08-18,20250818_61_12#7B,RANK_7B,"5=3-1,4,7 (axis_sum=1.3)",3,0,0,300,wt,False,,1530,,0,,,,,
865794,2025-08-18,20250818_87_06#7B,RANK_7B,"2=1-6,7,4 (axis_sum=1.6)",3,0,0,300,wt,False,,1000,,0,,,,,
865809,2025-08-19,20250819_12_01#7B,RANK_7B,"5=1-4,2,7 (axis_sum=1.6)",3,0,0,300,wt,False,,180,,0,,,,,
865784,2025-08-19,20250819_51_02#7B,RANK_7B,"3=1-4,5,2 (axis_sum=1.4)",3,0,0,300,wt,False,,1700,,0,,,,,
865815,2025-08-19,20250819_51_05#7B,RANK_7B,"7=3-2,5,1 (axis_sum=1.5)",3,0,0,300,wt,False,,340,,0,,,,,
865913,2025-08-19,20250819_51_10#7B,RANK_7B,"2=3-1,4,5 (axis_sum=1.2)",3,0,0,300,wt,False,,920,,0,,,,,
865892,2025-08-19,20250819_61_09#7B,RANK_7B,"7=2-5,4,3 (axis_sum=1.5)",3,1,440,300,wt,False,,440,,0,,,,,
865963,2025-08-20,20250820_23_05#7B,RANK_7B,"7=5-1,2,6 (axis_sum=1.1)",3,0,0,300,wt,False,,3920,,0,,,,,
865910,2025-08-20,20250820_23_08#7B,RANK_7B,"4=1-5,3,2 (axis_sum=1.5)",3,0,0,300,wt,False,,220,,0,,,,,
865939,2025-08-20,20250820_42_06#7B,RANK_7B,"3=4-5,2,1 (axis_sum=1.4)",3,1,1120,300,wt,False,,1120,,0,,,,,
865934,2025-08-20,20250820_51_07#7B,RANK_7B,"5=3-1,2,6 (axis_sum=1.4)",3,0,0,300,wt,False,,320,,0,,,,,
865951,2025-08-20,20250820_61_10#7B,RANK_7B,"4=5-3,2,7 (axis_sum=1.3)",3,0,0,300,wt,False,,3870,,0,,,,,
865893,2025-08-20,20250820_87_08#7B,RANK_7B,"3=4-1,6,5 (axis_sum=1.4)",3,0,0,300,wt,False,,650,,0,,,,,
865782,2025-08-21,20250821_23_01#7B,RANK_7B,"6=3-2,5,1 (axis_sum=1.6)",3,0,0,300,wt,False,,190,,0,,,,,
865895,2025-08-21,20250821_23_03#7B,RANK_7B,"5=3-1,2,4 (axis_sum=1.2)",3,1,980,300,wt,False,,980,,0,,,,,
865896,2025-08-21,20250821_23_10#7B,RANK_7B,"1=7-3,2,6 (axis_sum=1.4)",3,0,0,300,wt,False,,1050,,0,,,,,
865825,2025-08-21,20250821_26_01#7B,RANK_7B,"2=4-5,1,7 (axis_sum=1.2)",3,0,0,300,wt,False,,24490,,0,,,,,
865932,2025-08-21,20250821_46_11#7B,RANK_7B,"1=7-4,3,5 (axis_sum=1.4)",3,0,0,300,wt,False,,840,,0,,,,,
865868,2025-08-21,20250821_47_07#7B,RANK_7B,"1=3-5,7,2 (axis_sum=1.4)",3,0,0,300,wt,False,,6340,,0,,,,,
865848,2025-08-21,20250821_47_08#7B,RANK_7B,"2=5-4,3,6 (axis_sum=1.4)",3,0,0,300,wt,False,,510,,0,,,,,
865880,2025-08-21,20250821_53_03#7B,RANK_7B,"7=2-1,5,3 (axis_sum=1.3)",3,0,0,300,wt,False,,1250,,0,,,,,
865832,2025-08-21,20250821_81_01#7B,RANK_7B,"3=1-7,5,2 (axis_sum=1.4)",3,0,0,300,wt,False,,1060,,0,,,,,
865937,2025-08-21,20250821_81_08#7B,RANK_7B,"7=2-5,4,3 (axis_sum=1.5)",3,0,0,300,wt,False,,1460,,0,,,,,
865785,2025-08-21,20250821_85_03#7B,RANK_7B,"2=3-4,5,6 (axis_sum=1.5)",3,0,0,300,wt,False,,390,,0,,,,,
865783,2025-08-22,20250822_23_03#7B,RANK_7B,"7=3-4,1,2 (axis_sum=1.5)",3,0,0,300,wt,False,,130,,0,,,,,
865912,2025-08-22,20250822_23_07#7B,RANK_7B,"7=2-1,5,3 (axis_sum=1.3)",3,1,640,300,wt,False,,640,,0,,,,,
865886,2025-08-22,20250822_23_09#7B,RANK_7B,"1=5-2,3,4 (axis_sum=1.4)",3,0,0,300,wt,False,,250,,0,,,,,
865791,2025-08-22,20250822_26_04#7B,RANK_7B,"5=1-2,4,6 (axis_sum=1.6)",3,0,0,300,wt,False,,160,,0,,,,,
865860,2025-08-22,20250822_26_05#7B,RANK_7B,"1=4-7,3,5 (axis_sum=1.5)",3,1,190,300,wt,False,,190,,0,,,,,
865907,2025-08-22,20250822_81_07#7B,RANK_7B,"4=1-2,7,3 (axis_sum=1.5)",3,0,0,300,wt,False,,6490,,0,,,,,
865940,2025-08-22,20250822_81_11#7B,RANK_7B,"2=3-4,1,5 (axis_sum=1.3)",3,0,0,300,wt,False,,320,,0,,,,,
865814,2025-08-23,20250823_46_02#7B,RANK_7B,"5=2-4,7,3 (axis_sum=1.4)",3,1,580,300,wt,False,,580,,0,,,,,
865956,2025-08-23,20250823_46_09#7B,RANK_7B,"4=1-7,2,5 (axis_sum=1.4)",3,0,0,300,wt,False,,4870,,0,,,,,
865941,2025-08-23,20250823_53_09#7B,RANK_7B,"2=4-3,5,6 (axis_sum=1.3)",3,1,1460,300,wt,False,,1460,,0,,,,,
865811,2025-08-23,20250823_74_04#7B,RANK_7B,"4=1-3,5,6 (axis_sum=1.6)",3,1,880,300,wt,False,,880,,0,,,,,
865802,2025-08-23,20250823_74_06#7B,RANK_7B,"1=4-3,5,7 (axis_sum=1.3)",3,0,0,300,wt,False,,10200,,0,,,,,
865820,2025-08-23,20250823_74_08#7B,RANK_7B,"4=7-1,5,6 (axis_sum=1.5)",3,0,0,300,wt,False,,260,,0,,,,,
865885,2025-08-23,20250823_74_12#7B,RANK_7B,"1=2-4,3,5 (axis_sum=1.5)",3,1,630,300,wt,False,,630,,0,,,,,
865780,2025-08-24,20250824_12_05#7B,RANK_7B,"1=2-3,4,6 (axis_sum=1.7)",3,1,330,300,wt,False,,330,,0,,,,,
865779,2025-08-24,20250824_22_06#7B,RANK_7B,"2=1-3,4,5 (axis_sum=1.8)",3,0,0,300,wt,False,,170,,0,,,,,
865826,2025-08-24,20250824_42_04#7B,RANK_7B,"1=4-5,2,6 (axis_sum=1.4)",3,0,0,300,wt,False,,420,,0,,,,,
865798,2025-08-24,20250824_73_04#7B,RANK_7B,"2=1-4,7,5 (axis_sum=1.6)",3,1,390,300,wt,False,,390,,0,,,,,
865936,2025-08-25,20250825_12_02#7B,RANK_7B,"1=2-6,4,5 (axis_sum=1.2)",3,0,0,300,wt,False,,1700,,0,,,,,
865807,2025-08-25,20250825_22_03#7B,RANK_7B,"2=1-3,7,4 (axis_sum=1.7)",3,0,0,300,wt,False,,600,,0,,,,,
865843,2025-08-25,20250825_24_06#7B,RANK_7B,"1=3-7,4,6 (axis_sum=1.4)",3,0,0,300,wt,False,,4840,,0,,,,,
865856,2025-08-25,20250825_24_12#7B,RANK_7B,"4=5-2,7,6 (axis_sum=1.3)",3,0,0,300,wt,False,,340,,0,,,,,
865918,2025-08-25,20250825_42_06#7B,RANK_7B,"3=7-2,1,4 (axis_sum=1.5)",3,1,2850,300,wt,False,,2850,,0,,,,,
865921,2025-08-26,20250826_22_04#7B,RANK_7B,"1=2-3,5,6 (axis_sum=1.2)",3,0,0,300,wt,False,,470,,0,,,,,
865894,2025-08-26,20250826_24_04#7B,RANK_7B,"5=7-2,4,3 (axis_sum=1.5)",3,1,690,300,wt,False,,690,,0,,,,,
865905,2025-08-26,20250826_24_05#7B,RANK_7B,"6=2-3,4,7 (axis_sum=1.5)",3,0,0,300,wt,False,,950,,0,,,,,
865812,2025-08-26,20250826_46_02#7B,RANK_7B,"4=1-2,5,3 (axis_sum=1.6)",3,0,0,300,wt,False,,590,,0,,,,,
865818,2025-08-26,20250826_61_08#7B,RANK_7B,"3=4-5,7,2 (axis_sum=1.5)",3,1,290,300,wt,False,,290,,0,,,,,
865914,2025-08-26,20250826_73_02#7B,RANK_7B,"2=1-4,6,7 (axis_sum=1.3)",3,0,0,300,wt,False,,2320,,0,,,,,
865858,2025-08-27,20250827_24_07#7B,RANK_7B,"4=7-2,3,5 (axis_sum=1.6)",3,1,480,300,wt,False,,480,,0,,,,,
865958,2025-08-27,20250827_46_07#7B,RANK_7B,"5=3-4,7,2 (axis_sum=1.0)",3,0,0,300,wt,False,,1300,,0,,,,,
865849,2025-08-27,20250827_46_10#7B,RANK_7B,"3=7-2,4,1 (axis_sum=1.6)",3,0,0,300,wt,False,,6320,,0,,,,,
865772,2025-08-27,20250827_56_04#7B,RANK_7B,"5=4-7,3,2 (axis_sum=1.7)",3,0,0,300,wt,False,,110,,0,,,,,
865889,2025-08-27,20250827_56_06#7B,RANK_7B,"5=3-2,4,1 (axis_sum=1.4)",3,1,570,300,wt,False,,570,,0,,,,,
865804,2025-08-28,20250828_34_03#7B,RANK_7B,"1=3-2,5,4 (axis_sum=1.5)",3,0,0,300,wt,False,,210,,0,,,,,
865830,2025-08-28,20250828_34_08#7B,RANK_7B,"4=3-5,2,1 (axis_sum=1.4)",3,0,0,300,wt,False,,230,,0,,,,,
865789,2025-08-28,20250828_46_10#7B,RANK_7B,"4=1-3,2,7 (axis_sum=1.6)",3,0,0,300,wt,False,,230,,0,,,,,
865960,2025-08-28,20250828_46_11#7B,RANK_7B,"1=5-6,2,7 (axis_sum=1.4)",3,1,800,300,wt,False,,800,,0,,,,,
865823,2025-08-28,20250828_56_02#7B,RANK_7B,"7=2-1,6,3 (axis_sum=1.6)",3,0,0,300,wt,False,,170,,0,,,,,
865890,2025-08-28,20250828_56_04#7B,RANK_7B,"7=4-2,3,5 (axis_sum=1.4)",3,1,2460,300,wt,False,,2460,,0,,,,,
865942,2025-08-28,20250828_56_07#7B,RANK_7B,"7=2-1,3,4 (axis_sum=1.4)",3,0,0,300,wt,False,,2070,,0,,,,,
865873,2025-08-28,20250828_56_12#7B,RANK_7B,"5=1-3,2,7 (axis_sum=1.4)",3,0,0,300,wt,False,,3170,,0,,,,,
865947,2025-08-29,20250829_34_01#7B,RANK_7B,"5=3-4,2,1 (axis_sum=1.2)",3,1,680,300,wt,False,,680,,0,,,,,
865908,2025-08-29,20250829_56_10#7B,RANK_7B,"7=4-5,2,3 (axis_sum=1.5)",3,1,750,300,wt,False,,750,,0,,,,,
865943,2025-08-29,20250829_56_11#7B,RANK_7B,"3=1-5,6,7 (axis_sum=1.3)",3,0,0,300,wt,False,,1330,,0,,,,,
865805,2025-08-30,20250830_13_02#7B,RANK_7B,"1=2-3,6,5 (axis_sum=1.5)",3,0,0,300,wt,False,,2310,,0,,,,,
865882,2025-08-30,20250830_48_02#7B,RANK_7B,"2=1-5,3,4 (axis_sum=1.5)",3,1,560,300,wt,False,,560,,0,,,,,
865901,2025-08-30,20250830_74_07#7B,RANK_7B,"2=4-3,7,5 (axis_sum=1.3)",3,0,0,300,wt,False,,290,,0,,,,,
865845,2025-08-30,20250830_86_03#7B,RANK_7B,"6=1-4,7,2 (axis_sum=1.2)",3,1,2700,300,wt,False,,2700,,0,,,,,
865867,2025-08-31,20250831_13_03#7B,RANK_7B,"2=4-3,6,5 (axis_sum=1.4)",3,0,0,300,wt,False,,4410,,0,,,,,
866060,2025-09-01,20250901_12_09#7B,RANK_7B,"4=1-2,5,3 (axis_sum=1.5)",3,1,270,300,wt,False,,270,,0,,,,,
866109,2025-09-01,20250901_13_01#7B,RANK_7B,"1=2-4,5,6 (axis_sum=1.5)",3,0,0,300,wt,False,,610,,0,,,,,
866145,2025-09-01,20250901_13_03#7B,RANK_7B,"2=1-4,5,6 (axis_sum=1.2)",3,0,0,300,wt,False,,2770,,0,,,,,
866150,2025-09-01,20250901_43_06#7B,RANK_7B,"5=3-7,4,6 (axis_sum=1.4)",3,1,670,300,wt,False,,670,,0,,,,,
866141,2025-09-01,20250901_43_08#7B,RANK_7B,"7=3-5,4,2 (axis_sum=1.2)",3,0,0,300,wt,False,,5040,,0,,,,,
866083,2025-09-01,20250901_48_01#7B,RANK_7B,"1=3-4,5,6 (axis_sum=1.4)",3,1,1560,300,wt,False,,1560,,0,,,,,
866120,2025-09-01,20250901_48_06#7B,RANK_7B,"2=1-3,5,7 (axis_sum=1.4)",3,0,0,300,wt,False,,680,,0,,,,,
866099,2025-09-01,20250901_56_09#7B,RANK_7B,"7=4-2,5,1 (axis_sum=1.4)",3,0,0,300,wt,False,,400,,0,,,,,
866091,2025-09-01,20250901_73_05#7B,RANK_7B,"2=1-5,3,6 (axis_sum=1.4)",3,0,0,300,wt,False,,390,,0,,,,,
866138,2025-09-01,20250901_74_04#7B,RANK_7B,"1=6-2,5,3 (axis_sum=1.3)",3,0,0,300,wt,False,,6940,,0,,,,,
866162,2025-09-01,20250901_74_05#7B,RANK_7B,"2=1-4,5,6 (axis_sum=1.2)",3,0,0,300,wt,False,,3290,,0,,,,,
866018,2025-09-01,20250901_74_06#7B,RANK_7B,"1=3-4,5,6 (axis_sum=1.7)",3,0,0,300,wt,False,,3710,,0,,,,,
866146,2025-09-01,20250901_84_05#7B,RANK_7B,"1=7-4,3,5 (axis_sum=1.4)",3,0,0,300,wt,False,,3880,,0,,,,,
866163,2025-09-02,20250902_12_09#7B,RANK_7B,"5=2-3,7,6 (axis_sum=1.3)",3,0,0,300,wt,False,,7750,,0,,,,,
866065,2025-09-02,20250902_22_02#7B,RANK_7B,"4=1-3,2,7 (axis_sum=1.4)",3,0,0,300,wt,False,,8320,,0,,,,,
866096,2025-09-02,20250902_22_09#7B,RANK_7B,"1=3-5,7,4 (axis_sum=1.4)",3,1,740,300,wt,False,,740,,0,,,,,
866151,2025-09-02,20250902_47_04#7B,RANK_7B,"1=2-3,7,6 (axis_sum=1.3)",3,0,0,300,wt,False,,2150,,0,,,,,
866001,2025-09-02,20250902_47_06#7B,RANK_7B,"1=2-3,5,6 (axis_sum=1.6)",3,1,2300,300,wt,False,,2300,,0,,,,,
866166,2025-09-02,20250902_51_02#7B,RANK_7B,"3=2-7,4,5 (axis_sum=1.2)",3,0,0,300,wt,False,,7440,,0,,,,,
865993,2025-09-02,20250902_83_01#7B,RANK_7B,"1=2-3,5,7 (axis_sum=1.5)",3,0,0,300,wt,False,,4570,,0,,,,,
866129,2025-09-02,20250902_84_02#7B,RANK_7B,"2=5-1,7,6 (axis_sum=1.4)",3,0,0,300,wt,False,,2560,,0,,,,,
866104,2025-09-02,20250902_84_03#7B,RANK_7B,"1=7-5,4,2 (axis_sum=1.4)",3,1,1360,300,wt,False,,1360,,0,,,,,
865998,2025-09-03,20250903_21_10#7B,RANK_7B,"5=7-4,2,6 (axis_sum=1.6)",3,1,490,300,wt,False,,490,,0,,,,,
866098,2025-09-03,20250903_22_03#7B,RANK_7B,"4=1-2,7,5 (axis_sum=1.2)",3,1,660,300,wt,False,,660,,0,,,,,
866076,2025-09-03,20250903_22_09#7B,RANK_7B,"5=3-1,7,4 (axis_sum=1.6)",3,0,0,300,wt,False,,2080,,0,,,,,
866077,2025-09-03,20250903_47_06#7B,RANK_7B,"1=2-4,5,6 (axis_sum=1.4)",3,1,1400,300,wt,False,,1400,,0,,,,,
866157,2025-09-03,20250903_51_04#7B,RANK_7B,"4=3-2,5,1 (axis_sum=1.1)",3,0,0,300,wt,False,,3930,,0,,,,,
866030,2025-09-03,20250903_61_01#7B,RANK_7B,"2=4-3,5,6 (axis_sum=1.3)",3,0,0,300,wt,False,,1540,,0,,,,,
865975,2025-09-03,20250903_83_01#7B,RANK_7B,"2=1-4,3,6 (axis_sum=1.6)",3,0,0,300,wt,False,,160,,0,,,,,
865971,2025-09-03,20250903_83_03#7B,RANK_7B,"4=1-3,5,6 (axis_sum=1.6)",3,0,0,300,wt,False,,3880,,0,,,,,
866126,2025-09-03,20250903_83_05#7B,RANK_7B,"3=2-1,6,4 (axis_sum=1.3)",3,0,0,300,wt,False,,550,,0,,,,,
866103,2025-09-04,20250904_21_05#7B,RANK_7B,"2=1-5,3,4 (axis_sum=1.4)",3,0,0,300,wt,False,,1080,,0,,,,,
866115,2025-09-04,20250904_21_11#7B,RANK_7B,"5=4-1,3,7 (axis_sum=1.4)",3,1,1900,300,wt,False,,1900,,0,,,,,
866020,2025-09-04,20250904_26_04#7B,RANK_7B,"4=1-5,6,3 (axis_sum=1.7)",3,1,630,300,wt,False,,630,,0,,,,,
866158,2025-09-04,20250904_26_07#7B,RANK_7B,"1=3-4,7,6 (axis_sum=1.3)",3,0,0,300,wt,False,,1800,,0,,,,,
866139,2025-09-04,20250904_34_03#7B,RANK_7B,"5=2-7,1,4 (axis_sum=1.3)",3,0,0,300,wt,False,,290,,0,,,,,
866122,2025-09-04,20250904_34_09#7B,RANK_7B,"2=3-5,7,1 (axis_sum=1.6)",3,0,0,300,wt,False,,15250,,0,,,,,
865969,2025-09-04,20250904_61_01#7B,RANK_7B,"1=3-5,4,6 (axis_sum=1.7)",3,0,0,300,wt,False,,10960,,0,,,,,
866016,2025-09-04,20250904_83_02#7B,RANK_7B,"4=2-3,6,5 (axis_sum=1.5)",3,1,710,300,wt,False,,710,,0,,,,,
866023,2025-09-05,20250905_21_02#7B,RANK_7B,"4=1-3,2,5 (axis_sum=1.5)",3,0,0,300,wt,False,,2530,,0,,,,,
865983,2025-09-05,20250905_26_02#7B,RANK_7B,"3=4-1,5,2 (axis_sum=1.7)",3,0,0,300,wt,False,,120,,0,,,,,
866154,2025-09-05,20250905_26_05#7B,RANK_7B,"1=4-7,6,5 (axis_sum=1.3)",3,0,0,300,wt,False,,7030,,0,,,,,
866029,2025-09-05,20250905_56_02#7B,RANK_7B,"1=3-7,4,5 (axis_sum=1.2)",3,1,440,300,wt,False,,440,,0,,,,,
865978,2025-09-05,20250905_63_04#7B,RANK_7B,"7=1-3,2,5 (axis_sum=1.7)",3,0,0,300,wt,False,,140,,0,,,,,
865976,2025-09-06,20250906_24_02#7B,RANK_7B,"1=4-2,5,6 (axis_sum=1.5)",3,0,0,300,wt,False,,12610,,0,,,,,
866144,2025-09-06,20250906_24_03#7B,RANK_7B,"6=3-2,5,4 (axis_sum=1.4)",3,0,0,300,wt,False,,5670,,0,,,,,
866156,2025-09-06,20250906_26_07#7B,RANK_7B,"5=4-1,7,6 (axis_sum=1.2)",3,1,1460,300,wt,False,,1460,,0,,,,,
866041,2025-09-06,20250906_56_05#7B,RANK_7B,"2=1-4,5,6 (axis_sum=1.5)",3,0,0,300,wt,False,,3880,,0,,,,,
866082,2025-09-06,20250906_81_01#7B,RANK_7B,"5=2-3,6,4 (axis_sum=1.3)",3,0,0,300,wt,False,,920,,0,,,,,
866058,2025-09-06,20250906_81_06#7B,RANK_7B,"4=2-7,1,6 (axis_sum=1.5)",3,0,0,300,wt,False,,300,,0,,,,,
866026,2025-09-07,20250907_24_08#7B,RANK_7B,"1=5-3,4,6 (axis_sum=1.4)",3,1,1910,300,wt,False,,1910,,0,,,,,
866078,2025-09-07,20250907_28_09#7B,RANK_7B,"1=5-2,7,3 (axis_sum=1.3)",3,0,0,300,wt,False,,820,,0,,,,,
866165,2025-09-07,20250907_35_12#7B,RANK_7B,"3=7-5,4,1 (axis_sum=1.4)",3,0,0,300,wt,False,,2610,,0,,,,,
866133,2025-09-07,20250907_53_11#7B,RANK_7B,"1=5-7,3,6 (axis_sum=1.3)",3,0,0,300,wt,False,,710,,0,,,,,
866169,2025-09-07,20250907_56_03#7B,RANK_7B,"4=3-6,7,1 (axis_sum=1.0)",3,0,0,300,wt,False,,3200,,0,,,,,
866007,2025-09-07,20250907_81_02#7B,RANK_7B,"2=5-1,4,6 (axis_sum=1.5)",3,1,510,300,wt,False,,510,,0,,,,,
866097,2025-09-07,20250907_81_04#7B,RANK_7B,"4=3-7,1,5 (axis_sum=1.3)",3,1,810,300,wt,False,,810,,0,,,,,
865996,2025-09-08,20250908_11_01#7B,RANK_7B,"3=4-7,1,2 (axis_sum=1.6)",3,0,0,300,wt,False,,4890,,0,,,,,
865997,2025-09-08,20250908_11_07#7B,RANK_7B,"7=2-1,5,3 (axis_sum=1.5)",3,0,0,300,wt,False,,160,,0,,,,,
866168,2025-09-08,20250908_11_11#7B,RANK_7B,"7=2-4,3,1 (axis_sum=1.2)",3,0,0,300,wt,False,,2350,,0,,,,,
866022,2025-09-08,20250908_28_03#7B,RANK_7B,"3=1-5,4,7 (axis_sum=1.7)",3,0,0,300,wt,False,,3710,,0,,,,,
866003,2025-09-08,20250908_28_05#7B,RANK_7B,"1=2-5,7,3 (axis_sum=1.6)",3,0,0,300,wt,False,,3980,,0,,,,,
866085,2025-09-08,20250908_35_12#7B,RANK_7B,"4=1-5,2,3 (axis_sum=1.5)",3,0,0,300,wt,False,,2170,,0,,,,,
866073,2025-09-08,20250908_42_05#7B,RANK_7B,"4=7-2,3,5 (axis_sum=1.6)",3,0,0,300,wt,False,,990,,0,,,,,
866061,2025-09-08,20250908_53_03#7B,RANK_7B,"1=7-2,3,5 (axis_sum=1.3)",3,1,11660,300,wt,False,,11660,,0,,,,,
866152,2025-09-08,20250908_53_07#7B,RANK_7B,"1=2-5,7,6 (axis_sum=1.3)",3,0,0,300,wt,False,,10630,,0,,,,,
866117,2025-09-08,20250908_81_05#7B,RANK_7B,"7=1-2,5,3 (axis_sum=1.5)",3,0,0,300,wt,False,,330,,0,,,,,
866027,2025-09-08,20250908_81_06#7B,RANK_7B,"1=4-3,2,5 (axis_sum=1.7)",3,0,0,300,wt,False,,150,,0,,,,,
866063,2025-09-08,20250908_84_06#7B,RANK_7B,"4=1-5,3,6 (axis_sum=1.5)",3,1,660,300,wt,False,,660,,0,,,,,
866137,2025-09-08,20250908_84_07#7B,RANK_7B,"1=2-6,5,4 (axis_sum=1.3)",3,0,0,300,wt,False,,2900,,0,,,,,
866042,2025-09-08,20250908_84_08#7B,RANK_7B,"1=2-4,6,7 (axis_sum=1.5)",3,1,370,300,wt,False,,370,,0,,,,,
866101,2025-09-09,20250909_35_06#7B,RANK_7B,"3=4-5,6,7 (axis_sum=1.5)",3,0,0,300,wt,False,,1880,,0,,,,,
866160,2025-09-09,20250909_35_10#7B,RANK_7B,"2=4-1,6,5 (axis_sum=1.3)",3,0,0,300,wt,False,,1330,,0,,,,,
866092,2025-09-09,20250909_42_04#7B,RANK_7B,"2=1-4,5,7 (axis_sum=1.4)",3,0,0,300,wt,False,,7500,,0,,,,,
866070,2025-09-09,20250909_47_03#7B,RANK_7B,"1=2-5,4,6 (axis_sum=1.5)",3,0,0,300,wt,False,,1250,,0,,,,,
866142,2025-09-09,20250909_47_04#7B,RANK_7B,"3=1-5,2,6 (axis_sum=1.3)",3,0,0,300,wt,False,,370,,0,,,,,
866036,2025-09-09,20250909_53_04#7B,RANK_7B,"7=1-5,4,2 (axis_sum=1.3)",3,0,0,300,wt,False,,450,,0,,,,,
865986,2025-09-09,20250909_84_07#7B,RANK_7B,"1=2-4,7,6 (axis_sum=1.6)",3,0,0,300,wt,False,,130,,0,,,,,
866161,2025-09-10,20250910_11_11#7B,RANK_7B,"5=4-7,1,3 (axis_sum=1.2)",3,0,0,300,wt,False,,1210,,0,,,,,
865999,2025-09-10,20250910_27_02#7B,RANK_7B,"4=3-1,2,7 (axis_sum=1.6)",3,1,510,300,wt,False,,510,,0,,,,,
866100,2025-09-10,20250910_84_03#7B,RANK_7B,"2=1-3,4,6 (axis_sum=1.2)",3,0,0,300,wt,False,,1430,,0,,,,,
866040,2025-09-10,20250910_84_04#7B,RANK_7B,"1=3-4,5,7 (axis_sum=1.4)",3,0,0,300,wt,False,,510,,0,,,,,
866057,2025-09-11,20250911_61_01#7B,RANK_7B,"1=4-2,5,3 (axis_sum=1.7)",3,1,430,300,wt,False,,430,,0,,,,,
866008,2025-09-11,20250911_61_05#7B,RANK_7B,"2=4-1,3,7 (axis_sum=1.4)",3,0,0,300,wt,False,,1920,,0,,,,,
866119,2025-09-11,20250911_61_07#7B,RANK_7B,"2=5-7,1,3 (axis_sum=1.2)",3,0,0,300,wt,False,,1990,,0,,,,,
866167,2025-09-11,20250911_61_08#7B,RANK_7B,"1=2-7,3,4 (axis_sum=1.2)",3,0,0,300,wt,False,,870,,0,,,,,
866032,2025-09-12,20250912_27_03#7B,RANK_7B,"4=2-1,7,5 (axis_sum=1.6)",3,0,0,300,wt,False,,150,,0,,,,,
866095,2025-09-12,20250912_27_09#7B,RANK_7B,"4=7-5,2,3 (axis_sum=1.5)",3,0,0,300,wt,False,,320,,0,,,,,
866105,2025-09-12,20250912_85_09#7B,RANK_7B,"2=1-3,4,6 (axis_sum=1.5)",3,0,0,300,wt,False,,4530,,0,,,,,
866136,2025-09-13,20250913_12_05#7B,RANK_7B,"1=2-3,6,5 (axis_sum=1.4)",3,1,690,300,wt,False,,690,,0,,,,,
866159,2025-09-13,20250913_25_05#7B,RANK_7B,"2=3-4,1,5 (axis_sum=1.1)",3,0,0,300,wt,False,,400,,0,,,,,
866049,2025-09-13,20250913_25_06#7B,RANK_7B,"7=1-4,5,3 (axis_sum=1.3)",3,0,0,300,wt,False,,3270,,0,,,,,
866006,2025-09-13,20250913_25_10#7B,RANK_7B,"1=6-2,5,7 (axis_sum=1.8)",3,0,0,300,wt,False,,3100,,0,,,,,
866038,2025-09-13,20250913_48_02#7B,RANK_7B,"2=4-7,5,3 (axis_sum=1.4)",3,0,0,300,wt,False,,5350,,0,,,,,
865991,2025-09-13,20250913_48_03#7B,RANK_7B,"1=4-2,7,3 (axis_sum=1.7)",3,1,1200,300,wt,False,,1200,,0,,,,,
865987,2025-09-13,20250913_48_08#7B,RANK_7B,"4=2-1,5,3 (axis_sum=1.7)",3,0,0,300,wt,False,,35740,,0,,,,,
865977,2025-09-13,20250913_48_10#7B,RANK_7B,"7=1-5,2,6 (axis_sum=1.8)",3,1,1480,300,wt,False,,1480,,0,,,,,
866005,2025-09-13,20250913_73_02#7B,RANK_7B,"1=3-2,5,6 (axis_sum=1.5)",3,1,1420,300,wt,False,,1420,,0,,,,,
866125,2025-09-13,20250913_73_09#7B,RANK_7B,"2=4-3,5,7 (axis_sum=1.5)",3,1,980,300,wt,False,,980,,0,,,,,
866080,2025-09-13,20250913_74_06#7B,RANK_7B,"5=7-4,2,3 (axis_sum=1.5)",3,1,890,300,wt,False,,890,,0,,,,,
866017,2025-09-14,20250914_11_01#7B,RANK_7B,"1=5-2,4,6 (axis_sum=1.5)",3,0,0,300,wt,False,,210,,0,,,,,
866148,2025-09-14,20250914_11_09#7B,RANK_7B,"4=2-3,6,7 (axis_sum=1.2)",3,0,0,300,wt,False,,2870,,0,,,,,
866134,2025-09-14,20250914_42_07#7B,RANK_7B,"7=5-4,3,6 (axis_sum=1.4)",3,0,0,300,wt,False,,1910,,0,,,,,
865994,2025-09-14,20250914_63_10#7B,RANK_7B,"4=2-1,3,5 (axis_sum=1.6)",3,0,0,300,wt,False,,8770,,0,,,,,
866086,2025-09-15,20250915_11_03#7B,RANK_7B,"1=2-3,6,5 (axis_sum=1.4)",3,1,3010,300,wt,False,,3010,,0,,,,,
866132,2025-09-15,20250915_11_05#7B,RANK_7B,"2=1-3,5,7 (axis_sum=1.3)",3,0,0,300,wt,False,,2100,,0,,,,,
866108,2025-09-15,20250915_11_08#7B,RANK_7B,"1=2-3,4,6 (axis_sum=1.3)",3,0,0,300,wt,False,,2500,,0,,,,,
866048,2025-09-15,20250915_21_05#7B,RANK_7B,"1=5-3,2,4 (axis_sum=1.6)",3,0,0,300,wt,False,,9530,,0,,,,,
866025,2025-09-15,20250915_48_02#7B,RANK_7B,"2=5-7,1,3 (axis_sum=1.3)",3,0,0,300,wt,False,,1290,,0,,,,,
866164,2025-09-15,20250915_48_03#7B,RANK_7B,"2=7-4,5,6 (axis_sum=1.2)",3,0,0,300,wt,False,,600,,0,,,,,
866127,2025-09-15,20250915_63_04#7B,RANK_7B,"7=2-1,4,5 (axis_sum=1.3)",3,0,0,300,wt,False,,510,,0,,,,,
866118,2025-09-16,20250916_11_03#7B,RANK_7B,"2=5-6,3,4 (axis_sum=1.2)",3,0,0,300,wt,False,,1040,,0,,,,,
866053,2025-09-16,20250916_28_01#7B,RANK_7B,"2=4-1,6,3 (axis_sum=1.3)",3,1,780,300,wt,False,,780,,0,,,,,
866014,2025-09-16,20250916_34_03#7B,RANK_7B,"4=5-7,2,3 (axis_sum=1.7)",3,0,0,300,wt,False,,820,,0,,,,,
866072,2025-09-16,20250916_34_04#7B,RANK_7B,"1=7-4,5,6 (axis_sum=1.5)",3,0,0,300,wt,False,,150,,0,,,,,
866153,2025-09-16,20250916_34_08#7B,RANK_7B,"2=5-3,7,4 (axis_sum=1.3)",3,0,0,300,wt,False,,1000,,0,,,,,
866149,2025-09-16,20250916_34_11#7B,RANK_7B,"7=2-5,4,1 (axis_sum=1.4)",3,0,0,300,wt,False,,410,,0,,,,,
866111,2025-09-16,20250916_43_05#7B,RANK_7B,"7=1-4,5,6 (axis_sum=1.4)",3,0,0,300,wt,False,,900,,0,,,,,
866009,2025-09-16,20250916_81_03#7B,RANK_7B,"4=1-3,5,7 (axis_sum=1.7)",3,0,0,300,wt,False,,1170,,0,,,,,
866116,2025-09-17,20250917_28_05#7B,RANK_7B,"1=4-7,5,2 (axis_sum=1.3)",3,1,290,300,wt,False,,290,,0,,,,,
866004,2025-09-17,20250917_56_09#7B,RANK_7B,"5=7-1,2,3 (axis_sum=1.6)",3,0,0,300,wt,False,,2900,,0,,,,,
866024,2025-09-17,20250917_61_01#7B,RANK_7B,"5=3-4,2,7 (axis_sum=1.7)",3,0,0,300,wt,False,,150,,0,,,,,
866059,2025-09-17,20250917_81_02#7B,RANK_7B,"5=7-1,4,3 (axis_sum=1.5)",3,0,0,300,wt,False,,2310,,0,,,,,
866050,2025-09-17,20250917_81_03#7B,RANK_7B,"2=4-1,3,5 (axis_sum=1.5)",3,0,0,300,wt,False,,1350,,0,,,,,
866123,2025-09-17,20250917_87_02#7B,RANK_7B,"4=1-2,6,3 (axis_sum=1.1)",3,0,0,300,wt,False,,6000,,0,,,,,
865980,2025-09-17,20250917_87_03#7B,RANK_7B,"7=3-1,2,6 (axis_sum=1.7)",3,0,0,300,wt,False,,130,,0,,,,,
865968,2025-09-17,20250917_87_06#7B,RANK_7B,"6=3-4,5,2 (axis_sum=1.7)",3,1,180,300,wt,False,,180,,0,,,,,
866047,2025-09-18,20250918_26_05#7B,RANK_7B,"2=1-3,4,6 (axis_sum=1.6)",3,1,290,300,wt,False,,290,,0,,,,,
866067,2025-09-18,20250918_28_02#7B,RANK_7B,"3=7-4,1,2 (axis_sum=1.4)",3,0,0,300,wt,False,,3040,,0,,,,,
866079,2025-09-18,20250918_28_03#7B,RANK_7B,"7=2-5,1,4 (axis_sum=1.4)",3,1,880,300,wt,False,,880,,0,,,,,
866102,2025-09-18,20250918_28_08#7B,RANK_7B,"5=1-2,3,7 (axis_sum=1.4)",3,0,0,300,wt,False,,540,,0,,,,,
865973,2025-09-18,20250918_73_01#7B,RANK_7B,"1=7-2,4,3 (axis_sum=1.8)",3,0,0,300,wt,False,,130,,0,,,,,
866066,2025-09-19,20250919_24_09#7B,RANK_7B,"2=1-7,3,5 (axis_sum=1.5)",3,0,0,300,wt,False,,3210,,0,,,,,
866093,2025-09-19,20250919_26_06#7B,RANK_7B,"2=1-5,4,7 (axis_sum=1.4)",3,0,0,300,wt,False,,2330,,0,,,,,
866039,2025-09-19,20250919_56_01#7B,RANK_7B,"7=5-3,4,1 (axis_sum=1.2)",3,1,970,300,wt,False,,970,,0,,,,,
865990,2025-09-19,20250919_56_03#7B,RANK_7B,"1=5-3,2,6 (axis_sum=1.7)",3,0,0,300,wt,False,,200,,0,,,,,
865989,2025-09-19,20250919_56_06#7B,RANK_7B,"6=1-2,5,4 (axis_sum=1.8)",3,0,0,300,wt,False,,270,,0,,,,,
866056,2025-09-19,20250919_61_07#7B,RANK_7B,"1=5-3,4,2 (axis_sum=1.5)",3,0,0,300,wt,False,,2950,,0,,,,,
866112,2025-09-19,20250919_61_08#7B,RANK_7B,"3=4-2,1,5 (axis_sum=1.4)",3,0,0,300,wt,False,,2660,,0,,,,,
865979,2025-09-20,20250920_26_03#7B,RANK_7B,"1=4-2,7,5 (axis_sum=1.6)",3,0,0,300,wt,False,,4220,,0,,,,,
866012,2025-09-20,20250920_31_09#7B,RANK_7B,"1=2-5,6,4 (axis_sum=1.7)",3,0,0,300,wt,False,,150,,0,,,,,
866128,2025-09-20,20250920_53_04#7B,RANK_7B,"1=3-5,2,4 (axis_sum=1.5)",3,1,570,300,wt,False,,570,,0,,,,,
866089,2025-09-20,20250920_53_05#7B,RANK_7B,"5=1-2,4,3 (axis_sum=1.6)",3,0,0,300,wt,False,,180,,0,,,,,
866087,2025-09-20,20250920_53_07#7B,RANK_7B,"5=1-4,7,3 (axis_sum=1.4)",3,0,0,300,wt,False,,7410,,0,,,,,
866147,2025-09-20,20250920_53_08#7B,RANK_7B,"5=7-2,4,1 (axis_sum=1.3)",3,0,0,300,wt,False,,6570,,0,,,,,
865995,2025-09-20,20250920_73_04#7B,RANK_7B,"5=3-7,2,4 (axis_sum=1.6)",3,0,0,300,wt,False,,140,,0,,,,,
866031,2025-09-20,20250920_73_06#7B,RANK_7B,"2=4-1,5,3 (axis_sum=1.6)",3,0,0,300,wt,False,,280,,0,,,,,
866019,2025-09-21,20250921_24_02#7B,RANK_7B,"5=3-7,1,2 (axis_sum=1.6)",3,0,0,300,wt,False,,1380,,0,,,,,
866028,2025-09-21,20250921_24_05#7B,RANK_7B,"4=3-7,6,2 (axis_sum=1.5)",3,1,470,300,wt,False,,470,,0,,,,,
866037,2025-09-21,20250921_24_06#7B,RANK_7B,"5=3-1,4,2 (axis_sum=1.6)",3,0,0,300,wt,False,,2700,,0,,,,,
866043,2025-09-21,20250921_63_02#7B,RANK_7B,"4=3-1,7,2 (axis_sum=1.6)",3,0,0,300,wt,False,,4550,,0,,,,,
866002,2025-09-21,20250921_85_04#7B,RANK_7B,"4=7-3,5,6 (axis_sum=1.7)",3,1,380,300,wt,False,,380,,0,,,,,
866010,2025-09-21,20250921_86_05#7B,RANK_7B,"2=1-4,5,6 (axis_sum=1.6)",3,1,770,300,wt,False,,770,,0,,,,,
866130,2025-09-22,20250922_46_08#7B,RANK_7B,"4=7-5,1,2 (axis_sum=1.4)",3,0,0,300,wt,False,,940,,0,,,,,
865982,2025-09-22,20250922_51_01#7B,RANK_7B,"5=2-3,1,4 (axis_sum=1.6)",3,0,0,300,wt,False,,220,,0,,,,,
866044,2025-09-22,20250922_51_02#7B,RANK_7B,"1=3-5,2,7 (axis_sum=1.5)",3,0,0,300,wt,False,,6180,,0,,,,,
866088,2025-09-22,20250922_85_03#7B,RANK_7B,"3=7-2,4,5 (axis_sum=1.4)",3,0,0,300,wt,False,,1830,,0,,,,,
866124,2025-09-22,20250922_85_06#7B,RANK_7B,"2=7-1,5,3 (axis_sum=1.4)",3,0,0,300,wt,False,,1970,,0,,,,,
866106,2025-09-22,20250922_86_05#7B,RANK_7B,"2=1-6,3,7 (axis_sum=1.2)",3,0,0,300,wt,False,,1300,,0,,,,,
866110,2025-09-23,20250923_34_03#7B,RANK_7B,"3=1-5,4,6 (axis_sum=1.4)",3,0,0,300,wt,False,,320,,0,,,,,
866035,2025-09-23,20250923_34_06#7B,RANK_7B,"1=2-4,5,6 (axis_sum=1.5)",3,0,0,300,wt,False,,330,,0,,,,,
866015,2025-09-23,20250923_42_06#7B,RANK_7B,"7=1-3,5,6 (axis_sum=1.5)",3,0,0,300,wt,False,,290,,0,,,,,
866114,2025-09-23,20250923_42_11#7B,RANK_7B,"1=4-2,7,3 (axis_sum=1.4)",3,0,0,300,wt,False,,500,,0,,,,,
866045,2025-09-23,20250923_85_07#7B,RANK_7B,"7=5-4,3,2 (axis_sum=1.5)",3,0,0,300,wt,False,,2320,,0,,,,,
866074,2025-09-23,20250923_85_10#7B,RANK_7B,"7=1-4,2,3 (axis_sum=1.5)",3,1,770,300,wt,False,,770,,0,,,,,
866075,2025-09-23,20250923_86_05#7B,RANK_7B,"2=1-5,3,6 (axis_sum=1.5)",3,0,0,300,wt,False,,1280,,0,,,,,
866033,2025-09-23,20250923_86_06#7B,RANK_7B,"1=2-4,6,5 (axis_sum=1.4)",3,1,1870,300,wt,False,,1870,,0,,,,,
866013,2025-09-24,20250924_28_04#7B,RANK_7B,"1=7-5,3,4 (axis_sum=1.6)",3,1,520,300,wt,False,,520,,0,,,,,
866054,2025-09-25,20250925_28_05#7B,RANK_7B,"1=5-3,2,4 (axis_sum=1.5)",3,0,0,300,wt,False,,220,,0,,,,,
866000,2025-09-25,20250925_73_04#7B,RANK_7B,"1=4-2,7,6 (axis_sum=1.7)",3,1,280,300,wt,False,,280,,0,,,,,
865984,2025-09-26,20250926_13_04#7B,RANK_7B,"2=1-4,6,5 (axis_sum=1.6)",3,0,0,300,wt,False,,1720,,0,,,,,
866155,2025-09-26,20250926_28_03#7B,RANK_7B,"3=2-7,5,6 (axis_sum=1.1)",3,1,1220,300,wt,False,,1220,,0,,,,,
866131,2025-09-26,20250926_74_05#7B,RANK_7B,"2=1-3,7,5 (axis_sum=1.6)",3,0,0,300,wt,False,,3360,,0,,,,,
866071,2025-09-26,20250926_74_07#7B,RANK_7B,"2=1-4,5,6 (axis_sum=1.7)",3,1,500,300,wt,False,,500,,0,,,,,
866081,2025-09-26,20250926_81_06#7B,RANK_7B,"4=1-2,3,5 (axis_sum=1.5)",3,0,0,300,wt,False,,930,,0,,,,,
866143,2025-09-26,20250926_81_08#7B,RANK_7B,"1=2-3,4,7 (axis_sum=1.3)",3,1,1330,300,wt,False,,1330,,0,,,,,
865988,2025-09-26,20250926_81_10#7B,RANK_7B,"3=1-6,4,5 (axis_sum=1.8)",3,1,910,300,wt,False,,910,,0,,,,,
866069,2025-09-27,20250927_12_05#7B,RANK_7B,"2=5-7,4,3 (axis_sum=1.5)",3,1,400,300,wt,False,,400,,0,,,,,
865967,2025-09-27,20250927_56_01#7B,RANK_7B,"1=2-4,5,6 (axis_sum=1.7)",3,1,590,300,wt,False,,590,,0,,,,,
866107,2025-09-27,20250927_61_08#7B,RANK_7B,"7=2-3,4,5 (axis_sum=1.3)",3,1,1510,300,wt,False,,1510,,0,,,,,
866094,2025-09-28,20250928_12_04#7B,RANK_7B,"2=4-5,3,1 (axis_sum=1.4)",3,0,0,300,wt,False,,3790,,0,,,,,
866121,2025-09-28,20250928_12_06#7B,RANK_7B,"5=3-1,7,2 (axis_sum=1.5)",3,0,0,300,wt,False,,720,,0,,,,,
866011,2025-09-28,20250928_21_05#7B,RANK_7B,"4=2-5,3,6 (axis_sum=1.5)",3,0,0,300,wt,False,,1030,,0,,,,,
866068,2025-09-28,20250928_47_07#7B,RANK_7B,"2=7-1,4,5 (axis_sum=1.4)",3,1,680,300,wt,False,,680,,0,,,,,
866064,2025-09-28,20250928_87_03#7B,RANK_7B,"7=3-1,4,5 (axis_sum=1.4)",3,0,0,300,wt,False,,2190,,0,,,,,
865985,2025-09-29,20250929_11_02#7B,RANK_7B,"3=5-7,6,2 (axis_sum=1.7)",3,0,0,300,wt,False,,240,,0,,,,,
866021,2025-09-29,20250929_21_03#7B,RANK_7B,"4=1-2,3,6 (axis_sum=1.7)",3,0,0,300,wt,False,,190,,0,,,,,
866062,2025-09-29,20250929_25_01#7B,RANK_7B,"5=3-4,7,2 (axis_sum=1.6)",3,0,0,300,wt,False,,4090,,0,,,,,
865970,2025-09-29,20250929_25_06#7B,RANK_7B,"2=6-1,4,5 (axis_sum=1.8)",3,0,0,300,wt,False,,220,,0,,,,,
866046,2025-09-29,20250929_34_06#7B,RANK_7B,"7=2-5,3,6 (axis_sum=1.4)",3,0,0,300,wt,False,,1740,,0,,,,,
866055,2025-09-29,20250929_45_03#7B,RANK_7B,"1=2-5,3,7 (axis_sum=1.4)",3,0,0,300,wt,False,,3580,,0,,,,,
865992,2025-09-29,20250929_56_04#7B,RANK_7B,"1=2-4,5,6 (axis_sum=1.6)",3,0,0,300,wt,False,,180,,0,,,,,
866052,2025-09-29,20250929_87_12#7B,RANK_7B,"5=1-4,2,3 (axis_sum=1.4)",3,0,0,300,wt,False,,150,,0,,,,,
866113,2025-09-30,20250930_11_03#7B,RANK_7B,"4=1-5,3,7 (axis_sum=1.2)",3,0,0,300,wt,False,,1110,,0,,,,,
866090,2025-09-30,20250930_11_04#7B,RANK_7B,"3=4-1,5,2 (axis_sum=1.4)",3,1,490,300,wt,False,,490,,0,,,,,
866051,2025-09-30,20250930_22_01#7B,RANK_7B,"2=1-3,5,6 (axis_sum=1.4)",3,0,0,300,wt,False,,360,,0,,,,,
865974,2025-09-30,20250930_22_04#7B,RANK_7B,"1=2-3,6,5 (axis_sum=1.7)",3,0,0,300,wt,False,,130,,0,,,,,
865981,2025-09-30,20250930_22_06#7B,RANK_7B,"2=1-3,5,6 (axis_sum=1.8)",3,0,0,300,wt,False,,140,,0,,,,,
865972,2025-09-30,20250930_25_06#7B,RANK_7B,"1=2-6,7,3 (axis_sum=1.8)",3,1,270,300,wt,False,,270,,0,,,,,
866084,2025-09-30,20250930_34_06#7B,RANK_7B,"5=2-3,7,1 (axis_sum=1.4)",3,0,0,300,wt,False,,1650,,0,,,,,
866135,2025-09-30,20250930_34_10#7B,RANK_7B,"3=1-2,7,4 (axis_sum=1.4)",3,0,0,300,wt,False,,1420,,0,,,,,
866140,2025-09-30,20250930_36_07#7B,RANK_7B,"6=5-7,2,4 (axis_sum=1.3)",3,0,0,300,wt,False,,10590,,0,,,,,
866034,2025-09-30,20250930_48_06#7B,RANK_7B,"2=1-4,5,6 (axis_sum=1.6)",3,0,0,300,wt,False,,230,,0,,,,,
866322,2025-10-01,20251001_22_03#7B,RANK_7B,"1=4-3,5,6 (axis_sum=1.1)",3,0,0,300,wt,False,,2900,,0,,,,,
866224,2025-10-01,20251001_25_05#7B,RANK_7B,"2=7-4,6,3 (axis_sum=1.3)",3,0,0,300,wt,False,,3850,,0,,,,,
866308,2025-10-01,20251001_25_12#7B,RANK_7B,"1=2-7,3,5 (axis_sum=1.2)",3,1,1020,300,wt,False,,1020,,0,,,,,
866235,2025-10-01,20251001_48_01#7B,RANK_7B,"2=1-5,4,6 (axis_sum=1.2)",3,0,0,300,wt,False,,1020,,0,,,,,
866307,2025-10-01,20251001_61_02#7B,RANK_7B,"3=5-4,1,7 (axis_sum=1.2)",3,0,0,300,wt,False,,1950,,0,,,,,
866241,2025-10-01,20251001_83_02#7B,RANK_7B,"3=7-6,4,5 (axis_sum=1.3)",3,1,640,300,wt,False,,640,,0,,,,,
866233,2025-10-01,20251001_83_08#7B,RANK_7B,"1=5-4,3,7 (axis_sum=1.5)",3,0,0,300,wt,False,,2960,,0,,,,,
866240,2025-10-02,20251002_22_04#7B,RANK_7B,"1=2-4,5,6 (axis_sum=1.4)",3,0,0,300,wt,False,,780,,0,,,,,
866209,2025-10-02,20251002_36_02#7B,RANK_7B,"3=2-7,1,6 (axis_sum=1.5)",3,0,0,300,wt,False,,160,,0,,,,,
866185,2025-10-02,20251002_46_04#7B,RANK_7B,"7=4-5,1,3 (axis_sum=1.7)",3,1,2410,300,wt,False,,2410,,0,,,,,
866264,2025-10-02,20251002_46_07#7B,RANK_7B,"4=1-5,2,3 (axis_sum=1.3)",3,1,730,300,wt,False,,730,,0,,,,,
866186,2025-10-02,20251002_48_01#7B,RANK_7B,"1=3-4,5,6 (axis_sum=1.5)",3,0,0,300,wt,False,,130,,0,,,,,
866231,2025-10-02,20251002_48_05#7B,RANK_7B,"3=2-4,5,6 (axis_sum=1.5)",3,1,600,300,wt,False,,600,,0,,,,,
866271,2025-10-02,20251002_61_04#7B,RANK_7B,"7=2-3,1,4 (axis_sum=1.4)",3,0,0,300,wt,False,,280,,0,,,,,
866267,2025-10-02,20251002_61_10#7B,RANK_7B,"3=7-2,5,4 (axis_sum=1.4)",3,0,0,300,wt,False,,970,,0,,,,,
866281,2025-10-02,20251002_83_03#7B,RANK_7B,"5=2-6,1,4 (axis_sum=1.5)",3,1,950,300,wt,False,,950,,0,,,,,
866303,2025-10-02,20251002_83_09#7B,RANK_7B,"5=1-4,2,7 (axis_sum=1.3)",3,1,1070,300,wt,False,,1070,,0,,,,,
866269,2025-10-02,20251002_84_02#7B,RANK_7B,"7=5-3,4,1 (axis_sum=1.5)",3,0,0,300,wt,False,,1970,,0,,,,,
866200,2025-10-02,20251002_84_03#7B,RANK_7B,"7=1-3,5,2 (axis_sum=1.6)",3,1,270,300,wt,False,,270,,0,,,,,
866182,2025-10-02,20251002_84_10#7B,RANK_7B,"4=5-7,2,3 (axis_sum=1.6)",3,0,0,300,wt,False,,120,,0,,,,,
866188,2025-10-03,20251003_46_08#7B,RANK_7B,"7=2-1,5,3 (axis_sum=1.5)",3,0,0,300,wt,False,,5830,,0,,,,,
866278,2025-10-03,20251003_61_02#7B,RANK_7B,"7=1-5,3,2 (axis_sum=1.2)",3,0,0,300,wt,False,,1020,,0,,,,,
866208,2025-10-03,20251003_61_09#7B,RANK_7B,"3=2-7,5,1 (axis_sum=1.6)",3,0,0,300,wt,False,,260,,0,,,,,
866298,2025-10-03,20251003_83_03#7B,RANK_7B,"7=5-6,1,3 (axis_sum=1.1)",3,1,2170,300,wt,False,,2170,,0,,,,,
866220,2025-10-03,20251003_83_11#7B,RANK_7B,"3=5-2,7,6 (axis_sum=1.3)",3,0,0,300,wt,False,,940,,0,,,,,
866319,2025-10-04,20251004_11_11#7B,RANK_7B,"1=4-3,5,7 (axis_sum=1.2)",3,0,0,300,wt,False,,840,,0,,,,,
866180,2025-10-04,20251004_12_06#7B,RANK_7B,"2=1-4,6,5 (axis_sum=1.6)",3,0,0,300,wt,False,,21990,,0,,,,,
866311,2025-10-04,20251004_34_01#7B,RANK_7B,"5=3-4,2,7 (axis_sum=1.2)",3,0,0,300,wt,False,,1450,,0,,,,,
866296,2025-10-04,20251004_34_08#7B,RANK_7B,"5=2-4,1,6 (axis_sum=1.6)",3,0,0,300,wt,False,,5330,,0,,,,,
866290,2025-10-04,20251004_34_09#7B,RANK_7B,"1=7-4,2,3 (axis_sum=1.4)",3,1,1260,300,wt,False,,1260,,0,,,,,
866295,2025-10-04,20251004_34_10#7B,RANK_7B,"3=4-1,5,2 (axis_sum=1.2)",3,1,1610,300,wt,False,,1610,,0,,,,,
866171,2025-10-04,20251004_53_04#7B,RANK_7B,"1=4-3,5,6 (axis_sum=1.6)",3,0,0,300,wt,False,,130,,0,,,,,
866172,2025-10-04,20251004_63_04#7B,RANK_7B,"7=3-5,6,1 (axis_sum=1.7)",3,0,0,300,wt,False,,3420,,0,,,,,
866258,2025-10-04,20251004_63_07#7B,RANK_7B,"4=3-7,1,5 (axis_sum=1.5)",3,0,0,300,wt,False,,3550,,0,,,,,
866192,2025-10-04,20251004_84_04#7B,RANK_7B,"7=2-1,5,3 (axis_sum=1.5)",3,0,0,300,wt,False,,170,,0,,,,,
866262,2025-10-04,20251004_84_07#7B,RANK_7B,"5=1-7,2,4 (axis_sum=1.5)",3,0,0,300,wt,False,,4540,,0,,,,,
866304,2025-10-04,20251004_84_11#7B,RANK_7B,"3=6-2,4,5 (axis_sum=1.4)",3,0,0,300,wt,False,,3890,,0,,,,,
866302,2025-10-05,20251005_63_07#7B,RANK_7B,"5=3-1,4,7 (axis_sum=1.3)",3,0,0,300,wt,False,,920,,0,,,,,
866190,2025-10-05,20251005_73_05#7B,RANK_7B,"2=3-4,7,5 (axis_sum=1.6)",3,0,0,300,wt,False,,370,,0,,,,,
866202,2025-10-06,20251006_22_04#7B,RANK_7B,"3=2-4,5,6 (axis_sum=1.6)",3,0,0,300,wt,False,,350,,0,,,,,
866245,2025-10-06,20251006_36_01#7B,RANK_7B,"1=5-7,3,2 (axis_sum=1.4)",3,0,0,300,wt,False,,4430,,0,,,,,
866259,2025-10-06,20251006_36_06#7B,RANK_7B,"5=2-3,4,1 (axis_sum=1.5)",3,0,0,300,wt,False,,270,,0,,,,,
866227,2025-10-06,20251006_45_04#7B,RANK_7B,"2=1-4,6,5 (axis_sum=1.4)",3,0,0,300,wt,False,,800,,0,,,,,
866270,2025-10-07,20251007_36_02#7B,RANK_7B,"5=3-1,2,6 (axis_sum=1.3)",3,0,0,300,wt,False,,1810,,0,,,,,
866175,2025-10-07,20251007_45_01#7B,RANK_7B,"2=1-4,5,7 (axis_sum=1.6)",3,0,0,300,wt,False,,7230,,0,,,,,
866284,2025-10-07,20251007_46_02#7B,RANK_7B,"2=4-1,3,7 (axis_sum=1.4)",3,0,0,300,wt,False,,1430,,0,,,,,
866275,2025-10-08,20251008_21_02#7B,RANK_7B,"5=2-7,6,1 (axis_sum=1.5)",3,0,0,300,wt,False,,480,,0,,,,,
866176,2025-10-08,20251008_28_02#7B,RANK_7B,"2=4-5,3,7 (axis_sum=1.6)",3,0,0,300,wt,False,,950,,0,,,,,
866273,2025-10-08,20251008_45_02#7B,RANK_7B,"2=1-3,5,6 (axis_sum=1.3)",3,1,3510,300,wt,False,,3510,,0,,,,,
866300,2025-10-08,20251008_46_08#7B,RANK_7B,"7=3-1,2,4 (axis_sum=1.5)",3,0,0,300,wt,False,,7740,,0,,,,,
866265,2025-10-08,20251008_85_09#7B,RANK_7B,"2=1-4,5,3 (axis_sum=1.3)",3,0,0,300,wt,False,,480,,0,,,,,
866272,2025-10-09,20251009_12_03#7B,RANK_7B,"2=5-1,7,4 (axis_sum=1.4)",3,0,0,300,wt,False,,910,,0,,,,,
866205,2025-10-09,20251009_28_06#7B,RANK_7B,"1=7-5,4,3 (axis_sum=1.5)",3,0,0,300,wt,False,,1230,,0,,,,,
866218,2025-10-09,20251009_38_03#7B,RANK_7B,"1=3-4,6,5 (axis_sum=1.5)",3,0,0,300,wt,False,,830,,0,,,,,
866187,2025-10-09,20251009_56_07#7B,RANK_7B,"4=3-5,7,2 (axis_sum=1.3)",3,0,0,300,wt,False,,650,,0,,,,,
866223,2025-10-09,20251009_61_03#7B,RANK_7B,"1=2-4,3,5 (axis_sum=1.8)",3,0,0,300,wt,False,,3560,,0,,,,,
866313,2025-10-10,20251010_25_12#7B,RANK_7B,"4=5-7,2,6 (axis_sum=1.2)",3,1,2210,300,wt,False,,2210,,0,,,,,
866197,2025-10-10,20251010_34_02#7B,RANK_7B,"4=3-5,7,1 (axis_sum=1.6)",3,1,410,300,wt,False,,410,,0,,,,,
866249,2025-10-10,20251010_61_08#7B,RANK_7B,"2=7-1,3,5 (axis_sum=1.6)",3,1,460,300,wt,False,,460,,0,,,,,
866212,2025-10-11,20251011_11_02#7B,RANK_7B,"1=5-7,4,3 (axis_sum=1.4)",3,0,0,300,wt,False,,910,,0,,,,,
866210,2025-10-11,20251011_25_01#7B,RANK_7B,"2=5-7,1,6 (axis_sum=1.5)",3,1,310,300,wt,False,,310,,0,,,,,
866291,2025-10-11,20251011_25_03#7B,RANK_7B,"7=4-5,1,3 (axis_sum=1.3)",3,0,0,300,wt,False,,2240,,0,,,,,
866312,2025-10-11,20251011_34_01#7B,RANK_7B,"1=4-2,5,7 (axis_sum=1.3)",3,0,0,300,wt,False,,7980,,0,,,,,
866213,2025-10-11,20251011_38_02#7B,RANK_7B,"2=3-4,5,6 (axis_sum=1.5)",3,0,0,300,wt,False,,7860,,0,,,,,
866287,2025-10-11,20251011_61_04#7B,RANK_7B,"1=3-2,6,5 (axis_sum=1.1)",3,0,0,300,wt,False,,570,,0,,,,,
866228,2025-10-11,20251011_61_07#7B,RANK_7B,"4=1-2,5,7 (axis_sum=1.6)",3,0,0,300,wt,False,,240,,0,,,,,
866305,2025-10-12,20251012_11_03#7B,RANK_7B,"3=7-2,5,1 (axis_sum=1.4)",3,0,0,300,wt,False,,1360,,0,,,,,
866253,2025-10-12,20251012_21_01#7B,RANK_7B,"2=1-5,7,4 (axis_sum=1.4)",3,0,0,300,wt,False,,9360,,0,,,,,
866191,2025-10-12,20251012_21_02#7B,RANK_7B,"1=2-6,4,5 (axis_sum=1.5)",3,0,0,300,wt,False,,360,,0,,,,,
866320,2025-10-13,20251013_11_09#7B,RANK_7B,"7=2-5,4,3 (axis_sum=1.2)",3,0,0,300,wt,False,,810,,0,,,,,
866173,2025-10-13,20251013_11_11#7B,RANK_7B,"5=1-6,3,7 (axis_sum=1.7)",3,0,0,300,wt,False,,230,,0,,,,,
866242,2025-10-13,20251013_81_01#7B,RANK_7B,"2=1-5,3,4 (axis_sum=1.4)",3,0,0,300,wt,False,,880,,0,,,,,
866189,2025-10-13,20251013_81_11#7B,RANK_7B,"4=1-5,2,3 (axis_sum=1.6)",3,0,0,300,wt,False,,1480,,0,,,,,
866252,2025-10-14,20251014_21_07#7B,RANK_7B,"1=2-5,4,6 (axis_sum=1.6)",3,0,0,300,wt,False,,4790,,0,,,,,
866236,2025-10-14,20251014_35_08#7B,RANK_7B,"4=7-5,1,2 (axis_sum=1.7)",3,0,0,300,wt,False,,890,,0,,,,,
866315,2025-10-14,20251014_53_06#7B,RANK_7B,"1=3-7,4,5 (axis_sum=1.3)",3,0,0,300,wt,False,,500,,0,,,,,
866217,2025-10-14,20251014_81_07#7B,RANK_7B,"5=3-1,4,7 (axis_sum=1.6)",3,0,0,300,wt,False,,260,,0,,,,,
866280,2025-10-14,20251014_81_10#7B,RANK_7B,"1=7-2,4,3 (axis_sum=1.3)",3,1,420,300,wt,False,,420,,0,,,,,
866261,2025-10-15,20251015_22_05#7B,RANK_7B,"2=1-5,7,4 (axis_sum=1.3)",3,0,0,300,wt,False,,2110,,0,,,,,
866279,2025-10-15,20251015_24_03#7B,RANK_7B,"2=5-4,7,1 (axis_sum=1.4)",3,0,0,300,wt,False,,2820,,0,,,,,
866255,2025-10-15,20251015_24_05#7B,RANK_7B,"4=3-7,2,5 (axis_sum=1.3)",3,0,0,300,wt,False,,1440,,0,,,,,
866274,2025-10-15,20251015_24_09#7B,RANK_7B,"1=5-2,7,3 (axis_sum=1.3)",3,0,0,300,wt,False,,260,,0,,,,,
866226,2025-10-15,20251015_61_10#7B,RANK_7B,"5=2-1,6,7 (axis_sum=1.5)",3,0,0,300,wt,False,,410,,0,,,,,
866193,2025-10-15,20251015_81_04#7B,RANK_7B,"1=4-2,3,7 (axis_sum=1.6)",3,1,2550,300,wt,False,,2550,,0,,,,,
866289,2025-10-15,20251015_81_05#7B,RANK_7B,"5=7-1,2,3 (axis_sum=1.4)",3,0,0,300,wt,False,,1020,,0,,,,,
866254,2025-10-15,20251015_81_08#7B,RANK_7B,"3=4-5,7,1 (axis_sum=1.4)",3,0,0,300,wt,False,,570,,0,,,,,
866257,2025-10-16,20251016_22_05#7B,RANK_7B,"1=2-3,5,7 (axis_sum=1.3)",3,0,0,300,wt,False,,940,,0,,,,,
866288,2025-10-16,20251016_24_11#7B,RANK_7B,"4=1-5,3,2 (axis_sum=1.4)",3,1,1610,300,wt,False,,1610,,0,,,,,
866179,2025-10-17,20251017_13_01#7B,RANK_7B,"6=1-2,3,4 (axis_sum=1.6)",3,1,850,300,wt,False,,850,,0,,,,,
866183,2025-10-18,20251018_36_02#7B,RANK_7B,"2=4-1,5,7 (axis_sum=1.7)",3,0,0,300,wt,False,,2430,,0,,,,,
866301,2025-10-18,20251018_36_05#7B,RANK_7B,"4=5-2,3,1 (axis_sum=1.3)",3,0,0,300,wt,False,,3750,,0,,,,,
866221,2025-10-18,20251018_36_10#7B,RANK_7B,"7=1-2,5,3 (axis_sum=1.5)",3,0,0,300,wt,False,,2430,,0,,,,,
866178,2025-10-18,20251018_56_07#7B,RANK_7B,"2=1-3,6,5 (axis_sum=1.7)",3,0,0,300,wt,False,,14630,,0,,,,,
866225,2025-10-19,20251019_26_03#7B,RANK_7B,"3=1-7,2,5 (axis_sum=1.6)",3,1,400,300,wt,False,,400,,0,,,,,
866247,2025-10-19,20251019_36_05#7B,RANK_7B,"1=7-5,3,4 (axis_sum=1.6)",3,0,0,300,wt,False,,240,,0,,,,,
866201,2025-10-19,20251019_56_03#7B,RANK_7B,"1=3-4,6,5 (axis_sum=1.4)",3,0,0,300,wt,False,,440,,0,,,,,
866229,2025-10-20,20251020_21_01#7B,RANK_7B,"5=3-2,1,4 (axis_sum=1.4)",3,1,630,300,wt,False,,630,,0,,,,,
866283,2025-10-20,20251020_21_08#7B,RANK_7B,"1=7-3,4,5 (axis_sum=1.3)",3,0,0,300,wt,False,,4640,,0,,,,,
866309,2025-10-20,20251020_63_04#7B,RANK_7B,"3=1-2,7,5 (axis_sum=1.2)",3,0,0,300,wt,False,,840,,0,,,,,
866285,2025-10-21,20251021_21_02#7B,RANK_7B,"7=2-3,4,1 (axis_sum=1.2)",3,0,0,300,wt,False,,410,,0,,,,,
866324,2025-10-21,20251021_21_06#7B,RANK_7B,"1=3-7,2,5 (axis_sum=1.3)",3,0,0,300,wt,False,,920,,0,,,,,
866215,2025-10-21,20251021_38_01#7B,RANK_7B,"2=1-3,6,7 (axis_sum=1.6)",3,1,410,300,wt,False,,410,,0,,,,,
866181,2025-10-21,20251021_38_02#7B,RANK_7B,"1=2-5,3,6 (axis_sum=1.7)",3,0,0,300,wt,False,,130,,0,,,,,
866170,2025-10-21,20251021_46_05#7B,RANK_7B,"7=3-2,4,1 (axis_sum=1.7)",3,0,0,300,wt,False,,190,,0,,,,,
866204,2025-10-21,20251021_53_02#7B,RANK_7B,"2=4-7,5,6 (axis_sum=1.6)",3,0,0,300,wt,False,,600,,0,,,,,
866318,2025-10-21,20251021_73_09#7B,RANK_7B,"1=6-4,3,2 (axis_sum=1.5)",3,0,0,300,wt,False,,1350,,0,,,,,
866260,2025-10-22,20251022_21_03#7B,RANK_7B,"3=7-2,5,4 (axis_sum=1.3)",3,0,0,300,wt,False,,1750,,0,,,,,
866276,2025-10-22,20251022_21_05#7B,RANK_7B,"1=5-4,7,2 (axis_sum=1.3)",3,0,0,300,wt,False,,2980,,0,,,,,
866321,2025-10-22,20251022_21_06#7B,RANK_7B,"4=5-3,7,6 (axis_sum=1.3)",3,0,0,300,wt,False,,850,,0,,,,,
866243,2025-10-22,20251022_43_07#7B,RANK_7B,"1=3-6,5,7 (axis_sum=1.5)",3,0,0,300,wt,False,,280,,0,,,,,
866268,2025-10-22,20251022_73_02#7B,RANK_7B,"3=5-7,4,1 (axis_sum=1.3)",3,0,0,300,wt,False,,2470,,0,,,,,
866323,2025-10-22,20251022_73_12#7B,RANK_7B,"7=1-4,2,6 (axis_sum=1.5)",3,0,0,300,wt,False,,490,,0,,,,,
866177,2025-10-22,20251022_85_04#7B,RANK_7B,"1=5-3,7,6 (axis_sum=1.7)",3,1,1570,300,wt,False,,1570,,0,,,,,
866314,2025-10-23,20251023_11_12#7B,RANK_7B,"2=5-3,7,1 (axis_sum=1.2)",3,0,0,300,wt,False,,360,,0,,,,,
866196,2025-10-23,20251023_26_05#7B,RANK_7B,"7=2-3,6,5 (axis_sum=1.7)",3,1,1490,300,wt,False,,1490,,0,,,,,
866214,2025-10-23,20251023_53_01#7B,RANK_7B,"3=2-5,1,6 (axis_sum=1.7)",3,1,460,300,wt,False,,460,,0,,,,,
866256,2025-10-23,20251023_85_07#7B,RANK_7B,"4=1-7,2,3 (axis_sum=1.4)",3,0,0,300,wt,False,,1900,,0,,,,,
866219,2025-10-24,20251024_11_09#7B,RANK_7B,"4=7-3,2,5 (axis_sum=1.4)",3,0,0,300,wt,False,,3880,,0,,,,,
866244,2025-10-24,20251024_56_09#7B,RANK_7B,"5=2-3,1,4 (axis_sum=1.5)",3,1,510,300,wt,False,,510,,0,,,,,
866294,2025-10-24,20251024_56_12#7B,RANK_7B,"4=2-6,1,5 (axis_sum=1.4)",3,0,0,300,wt,False,,5050,,0,,,,,
866174,2025-10-25,20251025_34_08#7B,RANK_7B,"5=3-1,2,7 (axis_sum=1.5)",3,0,0,300,wt,False,,900,,0,,,,,
866251,2025-10-25,20251025_56_04#7B,RANK_7B,"1=4-3,5,2 (axis_sum=1.4)",3,0,0,300,wt,False,,5940,,0,,,,,
866230,2025-10-25,20251025_56_08#7B,RANK_7B,"3=7-4,5,2 (axis_sum=1.5)",3,0,0,300,wt,False,,2010,,0,,,,,
866310,2025-10-26,20251026_34_09#7B,RANK_7B,"4=3-7,2,5 (axis_sum=1.3)",3,0,0,300,wt,False,,1460,,0,,,,,
866234,2025-10-26,20251026_35_01#7B,RANK_7B,"1=2-3,4,6 (axis_sum=1.5)",3,0,0,300,wt,False,,1720,,0,,,,,
866194,2025-10-26,20251026_35_02#7B,RANK_7B,"1=2-3,5,6 (axis_sum=1.5)",3,0,0,300,wt,False,,190,,0,,,,,
866325,2025-10-26,20251026_56_03#7B,RANK_7B,"7=1-6,4,5 (axis_sum=1.3)",3,0,0,300,wt,False,,760,,0,,,,,
866306,2025-10-26,20251026_56_05#7B,RANK_7B,"5=2-7,3,6 (axis_sum=1.3)",3,0,0,300,wt,False,,1960,,0,,,,,
866246,2025-10-26,20251026_61_06#7B,RANK_7B,"7=1-4,5,2 (axis_sum=1.4)",3,0,0,300,wt,False,,3730,,0,,,,,
866222,2025-10-26,20251026_86_01#7B,RANK_7B,"4=5-2,7,1 (axis_sum=1.5)",3,0,0,300,wt,False,,3570,,0,,,,,
866293,2025-10-27,20251027_12_05#7B,RANK_7B,"7=1-4,5,6 (axis_sum=1.6)",3,0,0,300,wt,False,,5610,,0,,,,,
866211,2025-10-27,20251027_12_06#7B,RANK_7B,"4=2-5,1,3 (axis_sum=1.5)",3,0,0,300,wt,False,,1600,,0,,,,,
866199,2025-10-27,20251027_13_05#7B,RANK_7B,"1=2-5,4,6 (axis_sum=1.6)",3,0,0,300,wt,False,,13380,,0,,,,,
866198,2025-10-27,20251027_13_06#7B,RANK_7B,"2=1-3,5,6 (axis_sum=1.5)",3,0,0,300,wt,False,,420,,0,,,,,
866237,2025-10-27,20251027_34_06#7B,RANK_7B,"3=2-1,5,4 (axis_sum=1.4)",3,0,0,300,wt,False,,1580,,0,,,,,
866232,2025-10-27,20251027_73_05#7B,RANK_7B,"4=1-7,5,2 (axis_sum=1.5)",3,0,0,300,wt,False,,6460,,0,,,,,
866299,2025-10-27,20251027_86_02#7B,RANK_7B,"3=4-2,5,1 (axis_sum=1.1)",3,0,0,300,wt,False,,1720,,0,,,,,
866282,2025-10-28,20251028_12_10#7B,RANK_7B,"7=4-5,6,2 (axis_sum=1.4)",3,0,0,300,wt,False,,17940,,0,,,,,
866263,2025-10-28,20251028_24_04#7B,RANK_7B,"2=4-3,6,7 (axis_sum=1.4)",3,0,0,300,wt,False,,4510,,0,,,,,
866292,2025-10-28,20251028_24_08#7B,RANK_7B,"1=2-3,5,6 (axis_sum=1.4)",3,0,0,300,wt,False,,2430,,0,,,,,
866239,2025-10-28,20251028_45_02#7B,RANK_7B,"5=2-3,4,7 (axis_sum=1.3)",3,0,0,300,wt,False,,7860,,0,,,,,
866216,2025-10-28,20251028_45_06#7B,RANK_7B,"3=4-7,5,1 (axis_sum=1.5)",3,0,0,300,wt,False,,380,,0,,,,,
866297,2025-10-28,20251028_73_02#7B,RANK_7B,"1=2-5,4,3 (axis_sum=1.2)",3,1,1060,300,wt,False,,1060,,0,,,,,
866207,2025-10-29,20251029_26_03#7B,RANK_7B,"5=1-3,7,2 (axis_sum=1.7)",3,0,0,300,wt,False,,180,,0,,,,,
866238,2025-10-29,20251029_45_08#7B,RANK_7B,"7=4-5,3,6 (axis_sum=1.4)",3,1,880,300,wt,False,,880,,0,,,,,
866286,2025-10-29,20251029_45_12#7B,RANK_7B,"4=2-6,3,1 (axis_sum=1.4)",3,0,0,300,wt,False,,2710,,0,,,,,
866184,2025-10-29,20251029_73_01#7B,RANK_7B,"1=5-7,3,4 (axis_sum=1.7)",3,0,0,300,wt,False,,9160,,0,,,,,
866317,2025-10-29,20251029_85_05#7B,RANK_7B,"4=7-3,1,2 (axis_sum=1.4)",3,0,0,300,wt,False,,910,,0,,,,,
866206,2025-10-30,20251030_21_01#7B,RANK_7B,"1=2-4,5,6 (axis_sum=1.5)",3,0,0,300,wt,False,,8490,,0,,,,,
866195,2025-10-30,20251030_36_04#7B,RANK_7B,"3=4-5,1,2 (axis_sum=1.4)",3,0,0,300,wt,False,,510,,0,,,,,
866203,2025-10-30,20251030_84_01#7B,RANK_7B,"1=2-3,4,6 (axis_sum=1.5)",3,0,0,300,wt,False,,690,,0,,,,,
866250,2025-10-31,20251031_74_04#7B,RANK_7B,"1=5-3,2,7 (axis_sum=1.5)",3,0,0,300,wt,False,,300,,0,,,,,
866316,2025-10-31,20251031_74_10#7B,RANK_7B,"3=4-2,1,7 (axis_sum=1.2)",3,0,0,300,wt,False,,5310,,0,,,,,
866248,2025-10-31,20251031_74_11#7B,RANK_7B,"2=7-5,3,4 (axis_sum=1.4)",3,0,0,300,wt,False,,190,,0,,,,,
866266,2025-10-31,20251031_81_07#7B,RANK_7B,"2=1-3,4,7 (axis_sum=1.5)",3,0,0,300,wt,False,,11640,,0,,,,,
866277,2025-10-31,20251031_85_09#7B,RANK_7B,"1=7-5,2,3 (axis_sum=1.5)",3,0,0,300,wt,False,,3990,,0,,,,,
866404,2025-11-01,20251101_21_02#7B,RANK_7B,"2=1-4,6,5 (axis_sum=1.5)",3,0,0,300,wt,False,,3170,,0,,,,,
866449,2025-11-01,20251101_21_07#7B,RANK_7B,"1=3-4,5,6 (axis_sum=1.4)",3,0,0,300,wt,False,,870,,0,,,,,
866344,2025-11-01,20251101_35_08#7B,RANK_7B,"7=1-5,3,4 (axis_sum=1.7)",3,1,690,300,wt,False,,690,,0,,,,,
866395,2025-11-01,20251101_36_07#7B,RANK_7B,"7=3-2,1,6 (axis_sum=1.4)",3,0,0,300,wt,False,,5970,,0,,,,,
866406,2025-11-02,20251102_35_06#7B,RANK_7B,"5=2-7,3,4 (axis_sum=1.4)",3,0,0,300,wt,False,,370,,0,,,,,
866360,2025-11-03,20251103_61_01#7B,RANK_7B,"2=1-3,6,5 (axis_sum=1.2)",3,0,0,300,wt,False,,4150,,0,,,,,
866353,2025-11-03,20251103_73_01#7B,RANK_7B,"5=1-7,4,2 (axis_sum=1.8)",3,0,0,300,wt,False,,300,,0,,,,,
866434,2025-11-03,20251103_86_03#7B,RANK_7B,"1=2-6,3,5 (axis_sum=1.5)",3,0,0,300,wt,False,,5200,,0,,,,,
866337,2025-11-03,20251103_86_04#7B,RANK_7B,"4=1-2,3,5 (axis_sum=1.6)",3,0,0,300,wt,False,,3670,,0,,,,,
866375,2025-11-04,20251104_12_02#7B,RANK_7B,"4=1-3,7,2 (axis_sum=1.4)",3,1,1340,300,wt,False,,1340,,0,,,,,
866363,2025-11-04,20251104_27_01#7B,RANK_7B,"5=1-7,4,2 (axis_sum=1.2)",3,0,0,300,wt,False,,1300,,0,,,,,
866399,2025-11-04,20251104_31_06#7B,RANK_7B,"2=1-3,5,6 (axis_sum=1.4)",3,0,0,300,wt,False,,380,,0,,,,,
866335,2025-11-04,20251104_61_07#7B,RANK_7B,"1=4-2,5,7 (axis_sum=1.8)",3,0,0,300,wt,False,,150,,0,,,,,
866421,2025-11-04,20251104_81_07#7B,RANK_7B,"7=2-1,3,5 (axis_sum=1.5)",3,0,0,300,wt,False,,2240,,0,,,,,
866397,2025-11-04,20251104_81_12#7B,RANK_7B,"1=5-2,3,6 (axis_sum=1.4)",3,0,0,300,wt,False,,1030,,0,,,,,
866410,2025-11-04,20251104_86_05#7B,RANK_7B,"1=2-3,6,5 (axis_sum=1.5)",3,0,0,300,wt,False,,510,,0,,,,,
866425,2025-11-05,20251105_12_04#7B,RANK_7B,"4=1-3,2,7 (axis_sum=1.4)",3,1,590,300,wt,False,,590,,0,,,,,
866454,2025-11-05,20251105_12_05#7B,RANK_7B,"2=3-4,7,5 (axis_sum=1.3)",3,0,0,300,wt,False,,1290,,0,,,,,
866416,2025-11-05,20251105_26_06#7B,RANK_7B,"5=3-2,1,7 (axis_sum=1.3)",3,0,0,300,wt,False,,1720,,0,,,,,
866356,2025-11-05,20251105_27_03#7B,RANK_7B,"7=2-5,3,6 (axis_sum=1.5)",3,0,0,300,wt,False,,6960,,0,,,,,
866403,2025-11-05,20251105_44_06#7B,RANK_7B,"2=1-4,5,6 (axis_sum=1.4)",3,0,0,300,wt,False,,580,,0,,,,,
866431,2025-11-05,20251105_73_12#7B,RANK_7B,"5=3-1,6,7 (axis_sum=1.4)",3,1,1080,300,wt,False,,1080,,0,,,,,
866358,2025-11-05,20251105_81_01#7B,RANK_7B,"5=3-7,1,2 (axis_sum=1.6)",3,1,1840,300,wt,False,,1840,,0,,,,,
866462,2025-11-05,20251105_81_07#7B,RANK_7B,"4=3-1,6,7 (axis_sum=1.2)",3,0,0,300,wt,False,,1380,,0,,,,,
866455,2025-11-06,20251106_26_07#7B,RANK_7B,"7=1-3,5,2 (axis_sum=1.4)",3,0,0,300,wt,False,,1210,,0,,,,,
866378,2025-11-06,20251106_27_03#7B,RANK_7B,"1=3-5,7,6 (axis_sum=1.4)",3,0,0,300,wt,False,,9060,,0,,,,,
866377,2025-11-06,20251106_43_07#7B,RANK_7B,"1=2-5,3,6 (axis_sum=1.5)",3,1,410,300,wt,False,,410,,0,,,,,
866443,2025-11-06,20251106_43_08#7B,RANK_7B,"1=3-2,4,7 (axis_sum=1.3)",3,0,0,300,wt,False,,1190,,0,,,,,
866368,2025-11-06,20251106_53_07#7B,RANK_7B,"3=1-5,4,2 (axis_sum=1.5)",3,0,0,300,wt,False,,6760,,0,,,,,
866463,2025-11-06,20251106_74_05#7B,RANK_7B,"4=6-2,3,5 (axis_sum=1.2)",3,0,0,300,wt,False,,9680,,0,,,,,
866444,2025-11-06,20251106_81_03#7B,RANK_7B,"1=2-3,7,4 (axis_sum=1.3)",3,1,630,300,wt,False,,630,,0,,,,,
866393,2025-11-07,20251107_43_06#7B,RANK_7B,"1=3-2,5,6 (axis_sum=1.5)",3,0,0,300,wt,False,,3020,,0,,,,,
866432,2025-11-07,20251107_53_12#7B,RANK_7B,"1=4-5,7,3 (axis_sum=1.4)",3,0,0,300,wt,False,,1830,,0,,,,,
866376,2025-11-07,20251107_74_09#7B,RANK_7B,"5=1-2,3,4 (axis_sum=1.7)",3,1,950,300,wt,False,,950,,0,,,,,
866379,2025-11-08,20251108_53_01#7B,RANK_7B,"2=4-7,5,3 (axis_sum=1.3)",3,0,0,300,wt,False,,1380,,0,,,,,
866388,2025-11-08,20251108_53_09#7B,RANK_7B,"7=4-1,5,3 (axis_sum=1.5)",3,0,0,300,wt,False,,300,,0,,,,,
866364,2025-11-08,20251108_83_05#7B,RANK_7B,"2=1-5,3,6 (axis_sum=1.5)",3,0,0,300,wt,False,,1100,,0,,,,,
866332,2025-11-09,20251109_21_09#7B,RANK_7B,"3=5-1,4,6 (axis_sum=1.7)",3,0,0,300,wt,False,,120,,0,,,,,
866442,2025-11-09,20251109_61_12#7B,RANK_7B,"7=5-2,4,3 (axis_sum=1.3)",3,0,0,300,wt,False,,1150,,0,,,,,
866467,2025-11-09,20251109_86_06#7B,RANK_7B,"1=7-5,3,2 (axis_sum=1.2)",3,0,0,300,wt,False,,1300,,0,,,,,
866398,2025-11-10,20251110_13_09#7B,RANK_7B,"2=1-5,4,7 (axis_sum=1.4)",3,0,0,300,wt,False,,4450,,0,,,,,
866370,2025-11-10,20251110_56_07#7B,RANK_7B,"1=2-5,3,4 (axis_sum=1.5)",3,0,0,300,wt,False,,660,,0,,,,,
866452,2025-11-10,20251110_56_12#7B,RANK_7B,"3=7-5,1,6 (axis_sum=1.3)",3,0,0,300,wt,False,,1810,,0,,,,,
866349,2025-11-10,20251110_61_02#7B,RANK_7B,"5=1-3,4,2 (axis_sum=1.5)",3,0,0,300,wt,False,,420,,0,,,,,
866415,2025-11-10,20251110_61_12#7B,RANK_7B,"5=1-7,3,4 (axis_sum=1.4)",3,1,480,300,wt,False,,480,,0,,,,,
866374,2025-11-10,20251110_83_03#7B,RANK_7B,"1=2-4,5,6 (axis_sum=1.6)",3,0,0,300,wt,False,,2830,,0,,,,,
866383,2025-11-11,20251111_61_03#7B,RANK_7B,"3=7-1,5,4 (axis_sum=1.5)",3,0,0,300,wt,False,,1310,,0,,,,,
866359,2025-11-11,20251111_61_07#7B,RANK_7B,"7=4-1,3,5 (axis_sum=1.4)",3,0,0,300,wt,False,,220,,0,,,,,
866446,2025-11-11,20251111_61_12#7B,RANK_7B,"3=6-7,5,4 (axis_sum=1.4)",3,0,0,300,wt,False,,2700,,0,,,,,
866354,2025-11-11,20251111_84_08#7B,RANK_7B,"5=4-1,7,2 (axis_sum=1.5)",3,0,0,300,wt,False,,6590,,0,,,,,
866418,2025-11-12,20251112_44_09#7B,RANK_7B,"2=1-4,6,7 (axis_sum=1.5)",3,0,0,300,wt,False,,800,,0,,,,,
866407,2025-11-12,20251112_56_08#7B,RANK_7B,"7=1-4,5,2 (axis_sum=1.7)",3,1,1400,300,wt,False,,1400,,0,,,,,
866386,2025-11-12,20251112_56_09#7B,RANK_7B,"5=7-4,2,1 (axis_sum=1.5)",3,0,0,300,wt,False,,7820,,0,,,,,
866430,2025-11-12,20251112_73_01#7B,RANK_7B,"7=3-1,5,6 (axis_sum=1.3)",3,1,1230,300,wt,False,,1230,,0,,,,,
866341,2025-11-12,20251112_73_02#7B,RANK_7B,"1=2-5,3,6 (axis_sum=1.6)",3,0,0,300,wt,False,,140,,0,,,,,
866373,2025-11-12,20251112_73_07#7B,RANK_7B,"3=5-4,7,2 (axis_sum=1.5)",3,1,360,300,wt,False,,360,,0,,,,,
866333,2025-11-12,20251112_84_04#7B,RANK_7B,"1=4-2,3,7 (axis_sum=1.6)",3,0,0,300,wt,False,,130,,0,,,,,
866334,2025-11-13,20251113_44_04#7B,RANK_7B,"3=2-1,7,5 (axis_sum=1.6)",3,1,510,300,wt,False,,510,,0,,,,,
866391,2025-11-13,20251113_44_09#7B,RANK_7B,"1=2-4,5,7 (axis_sum=1.6)",3,0,0,300,wt,False,,21100,,0,,,,,
866420,2025-11-13,20251113_45_02#7B,RANK_7B,"7=1-3,5,6 (axis_sum=1.4)",3,1,920,300,wt,False,,920,,0,,,,,
866414,2025-11-13,20251113_84_03#7B,RANK_7B,"5=2-7,3,4 (axis_sum=1.3)",3,1,840,300,wt,False,,840,,0,,,,,
866371,2025-11-14,20251114_13_04#7B,RANK_7B,"1=7-4,3,5 (axis_sum=1.5)",3,1,1380,300,wt,False,,1380,,0,,,,,
866342,2025-11-14,20251114_13_11#7B,RANK_7B,"4=1-5,3,2 (axis_sum=1.7)",3,1,520,300,wt,False,,520,,0,,,,,
866400,2025-11-14,20251114_44_07#7B,RANK_7B,"1=2-4,3,6 (axis_sum=1.5)",3,1,290,300,wt,False,,290,,0,,,,,
866350,2025-11-14,20251114_45_11#7B,RANK_7B,"1=7-2,3,4 (axis_sum=1.6)",3,0,0,300,wt,False,,420,,0,,,,,
866436,2025-11-15,20251115_13_09#7B,RANK_7B,"7=3-2,5,1 (axis_sum=1.2)",3,0,0,300,wt,False,,1290,,0,,,,,
866338,2025-11-15,20251115_47_07#7B,RANK_7B,"1=2-4,5,7 (axis_sum=1.7)",3,0,0,300,wt,False,,110,,0,,,,,
866429,2025-11-16,20251116_13_07#7B,RANK_7B,"7=1-4,3,2 (axis_sum=1.3)",3,0,0,300,wt,False,,370,,0,,,,,
866440,2025-11-16,20251116_13_09#7B,RANK_7B,"5=1-7,4,3 (axis_sum=1.4)",3,0,0,300,wt,False,,580,,0,,,,,
866460,2025-11-16,20251116_25_11#7B,RANK_7B,"3=2-7,1,6 (axis_sum=1.4)",3,1,1100,300,wt,False,,1100,,0,,,,,
866413,2025-11-16,20251116_42_01#7B,RANK_7B,"4=3-5,7,6 (axis_sum=1.3)",3,0,0,300,wt,False,,2820,,0,,,,,
866365,2025-11-16,20251116_42_06#7B,RANK_7B,"2=4-5,1,6 (axis_sum=1.5)",3,0,0,300,wt,False,,460,,0,,,,,
866417,2025-11-16,20251116_56_06#7B,RANK_7B,"4=5-7,3,2 (axis_sum=1.0)",3,1,5780,300,wt,False,,5780,,0,,,,,
866380,2025-11-16,20251116_63_01#7B,RANK_7B,"1=4-5,2,7 (axis_sum=1.3)",3,0,0,300,wt,False,,650,,0,,,,,
866390,2025-11-16,20251116_83_06#7B,RANK_7B,"1=4-2,3,7 (axis_sum=1.4)",3,1,270,300,wt,False,,270,,0,,,,,
866402,2025-11-17,20251117_42_01#7B,RANK_7B,"7=1-3,2,4 (axis_sum=1.5)",3,0,0,300,wt,False,,9680,,0,,,,,
866450,2025-11-17,20251117_42_09#7B,RANK_7B,"5=3-1,7,2 (axis_sum=1.3)",3,0,0,300,wt,False,,610,,0,,,,,
866466,2025-11-17,20251117_42_12#7B,RANK_7B,"5=2-1,6,3 (axis_sum=1.3)",3,0,0,300,wt,False,,930,,0,,,,,
866426,2025-11-17,20251117_47_02#7B,RANK_7B,"1=2-4,5,7 (axis_sum=1.1)",3,1,4130,300,wt,False,,4130,,0,,,,,
866357,2025-11-17,20251117_47_03#7B,RANK_7B,"1=5-2,3,6 (axis_sum=1.4)",3,1,430,300,wt,False,,430,,0,,,,,
866409,2025-11-17,20251117_47_05#7B,RANK_7B,"1=2-3,5,6 (axis_sum=1.4)",3,0,0,300,wt,False,,3720,,0,,,,,
866412,2025-11-17,20251117_47_06#7B,RANK_7B,"3=4-2,5,7 (axis_sum=1.2)",3,0,0,300,wt,False,,2910,,0,,,,,
866396,2025-11-17,20251117_56_01#7B,RANK_7B,"3=7-1,5,2 (axis_sum=1.2)",3,1,840,300,wt,False,,840,,0,,,,,
866433,2025-11-17,20251117_56_09#7B,RANK_7B,"7=2-5,1,3 (axis_sum=1.4)",3,1,690,300,wt,False,,690,,0,,,,,
866384,2025-11-17,20251117_86_07#7B,RANK_7B,"1=5-3,4,6 (axis_sum=1.6)",3,0,0,300,wt,False,,190,,0,,,,,
866435,2025-11-18,20251118_25_08#7B,RANK_7B,"1=3-5,4,2 (axis_sum=1.4)",3,0,0,300,wt,False,,2030,,0,,,,,
866348,2025-11-18,20251118_25_09#7B,RANK_7B,"7=1-4,6,2 (axis_sum=1.8)",3,0,0,300,wt,False,,250,,0,,,,,
866453,2025-11-18,20251118_25_11#7B,RANK_7B,"1=2-3,5,7 (axis_sum=1.3)",3,0,0,300,wt,False,,3830,,0,,,,,
866382,2025-11-18,20251118_56_02#7B,RANK_7B,"5=3-7,2,4 (axis_sum=1.4)",3,0,0,300,wt,False,,1580,,0,,,,,
866456,2025-11-18,20251118_56_09#7B,RANK_7B,"1=7-4,5,2 (axis_sum=1.2)",3,0,0,300,wt,False,,1930,,0,,,,,
866448,2025-11-18,20251118_56_11#7B,RANK_7B,"2=4-3,1,5 (axis_sum=1.4)",3,0,0,300,wt,False,,870,,0,,,,,
866327,2025-11-18,20251118_61_01#7B,RANK_7B,"1=2-4,5,6 (axis_sum=1.7)",3,1,900,300,wt,False,,900,,0,,,,,
866369,2025-11-18,20251118_83_03#7B,RANK_7B,"2=5-4,7,3 (axis_sum=1.6)",3,0,0,300,wt,False,,620,,0,,,,,
866465,2025-11-18,20251118_83_06#7B,RANK_7B,"1=7-3,5,2 (axis_sum=1.2)",3,0,0,300,wt,False,,6650,,0,,,,,
866336,2025-11-19,20251119_36_01#7B,RANK_7B,"5=1-3,4,2 (axis_sum=1.7)",3,1,470,300,wt,False,,470,,0,,,,,
866326,2025-11-19,20251119_36_06#7B,RANK_7B,"1=3-5,2,4 (axis_sum=1.7)",3,1,1220,300,wt,False,,1220,,0,,,,,
866328,2025-11-19,20251119_44_05#7B,RANK_7B,"4=6-5,3,7 (axis_sum=1.6)",3,0,0,300,wt,False,,970,,0,,,,,
866458,2025-11-19,20251119_53_01#7B,RANK_7B,"2=1-3,6,5 (axis_sum=1.2)",3,0,0,300,wt,False,,1240,,0,,,,,
866330,2025-11-19,20251119_61_01#7B,RANK_7B,"1=2-4,6,5 (axis_sum=1.7)",3,1,340,300,wt,False,,340,,0,,,,,
866441,2025-11-20,20251120_31_03#7B,RANK_7B,"4=7-3,1,5 (axis_sum=1.4)",3,0,0,300,wt,False,,1230,,0,,,,,
866340,2025-11-20,20251120_44_05#7B,RANK_7B,"3=5-2,7,1 (axis_sum=1.5)",3,0,0,300,wt,False,,2780,,0,,,,,
866419,2025-11-20,20251120_74_08#7B,RANK_7B,"1=7-4,5,3 (axis_sum=1.4)",3,0,0,300,wt,False,,1100,,0,,,,,
866367,2025-11-21,20251121_31_04#7B,RANK_7B,"4=5-7,2,3 (axis_sum=1.5)",3,1,550,300,wt,False,,550,,0,,,,,
866361,2025-11-21,20251121_81_05#7B,RANK_7B,"2=3-4,1,6 (axis_sum=1.6)",3,1,760,300,wt,False,,760,,0,,,,,
866461,2025-11-22,20251122_42_05#7B,RANK_7B,"2=7-3,1,4 (axis_sum=1.4)",3,0,0,300,wt,False,,610,,0,,,,,
866355,2025-11-22,20251122_42_07#7B,RANK_7B,"7=1-4,3,2 (axis_sum=1.5)",3,0,0,300,wt,False,,1920,,0,,,,,
866339,2025-11-22,20251122_47_05#7B,RANK_7B,"3=2-4,5,6 (axis_sum=1.6)",3,1,190,300,wt,False,,190,,0,,,,,
866352,2025-11-23,20251123_23_01#7B,RANK_7B,"5=1-3,2,7 (axis_sum=1.5)",3,0,0,300,wt,False,,340,,0,,,,,
866424,2025-11-23,20251123_23_05#7B,RANK_7B,"1=7-5,4,3 (axis_sum=1.4)",3,1,750,300,wt,False,,750,,0,,,,,
866437,2025-11-23,20251123_42_01#7B,RANK_7B,"2=5-1,3,4 (axis_sum=1.3)",3,0,0,300,wt,False,,2390,,0,,,,,
866422,2025-11-23,20251123_42_03#7B,RANK_7B,"2=7-5,3,4 (axis_sum=1.3)",3,1,760,300,wt,False,,760,,0,,,,,
866346,2025-11-23,20251123_42_05#7B,RANK_7B,"5=1-3,2,7 (axis_sum=1.7)",3,0,0,300,wt,False,,180,,0,,,,,
866366,2025-11-23,20251123_47_05#7B,RANK_7B,"2=1-3,5,7 (axis_sum=1.6)",3,0,0,300,wt,False,,180,,0,,,,,
866451,2025-11-24,20251124_22_07#7B,RANK_7B,"1=2-3,5,6 (axis_sum=1.6)",3,0,0,300,wt,False,,1560,,0,,,,,
866381,2025-11-24,20251124_38_07#7B,RANK_7B,"3=5-7,1,4 (axis_sum=1.3)",3,0,0,300,wt,False,,2440,,0,,,,,
866343,2025-11-25,20251125_25_03#7B,RANK_7B,"5=4-3,2,7 (axis_sum=1.6)",3,1,1760,300,wt,False,,1760,,0,,,,,
866362,2025-11-25,20251125_38_06#7B,RANK_7B,"1=5-3,7,4 (axis_sum=1.4)",3,0,0,300,wt,False,,570,,0,,,,,
866427,2025-11-25,20251125_38_07#7B,RANK_7B,"1=2-5,3,4 (axis_sum=1.4)",3,1,1650,300,wt,False,,1650,,0,,,,,
866347,2025-11-25,20251125_83_09#7B,RANK_7B,"3=7-2,5,4 (axis_sum=1.5)",3,0,0,300,wt,False,,280,,0,,,,,
866459,2025-11-26,20251126_13_06#7B,RANK_7B,"4=1-3,2,5 (axis_sum=1.3)",3,0,0,300,wt,False,,1660,,0,,,,,
866401,2025-11-26,20251126_22_03#7B,RANK_7B,"1=2-4,3,5 (axis_sum=1.4)",3,0,0,300,wt,False,,420,,0,,,,,
866392,2025-11-26,20251126_22_05#7B,RANK_7B,"1=4-2,5,6 (axis_sum=1.4)",3,0,0,300,wt,False,,150,,0,,,,,
866439,2025-11-26,20251126_31_05#7B,RANK_7B,"1=2-4,3,5 (axis_sum=1.3)",3,0,0,300,wt,False,,220,,0,,,,,
866389,2025-11-26,20251126_36_03#7B,RANK_7B,"2=4-1,5,7 (axis_sum=1.5)",3,0,0,300,wt,False,,3070,,0,,,,,
866345,2025-11-26,20251126_83_07#7B,RANK_7B,"7=1-4,2,5 (axis_sum=1.6)",3,1,580,300,wt,False,,580,,0,,,,,
866457,2025-11-26,20251126_83_12#7B,RANK_7B,"2=1-7,4,6 (axis_sum=1.4)",3,0,0,300,wt,False,,560,,0,,,,,
866428,2025-11-27,20251127_25_08#7B,RANK_7B,"2=7-3,4,5 (axis_sum=1.3)",3,0,0,300,wt,False,,4630,,0,,,,,
866411,2025-11-27,20251127_36_03#7B,RANK_7B,"3=4-5,1,7 (axis_sum=1.4)",3,0,0,300,wt,False,,12660,,0,,,,,
866464,2025-11-27,20251127_36_05#7B,RANK_7B,"5=6-3,4,7 (axis_sum=1.4)",3,0,0,300,wt,False,,10380,,0,,,,,
866351,2025-11-27,20251127_38_03#7B,RANK_7B,"1=2-4,5,7 (axis_sum=1.5)",3,0,0,300,wt,False,,250,,0,,,,,
866394,2025-11-27,20251127_56_07#7B,RANK_7B,"3=4-2,7,1 (axis_sum=1.5)",3,1,470,300,wt,False,,470,,0,,,,,
866445,2025-11-27,20251127_74_03#7B,RANK_7B,"2=5-1,4,7 (axis_sum=1.4)",3,0,0,300,wt,False,,460,,0,,,,,
866408,2025-11-28,20251128_44_03#7B,RANK_7B,"2=1-5,4,6 (axis_sum=1.2)",3,1,2530,300,wt,False,,2530,,0,,,,,
866423,2025-11-28,20251128_56_03#7B,RANK_7B,"5=3-4,1,7 (axis_sum=1.4)",3,0,0,300,wt,False,,570,,0,,,,,
866387,2025-11-28,20251128_56_04#7B,RANK_7B,"1=4-5,7,6 (axis_sum=1.6)",3,1,850,300,wt,False,,850,,0,,,,,
866438,2025-11-29,20251129_56_09#7B,RANK_7B,"1=2-7,3,5 (axis_sum=1.3)",3,1,1150,300,wt,False,,1150,,0,,,,,
866447,2025-11-29,20251129_86_05#7B,RANK_7B,"1=3-4,6,7 (axis_sum=1.6)",3,0,0,300,wt,False,,1050,,0,,,,,
866405,2025-11-30,20251130_27_08#7B,RANK_7B,"7=2-1,4,3 (axis_sum=1.5)",3,1,320,300,wt,False,,320,,0,,,,,
866385,2025-11-30,20251130_37_03#7B,RANK_7B,"3=2-5,1,6 (axis_sum=1.7)",3,0,0,300,wt,False,,1630,,0,,,,,
866329,2025-11-30,20251130_45_05#7B,RANK_7B,"1=2-4,6,5 (axis_sum=1.9)",3,0,0,300,wt,False,,120,,0,,,,,
866372,2025-11-30,20251130_62_04#7B,RANK_7B,"5=3-4,1,2 (axis_sum=1.4)",3,0,0,300,wt,False,,170,,0,,,,,
866331,2025-11-30,20251130_83_03#7B,RANK_7B,"2=7-1,4,3 (axis_sum=1.7)",3,0,0,300,wt,False,,5170,,0,,,,,
866606,2025-12-01,20251201_37_12#7B,RANK_7B,"3=2-4,1,5 (axis_sum=1.2)",3,0,0,300,wt,False,,480,,0,,,,,
866548,2025-12-01,20251201_45_05#7B,RANK_7B,"1=2-6,5,4 (axis_sum=1.5)",3,0,0,300,wt,False,,2960,,0,,,,,
866534,2025-12-01,20251201_62_02#7B,RANK_7B,"5=3-1,2,4 (axis_sum=1.1)",3,0,0,300,wt,False,,480,,0,,,,,
866482,2025-12-02,20251202_13_04#7B,RANK_7B,"1=3-2,4,7 (axis_sum=1.7)",3,0,0,300,wt,False,,140,,0,,,,,
866581,2025-12-02,20251202_35_11#7B,RANK_7B,"4=3-2,5,1 (axis_sum=1.5)",3,0,0,300,wt,False,,4290,,0,,,,,
866487,2025-12-02,20251202_42_06#7B,RANK_7B,"3=1-4,2,7 (axis_sum=1.5)",3,0,0,300,wt,False,,580,,0,,,,,
866580,2025-12-02,20251202_53_04#7B,RANK_7B,"1=3-4,5,6 (axis_sum=1.3)",3,0,0,300,wt,False,,820,,0,,,,,
866546,2025-12-02,20251202_62_02#7B,RANK_7B,"3=4-2,7,1 (axis_sum=1.2)",3,1,490,300,wt,False,,490,,0,,,,,
866573,2025-12-02,20251202_83_07#7B,RANK_7B,"7=2-4,1,6 (axis_sum=1.5)",3,0,0,300,wt,False,,9020,,0,,,,,
866596,2025-12-02,20251202_83_11#7B,RANK_7B,"1=7-3,4,5 (axis_sum=1.3)",3,0,0,300,wt,False,,1570,,0,,,,,
866519,2025-12-03,20251203_23_08#7B,RANK_7B,"3=1-4,2,5 (axis_sum=1.5)",3,1,810,300,wt,False,,810,,0,,,,,
866533,2025-12-03,20251203_31_05#7B,RANK_7B,"3=7-1,6,5 (axis_sum=1.6)",3,0,0,300,wt,False,,370,,0,,,,,
866604,2025-12-03,20251203_42_07#7B,RANK_7B,"7=5-2,4,1 (axis_sum=1.1)",3,0,0,300,wt,False,,2460,,0,,,,,
866496,2025-12-03,20251203_61_03#7B,RANK_7B,"7=1-5,3,4 (axis_sum=1.7)",3,0,0,300,wt,False,,130,,0,,,,,
866474,2025-12-03,20251203_61_09#7B,RANK_7B,"1=4-3,7,6 (axis_sum=1.8)",3,0,0,300,wt,False,,1990,,0,,,,,
866568,2025-12-04,20251204_35_08#7B,RANK_7B,"2=1-7,4,5 (axis_sum=1.5)",3,0,0,300,wt,False,,180,,0,,,,,
866598,2025-12-04,20251204_35_11#7B,RANK_7B,"2=3-6,4,7 (axis_sum=1.5)",3,0,0,300,wt,False,,560,,0,,,,,
866511,2025-12-04,20251204_56_06#7B,RANK_7B,"3=1-2,4,5 (axis_sum=1.7)",3,0,0,300,wt,False,,23560,,0,,,,,
866491,2025-12-04,20251204_61_02#7B,RANK_7B,"1=3-4,7,2 (axis_sum=1.7)",3,1,530,300,wt,False,,530,,0,,,,,
866528,2025-12-04,20251204_81_08#7B,RANK_7B,"3=1-4,5,7 (axis_sum=1.6)",3,0,0,300,wt,False,,350,,0,,,,,
866489,2025-12-05,20251205_23_12#7B,RANK_7B,"3=1-2,5,4 (axis_sum=1.6)",3,0,0,300,wt,False,,340,,0,,,,,
866481,2025-12-06,20251206_42_07#7B,RANK_7B,"1=2-4,5,7 (axis_sum=1.5)",3,1,670,300,wt,False,,670,,0,,,,,
866497,2025-12-06,20251206_73_01#7B,RANK_7B,"7=3-5,4,1 (axis_sum=1.3)",3,0,0,300,wt,False,,580,,0,,,,,
866584,2025-12-06,20251206_73_02#7B,RANK_7B,"5=7-3,2,4 (axis_sum=1.3)",3,0,0,300,wt,False,,3150,,0,,,,,
866590,2025-12-07,20251207_13_08#7B,RANK_7B,"1=5-3,2,4 (axis_sum=1.3)",3,0,0,300,wt,False,,520,,0,,,,,
866603,2025-12-07,20251207_36_07#7B,RANK_7B,"7=4-1,5,6 (axis_sum=1.6)",3,0,0,300,wt,False,,550,,0,,,,,
866483,2025-12-07,20251207_37_07#7B,RANK_7B,"2=1-4,5,6 (axis_sum=1.6)",3,0,0,300,wt,False,,180,,0,,,,,
866591,2025-12-07,20251207_47_03#7B,RANK_7B,"3=7-2,1,4 (axis_sum=1.5)",3,1,760,300,wt,False,,760,,0,,,,,
866570,2025-12-07,20251207_62_12#7B,RANK_7B,"5=3-7,1,6 (axis_sum=1.6)",3,0,0,300,wt,False,,3230,,0,,,,,
866516,2025-12-08,20251208_13_06#7B,RANK_7B,"5=3-1,7,6 (axis_sum=1.5)",3,1,640,300,wt,False,,640,,0,,,,,
866565,2025-12-08,20251208_13_08#7B,RANK_7B,"3=4-5,7,1 (axis_sum=1.2)",3,0,0,300,wt,False,,430,,0,,,,,
866536,2025-12-08,20251208_36_06#7B,RANK_7B,"4=1-7,5,2 (axis_sum=1.4)",3,0,0,300,wt,False,,480,,0,,,,,
866510,2025-12-08,20251208_36_07#7B,RANK_7B,"7=3-4,2,1 (axis_sum=1.7)",3,0,0,300,wt,False,,190,,0,,,,,
866559,2025-12-08,20251208_37_06#7B,RANK_7B,"5=1-2,3,6 (axis_sum=1.3)",3,1,1520,300,wt,False,,1520,,0,,,,,
866484,2025-12-08,20251208_42_02#7B,RANK_7B,"2=1-3,5,6 (axis_sum=1.4)",3,0,0,300,wt,False,,440,,0,,,,,
866588,2025-12-08,20251208_62_03#7B,RANK_7B,"7=3-5,2,4 (axis_sum=1.4)",3,0,0,300,wt,False,,520,,0,,,,,
866541,2025-12-08,20251208_62_11#7B,RANK_7B,"1=5-3,7,4 (axis_sum=1.6)",3,0,0,300,wt,False,,600,,0,,,,,
866595,2025-12-09,20251209_22_04#7B,RANK_7B,"7=6-2,5,3 (axis_sum=1.5)",3,0,0,300,wt,False,,720,,0,,,,,
866501,2025-12-09,20251209_23_04#7B,RANK_7B,"1=5-7,3,6 (axis_sum=1.6)",3,1,450,300,wt,False,,450,,0,,,,,
866480,2025-12-09,20251209_56_01#7B,RANK_7B,"3=1-2,7,6 (axis_sum=1.6)",3,0,0,300,wt,False,,820,,0,,,,,
866572,2025-12-10,20251210_23_05#7B,RANK_7B,"5=1-7,3,4 (axis_sum=1.5)",3,0,0,300,wt,False,,930,,0,,,,,
866493,2025-12-10,20251210_23_06#7B,RANK_7B,"1=7-4,5,6 (axis_sum=1.6)",3,1,270,300,wt,False,,270,,0,,,,,
866561,2025-12-10,20251210_31_09#7B,RANK_7B,"4=3-7,5,2 (axis_sum=1.4)",3,1,640,300,wt,False,,640,,0,,,,,
866593,2025-12-10,20251210_56_03#7B,RANK_7B,"2=3-4,5,6 (axis_sum=1.3)",3,0,0,300,wt,False,,330,,0,,,,,
866554,2025-12-10,20251210_74_01#7B,RANK_7B,"1=2-6,4,5 (axis_sum=1.2)",3,0,0,300,wt,False,,560,,0,,,,,
866488,2025-12-10,20251210_84_01#7B,RANK_7B,"7=4-1,2,3 (axis_sum=1.6)",3,1,200,300,wt,False,,200,,0,,,,,
866564,2025-12-10,20251210_84_02#7B,RANK_7B,"1=4-7,5,3 (axis_sum=1.3)",3,1,1260,300,wt,False,,1260,,0,,,,,
866470,2025-12-10,20251210_84_06#7B,RANK_7B,"1=5-4,6,3 (axis_sum=1.8)",3,0,0,300,wt,False,,160,,0,,,,,
866524,2025-12-11,20251211_44_06#7B,RANK_7B,"1=2-3,4,5 (axis_sum=1.6)",3,0,0,300,wt,False,,190,,0,,,,,
866589,2025-12-11,20251211_53_12#7B,RANK_7B,"1=2-5,7,3 (axis_sum=1.2)",3,0,0,300,wt,False,,4180,,0,,,,,
866586,2025-12-11,20251211_84_08#7B,RANK_7B,"5=7-3,4,1 (axis_sum=1.3)",3,0,0,300,wt,False,,1910,,0,,,,,
866602,2025-12-11,20251211_84_10#7B,RANK_7B,"3=2-5,7,1 (axis_sum=1.3)",3,0,0,300,wt,False,,4850,,0,,,,,
866582,2025-12-12,20251212_84_04#7B,RANK_7B,"1=7-3,4,6 (axis_sum=1.4)",3,0,0,300,wt,False,,220,,0,,,,,
866575,2025-12-13,20251213_48_09#7B,RANK_7B,"2=3-4,1,7 (axis_sum=1.3)",3,1,980,300,wt,False,,980,,0,,,,,
866471,2025-12-13,20251213_61_02#7B,RANK_7B,"1=2-4,5,6 (axis_sum=1.8)",3,0,0,300,wt,False,,240,,0,,,,,
866538,2025-12-13,20251213_81_08#7B,RANK_7B,"1=2-6,5,7 (axis_sum=1.5)",3,1,280,300,wt,False,,280,,0,,,,,
866509,2025-12-14,20251214_42_03#7B,RANK_7B,"2=4-7,3,5 (axis_sum=1.6)",3,0,0,300,wt,False,,30150,,0,,,,,
866469,2025-12-14,20251214_42_04#7B,RANK_7B,"1=4-2,5,3 (axis_sum=1.8)",3,0,0,300,wt,False,,110,,0,,,,,
866605,2025-12-14,20251214_48_01#7B,RANK_7B,"4=2-6,7,3 (axis_sum=1.3)",3,1,950,300,wt,False,,950,,0,,,,,
866504,2025-12-14,20251214_48_07#7B,RANK_7B,"5=1-7,3,2 (axis_sum=1.3)",3,0,0,300,wt,False,,1300,,0,,,,,
866490,2025-12-14,20251214_61_08#7B,RANK_7B,"1=2-4,6,5 (axis_sum=1.7)",3,1,270,300,wt,False,,270,,0,,,,,
866473,2025-12-14,20251214_81_02#7B,RANK_7B,"2=1-3,5,6 (axis_sum=1.6)",3,0,0,300,wt,False,,170,,0,,,,,
866571,2025-12-14,20251214_81_06#7B,RANK_7B,"1=2-3,6,5 (axis_sum=1.4)",3,0,0,300,wt,False,,2660,,0,,,,,
866599,2025-12-14,20251214_81_09#7B,RANK_7B,"3=1-4,6,5 (axis_sum=1.3)",3,1,830,300,wt,False,,830,,0,,,,,
866479,2025-12-15,20251215_44_03#7B,RANK_7B,"1=7-5,3,4 (axis_sum=1.6)",3,0,0,300,wt,False,,1350,,0,,,,,
866526,2025-12-15,20251215_44_09#7B,RANK_7B,"1=6-2,5,4 (axis_sum=1.4)",3,0,0,300,wt,False,,600,,0,,,,,
866529,2025-12-15,20251215_63_02#7B,RANK_7B,"7=4-1,3,5 (axis_sum=1.6)",3,1,280,300,wt,False,,280,,0,,,,,
866545,2025-12-15,20251215_86_02#7B,RANK_7B,"7=2-5,1,4 (axis_sum=1.6)",3,0,0,300,wt,False,,17220,,0,,,,,
866499,2025-12-15,20251215_86_03#7B,RANK_7B,"7=2-5,1,3 (axis_sum=1.7)",3,0,0,300,wt,False,,350,,0,,,,,
866515,2025-12-15,20251215_86_04#7B,RANK_7B,"3=5-1,7,4 (axis_sum=1.3)",3,0,0,300,wt,False,,26010,,0,,,,,
866531,2025-12-15,20251215_86_09#7B,RANK_7B,"5=1-4,7,2 (axis_sum=1.4)",3,0,0,300,wt,False,,350,,0,,,,,
866539,2025-12-15,20251215_86_10#7B,RANK_7B,"5=3-1,2,4 (axis_sum=1.6)",3,0,0,300,wt,False,,3770,,0,,,,,
866523,2025-12-15,20251215_86_11#7B,RANK_7B,"7=1-6,4,3 (axis_sum=1.6)",3,1,550,300,wt,False,,550,,0,,,,,
866560,2025-12-16,20251216_63_07#7B,RANK_7B,"5=7-4,3,2 (axis_sum=1.4)",3,0,0,300,wt,False,,4490,,0,,,,,
866550,2025-12-16,20251216_73_03#7B,RANK_7B,"2=1-5,4,6 (axis_sum=1.4)",3,0,0,300,wt,False,,250,,0,,,,,
866512,2025-12-17,20251217_25_04#7B,RANK_7B,"1=7-5,2,3 (axis_sum=1.8)",3,1,300,300,wt,False,,300,,0,,,,,
866485,2025-12-17,20251217_25_08#7B,RANK_7B,"4=1-5,7,3 (axis_sum=1.6)",3,0,0,300,wt,False,,1450,,0,,,,,
866562,2025-12-17,20251217_25_11#7B,RANK_7B,"1=4-2,7,3 (axis_sum=1.5)",3,0,0,300,wt,False,,130,,0,,,,,
866558,2025-12-17,20251217_44_08#7B,RANK_7B,"7=1-2,5,3 (axis_sum=1.6)",3,0,0,300,wt,False,,22170,,0,,,,,
866506,2025-12-17,20251217_47_01#7B,RANK_7B,"4=1-5,3,7 (axis_sum=1.4)",3,1,480,300,wt,False,,480,,0,,,,,
866513,2025-12-17,20251217_63_06#7B,RANK_7B,"5=3-2,7,4 (axis_sum=1.4)",3,0,0,300,wt,False,,750,,0,,,,,
866597,2025-12-17,20251217_63_07#7B,RANK_7B,"1=7-5,4,6 (axis_sum=1.1)",3,0,0,300,wt,False,,830,,0,,,,,
866555,2025-12-17,20251217_63_08#7B,RANK_7B,"1=5-4,7,2 (axis_sum=1.5)",3,0,0,300,wt,False,,3060,,0,,,,,
866567,2025-12-17,20251217_73_03#7B,RANK_7B,"1=2-5,6,3 (axis_sum=1.3)",3,0,0,300,wt,False,,710,,0,,,,,
866577,2025-12-17,20251217_86_12#7B,RANK_7B,"1=5-7,3,6 (axis_sum=1.3)",3,0,0,300,wt,False,,5430,,0,,,,,
866525,2025-12-18,20251218_23_05#7B,RANK_7B,"3=2-5,4,7 (axis_sum=1.7)",3,0,0,300,wt,False,,2750,,0,,,,,
866578,2025-12-18,20251218_47_09#7B,RANK_7B,"5=2-4,7,3 (axis_sum=1.4)",3,0,0,300,wt,False,,330,,0,,,,,
866468,2025-12-18,20251218_56_02#7B,RANK_7B,"1=2-4,5,7 (axis_sum=1.7)",3,0,0,300,wt,False,,16580,,0,,,,,
866542,2025-12-18,20251218_56_04#7B,RANK_7B,"1=3-4,5,6 (axis_sum=1.3)",3,0,0,300,wt,False,,270,,0,,,,,
866522,2025-12-19,20251219_23_04#7B,RANK_7B,"3=4-7,5,6 (axis_sum=1.5)",3,1,2210,300,wt,False,,2210,,0,,,,,
866517,2025-12-19,20251219_23_06#7B,RANK_7B,"4=2-3,1,6 (axis_sum=1.7)",3,0,0,300,wt,False,,180,,0,,,,,
866475,2025-12-19,20251219_36_06#7B,RANK_7B,"6=1-2,5,3 (axis_sum=1.8)",3,1,960,300,wt,False,,960,,0,,,,,
866556,2025-12-20,20251220_22_07#7B,RANK_7B,"2=1-4,6,5 (axis_sum=1.4)",3,0,0,300,wt,False,,13580,,0,,,,,
866498,2025-12-20,20251220_55_09#7B,RANK_7B,"3=7-2,1,4 (axis_sum=1.5)",3,1,520,300,wt,False,,520,,0,,,,,
866508,2025-12-21,20251221_31_04#7B,RANK_7B,"1=2-4,3,6 (axis_sum=1.5)",3,0,0,300,wt,False,,710,,0,,,,,
866609,2025-12-21,20251221_84_09#7B,RANK_7B,"1=5-2,7,6 (axis_sum=1.4)",3,0,0,300,wt,False,,9670,,0,,,,,
866583,2025-12-22,20251222_31_06#7B,RANK_7B,"1=5-2,4,6 (axis_sum=1.3)",3,1,700,300,wt,False,,700,,0,,,,,
866557,2025-12-22,20251222_31_07#7B,RANK_7B,"1=2-4,3,6 (axis_sum=1.4)",3,1,380,300,wt,False,,380,,0,,,,,
866540,2025-12-22,20251222_48_01#7B,RANK_7B,"2=4-3,7,1 (axis_sum=1.5)",3,0,0,300,wt,False,,8780,,0,,,,,
866486,2025-12-22,20251222_48_03#7B,RANK_7B,"2=1-4,6,3 (axis_sum=1.5)",3,0,0,300,wt,False,,630,,0,,,,,
866514,2025-12-22,20251222_48_10#7B,RANK_7B,"7=1-4,2,3 (axis_sum=1.5)",3,1,1150,300,wt,False,,1150,,0,,,,,
866563,2025-12-23,20251223_31_04#7B,RANK_7B,"2=3-1,5,6 (axis_sum=1.3)",3,0,0,300,wt,False,,1060,,0,,,,,
866594,2025-12-23,20251223_84_09#7B,RANK_7B,"2=1-4,5,3 (axis_sum=1.5)",3,0,0,300,wt,False,,1220,,0,,,,,
866530,2025-12-24,20251224_73_04#7B,RANK_7B,"1=2-5,6,4 (axis_sum=1.5)",3,0,0,300,wt,False,,260,,0,,,,,
866521,2025-12-24,20251224_83_10#7B,RANK_7B,"2=4-5,3,7 (axis_sum=1.7)",3,0,0,300,wt,False,,160,,0,,,,,
866547,2025-12-24,20251224_86_04#7B,RANK_7B,"2=7-3,1,4 (axis_sum=1.4)",3,0,0,300,wt,False,,6800,,0,,,,,
866544,2025-12-25,20251225_23_09#7B,RANK_7B,"1=7-5,2,6 (axis_sum=1.4)",3,0,0,300,wt,False,,330,,0,,,,,
866553,2025-12-25,20251225_36_12#7B,RANK_7B,"7=4-6,3,5 (axis_sum=1.6)",3,0,0,300,wt,False,,250,,0,,,,,
866495,2025-12-25,20251225_53_11#7B,RANK_7B,"5=1-2,3,6 (axis_sum=1.6)",3,1,290,300,wt,False,,290,,0,,,,,
866535,2025-12-25,20251225_81_01#7B,RANK_7B,"3=4-1,5,6 (axis_sum=1.4)",3,0,0,300,wt,False,,550,,0,,,,,
866579,2025-12-26,20251226_23_06#7B,RANK_7B,"1=5-2,4,7 (axis_sum=1.2)",3,0,0,300,wt,False,,1710,,0,,,,,
866518,2025-12-26,20251226_23_09#7B,RANK_7B,"3=2-7,1,5 (axis_sum=1.8)",3,1,670,300,wt,False,,670,,0,,,,,
866492,2025-12-26,20251226_23_11#7B,RANK_7B,"7=2-6,1,4 (axis_sum=1.7)",3,0,0,300,wt,False,,170,,0,,,,,
866585,2025-12-26,20251226_36_02#7B,RANK_7B,"3=7-5,2,4 (axis_sum=1.3)",3,0,0,300,wt,False,,300,,0,,,,,
866587,2025-12-26,20251226_63_04#7B,RANK_7B,"5=2-7,4,3 (axis_sum=1.4)",3,0,0,300,wt,False,,390,,0,,,,,
866607,2025-12-26,20251226_63_12#7B,RANK_7B,"3=2-5,1,4 (axis_sum=1.1)",3,0,0,300,wt,False,,1520,,0,,,,,
866494,2025-12-26,20251226_73_03#7B,RANK_7B,"1=2-3,5,7 (axis_sum=1.6)",3,1,370,300,wt,False,,370,,0,,,,,
866537,2025-12-27,20251227_22_03#7B,RANK_7B,"1=2-4,6,5 (axis_sum=1.5)",3,0,0,300,wt,False,,560,,0,,,,,
866476,2025-12-27,20251227_43_01#7B,RANK_7B,"4=2-3,1,5 (axis_sum=1.8)",3,0,0,300,wt,False,,1610,,0,,,,,
866549,2025-12-27,20251227_47_05#7B,RANK_7B,"1=2-4,6,5 (axis_sum=1.6)",3,0,0,300,wt,False,,740,,0,,,,,
866574,2025-12-27,20251227_53_05#7B,RANK_7B,"3=4-5,2,7 (axis_sum=1.2)",3,0,0,300,wt,False,,500,,0,,,,,
866608,2025-12-27,20251227_53_07#7B,RANK_7B,"7=2-4,1,3 (axis_sum=1.2)",3,0,0,300,wt,False,,5620,,0,,,,,
866600,2025-12-27,20251227_53_09#7B,RANK_7B,"7=1-2,3,4 (axis_sum=1.2)",3,0,0,300,wt,False,,1490,,0,,,,,
866592,2025-12-27,20251227_53_12#7B,RANK_7B,"7=1-4,6,2 (axis_sum=1.4)",3,0,0,300,wt,False,,760,,0,,,,,
866502,2025-12-28,20251228_43_07#7B,RANK_7B,"7=1-2,4,5 (axis_sum=1.3)",3,0,0,300,wt,False,,3280,,0,,,,,
866532,2025-12-28,20251228_84_06#7B,RANK_7B,"4=7-2,1,6 (axis_sum=1.6)",3,0,0,300,wt,False,,1980,,0,,,,,
866503,2025-12-29,20251229_43_09#7B,RANK_7B,"1=4-2,5,3 (axis_sum=1.6)",3,0,0,300,wt,False,,640,,0,,,,,
866520,2025-12-29,20251229_47_02#7B,RANK_7B,"1=2-6,4,5 (axis_sum=1.2)",3,0,0,300,wt,False,,690,,0,,,,,
866569,2025-12-29,20251229_47_03#7B,RANK_7B,"2=1-4,3,6 (axis_sum=1.5)",3,0,0,300,wt,False,,3990,,0,,,,,
866507,2025-12-29,20251229_47_08#7B,RANK_7B,"3=1-4,5,6 (axis_sum=1.8)",3,0,0,300,wt,False,,470,,0,,,,,
866472,2025-12-30,20251230_28_02#7B,RANK_7B,"1=7-5,4,2 (axis_sum=1.7)",3,0,0,300,wt,False,,3980,,0,,,,,
866505,2025-12-30,20251230_28_08#7B,RANK_7B,"2=3-4,6,5 (axis_sum=1.7)",3,0,0,300,wt,False,,1680,,0,,,,,
866576,2025-12-30,20251230_61_06#7B,RANK_7B,"1=7-5,3,4 (axis_sum=1.3)",3,0,0,300,wt,False,,3770,,0,,,,,
866527,2025-12-30,20251230_83_04#7B,RANK_7B,"1=2-4,6,5 (axis_sum=1.2)",3,0,0,300,wt,False,,8180,,0,,,,,
866551,2025-12-30,20251230_83_05#7B,RANK_7B,"2=1-5,6,4 (axis_sum=1.5)",3,0,0,300,wt,False,,270,,0,,,,,
866543,2025-12-31,20251231_27_01#7B,RANK_7B,"1=3-2,6,4 (axis_sum=1.2)",3,1,700,300,wt,False,,700,,0,,,,,
866500,2025-12-31,20251231_27_03#7B,RANK_7B,"1=2-4,3,6 (axis_sum=1.9)",3,0,0,300,wt,False,,130,,0,,,,,
866601,2025-12-31,20251231_27_05#7B,RANK_7B,"1=4-7,2,5 (axis_sum=1.1)",3,0,0,300,wt,False,,4540,,0,,,,,
866478,2025-12-31,20251231_47_09#7B,RANK_7B,"5=3-4,1,2 (axis_sum=1.7)",3,1,940,300,wt,False,,940,,0,,,,,
866566,2025-12-31,20251231_81_03#7B,RANK_7B,"4=3-2,1,5 (axis_sum=1.6)",3,1,1500,300,wt,False,,1500,,0,,,,,
866552,2025-12-31,20251231_83_07#7B,RANK_7B,"3=1-4,6,7 (axis_sum=1.5)",3,0,0,300,wt,False,,200,,0,,,,,
866477,2025-12-31,20251231_83_08#7B,RANK_7B,"2=1-4,5,7 (axis_sum=1.7)",3,1,3900,300,wt,False,,3900,,0,,,,,
866640,2026-01-01,20260101_24_02#7B,RANK_7B,"2=5-1,7,3 (axis_sum=1.5)",3,1,390,300,wt,False,,390,,0,,,,,
866704,2026-01-01,20260101_24_09#7B,RANK_7B,"1=5-2,4,3 (axis_sum=1.6)",3,0,0,300,wt,False,,3660,,0,,,,,
866754,2026-01-01,20260101_24_12#7B,RANK_7B,"7=2-3,5,4 (axis_sum=1.3)",3,0,0,300,wt,False,,13690,,0,,,,,
866637,2026-01-01,20260101_27_08#7B,RANK_7B,"2=4-3,5,6 (axis_sum=1.7)",3,0,0,300,wt,False,,470,,0,,,,,
866636,2026-01-01,20260101_38_03#7B,RANK_7B,"1=3-5,7,6 (axis_sum=1.5)",3,1,290,300,wt,False,,290,,0,,,,,
866671,2026-01-01,20260101_47_09#7B,RANK_7B,"1=6-4,7,5 (axis_sum=1.6)",3,0,0,300,wt,False,,44410,,0,,,,,
866707,2026-01-01,20260101_56_05#7B,RANK_7B,"7=5-1,4,6 (axis_sum=1.4)",3,0,0,300,wt,False,,1140,,0,,,,,
866644,2026-01-01,20260101_62_06#7B,RANK_7B,"1=5-7,3,6 (axis_sum=1.5)",3,0,0,300,wt,False,,310,,0,,,,,
866645,2026-01-01,20260101_81_04#7B,RANK_7B,"1=4-3,5,6 (axis_sum=1.5)",3,0,0,300,wt,False,,980,,0,,,,,
866616,2026-01-01,20260101_83_02#7B,RANK_7B,"2=1-3,5,6 (axis_sum=1.4)",3,0,0,300,wt,False,,490,,0,,,,,
866641,2026-01-02,20260102_24_03#7B,RANK_7B,"1=2-7,4,3 (axis_sum=1.4)",3,0,0,300,wt,False,,33260,,0,,,,,
866772,2026-01-02,20260102_24_05#7B,RANK_7B,"4=2-5,6,7 (axis_sum=1.2)",3,0,0,300,wt,False,,2770,,0,,,,,
866625,2026-01-02,20260102_45_04#7B,RANK_7B,"1=5-4,7,3 (axis_sum=1.7)",3,0,0,300,wt,False,,120,,0,,,,,
866670,2026-01-03,20260103_13_01#7B,RANK_7B,"4=3-7,1,5 (axis_sum=1.4)",3,1,310,300,wt,False,,310,,0,,,,,
866680,2026-01-03,20260103_13_09#7B,RANK_7B,"1=5-3,4,2 (axis_sum=1.4)",3,0,0,300,wt,False,,1020,,0,,,,,
866771,2026-01-03,20260103_13_10#7B,RANK_7B,"5=2-3,4,1 (axis_sum=1.3)",3,0,0,300,wt,False,,2110,,0,,,,,
866757,2026-01-03,20260103_13_12#7B,RANK_7B,"7=3-6,2,1 (axis_sum=1.3)",3,0,0,300,wt,False,,3320,,0,,,,,
866755,2026-01-03,20260103_24_02#7B,RANK_7B,"3=2-1,7,5 (axis_sum=1.3)",3,0,0,300,wt,False,,340,,0,,,,,
866684,2026-01-03,20260103_24_04#7B,RANK_7B,"5=1-7,4,2 (axis_sum=1.4)",3,1,510,300,wt,False,,510,,0,,,,,
866693,2026-01-03,20260103_36_04#7B,RANK_7B,"5=1-3,2,7 (axis_sum=1.3)",3,0,0,300,wt,False,,260,,0,,,,,
866705,2026-01-03,20260103_74_04#7B,RANK_7B,"4=3-2,6,7 (axis_sum=1.2)",3,0,0,300,wt,False,,1430,,0,,,,,
866761,2026-01-04,20260104_13_10#7B,RANK_7B,"2=4-3,5,1 (axis_sum=1.4)",3,1,1520,300,wt,False,,1520,,0,,,,,
866678,2026-01-04,20260104_13_11#7B,RANK_7B,"7=1-2,4,6 (axis_sum=1.6)",3,0,0,300,wt,False,,430,,0,,,,,
866756,2026-01-04,20260104_45_06#7B,RANK_7B,"7=4-2,5,1 (axis_sum=1.4)",3,0,0,300,wt,False,,270,,0,,,,,
866730,2026-01-04,20260104_45_09#7B,RANK_7B,"3=2-5,1,7 (axis_sum=1.3)",3,1,840,300,wt,False,,840,,0,,,,,
866610,2026-01-04,20260104_61_05#7B,RANK_7B,"7=5-1,2,6 (axis_sum=1.7)",3,1,560,300,wt,False,,560,,0,,,,,
866688,2026-01-04,20260104_61_07#7B,RANK_7B,"4=1-2,3,7 (axis_sum=1.5)",3,0,0,300,wt,False,,870,,0,,,,,
866612,2026-01-04,20260104_74_06#7B,RANK_7B,"2=1-3,5,7 (axis_sum=1.7)",3,0,0,300,wt,False,,3350,,0,,,,,
866692,2026-01-04,20260104_86_06#7B,RANK_7B,"1=7-4,3,2 (axis_sum=1.5)",3,0,0,300,wt,False,,2900,,0,,,,,
866763,2026-01-04,20260104_86_07#7B,RANK_7B,"1=3-2,4,6 (axis_sum=1.2)",3,0,0,300,wt,False,,3000,,0,,,,,
866701,2026-01-05,20260105_13_03#7B,RANK_7B,"1=4-2,3,6 (axis_sum=1.4)",3,0,0,300,wt,False,,4550,,0,,,,,
866690,2026-01-05,20260105_44_03#7B,RANK_7B,"1=5-3,7,4 (axis_sum=1.4)",3,0,0,300,wt,False,,15260,,0,,,,,
866618,2026-01-05,20260105_61_06#7B,RANK_7B,"7=1-4,5,3 (axis_sum=1.6)",3,0,0,300,wt,False,,39960,,0,,,,,
866727,2026-01-05,20260105_73_07#7B,RANK_7B,"5=1-2,7,6 (axis_sum=1.3)",3,0,0,300,wt,False,,410,,0,,,,,
866655,2026-01-05,20260105_86_04#7B,RANK_7B,"7=3-4,1,2 (axis_sum=1.6)",3,1,600,300,wt,False,,600,,0,,,,,
866717,2026-01-06,20260106_37_03#7B,RANK_7B,"5=4-6,2,1 (axis_sum=1.1)",3,0,0,300,wt,False,,260,,0,,,,,
866650,2026-01-06,20260106_44_05#7B,RANK_7B,"4=1-2,5,6 (axis_sum=1.7)",3,0,0,300,wt,False,,170,,0,,,,,
866624,2026-01-07,20260107_43_02#7B,RANK_7B,"1=5-4,3,6 (axis_sum=1.5)",3,0,0,300,wt,False,,1670,,0,,,,,
866694,2026-01-07,20260107_44_05#7B,RANK_7B,"1=7-3,5,2 (axis_sum=1.4)",3,0,0,300,wt,False,,3150,,0,,,,,
866657,2026-01-07,20260107_47_05#7B,RANK_7B,"1=3-4,2,6 (axis_sum=1.3)",3,0,0,300,wt,False,,240,,0,,,,,
866737,2026-01-07,20260107_47_07#7B,RANK_7B,"3=7-1,5,4 (axis_sum=1.4)",3,0,0,300,wt,False,,1070,,0,,,,,
866765,2026-01-07,20260107_83_03#7B,RANK_7B,"5=3-4,6,7 (axis_sum=1.2)",3,0,0,300,wt,False,,4980,,0,,,,,
866746,2026-01-08,20260108_35_03#7B,RANK_7B,"3=4-5,2,6 (axis_sum=1.2)",3,0,0,300,wt,False,,1550,,0,,,,,
866633,2026-01-08,20260108_35_11#7B,RANK_7B,"1=7-3,5,2 (axis_sum=1.7)",3,1,900,300,wt,False,,900,,0,,,,,
866774,2026-01-08,20260108_35_12#7B,RANK_7B,"7=3-5,2,4 (axis_sum=1.2)",3,0,0,300,wt,False,,580,,0,,,,,
866723,2026-01-08,20260108_43_03#7B,RANK_7B,"4=7-3,5,1 (axis_sum=1.3)",3,1,1120,300,wt,False,,1120,,0,,,,,
866683,2026-01-08,20260108_43_11#7B,RANK_7B,"7=1-4,5,3 (axis_sum=1.4)",3,0,0,300,wt,False,,540,,0,,,,,
866726,2026-01-08,20260108_62_02#7B,RANK_7B,"5=6-2,7,1 (axis_sum=1.3)",3,0,0,300,wt,False,,780,,0,,,,,
866722,2026-01-08,20260108_83_04#7B,RANK_7B,"7=4-2,5,3 (axis_sum=1.3)",3,0,0,300,wt,False,,1160,,0,,,,,
866728,2026-01-09,20260109_26_07#7B,RANK_7B,"2=4-5,3,6 (axis_sum=1.2)",3,1,1380,300,wt,False,,1380,,0,,,,,
866627,2026-01-09,20260109_27_09#7B,RANK_7B,"5=3-2,4,7 (axis_sum=1.5)",3,1,610,300,wt,False,,610,,0,,,,,
866672,2026-01-09,20260109_35_05#7B,RANK_7B,"1=2-5,3,6 (axis_sum=1.5)",3,1,300,300,wt,False,,300,,0,,,,,
866700,2026-01-09,20260109_43_02#7B,RANK_7B,"4=1-7,3,2 (axis_sum=1.3)",3,0,0,300,wt,False,,420,,0,,,,,
866734,2026-01-09,20260109_62_03#7B,RANK_7B,"1=4-5,7,3 (axis_sum=1.3)",3,0,0,300,wt,False,,480,,0,,,,,
866775,2026-01-10,20260110_35_02#7B,RANK_7B,"7=6-5,4,2 (axis_sum=1.2)",3,0,0,300,wt,False,,420,,0,,,,,
866628,2026-01-10,20260110_61_02#7B,RANK_7B,"4=7-1,3,5 (axis_sum=1.6)",3,0,0,300,wt,False,,310,,0,,,,,
866676,2026-01-11,20260111_27_03#7B,RANK_7B,"5=4-1,7,6 (axis_sum=1.4)",3,0,0,300,wt,False,,790,,0,,,,,
866649,2026-01-11,20260111_31_09#7B,RANK_7B,"2=1-3,6,7 (axis_sum=1.4)",3,0,0,300,wt,False,,540,,0,,,,,
866735,2026-01-11,20260111_61_05#7B,RANK_7B,"3=5-6,1,4 (axis_sum=1.3)",3,0,0,300,wt,False,,1230,,0,,,,,
866653,2026-01-11,20260111_73_06#7B,RANK_7B,"2=1-4,3,7 (axis_sum=1.6)",3,0,0,300,wt,False,,450,,0,,,,,
866629,2026-01-11,20260111_73_08#7B,RANK_7B,"1=2-3,7,5 (axis_sum=1.6)",3,0,0,300,wt,False,,160,,0,,,,,
866667,2026-01-12,20260112_43_03#7B,RANK_7B,"5=3-7,1,4 (axis_sum=1.6)",3,0,0,300,wt,False,,160,,0,,,,,
866753,2026-01-13,20260113_23_02#7B,RANK_7B,"7=1-4,3,5 (axis_sum=1.3)",3,0,0,300,wt,False,,840,,0,,,,,
866675,2026-01-13,20260113_23_12#7B,RANK_7B,"1=7-2,5,4 (axis_sum=1.5)",3,0,0,300,wt,False,,1530,,0,,,,,
866620,2026-01-13,20260113_31_08#7B,RANK_7B,"1=2-4,5,6 (axis_sum=1.7)",3,0,0,300,wt,False,,1420,,0,,,,,
866677,2026-01-13,20260113_43_08#7B,RANK_7B,"7=1-2,5,6 (axis_sum=1.5)",3,0,0,300,wt,False,,1130,,0,,,,,
866660,2026-01-13,20260113_56_07#7B,RANK_7B,"2=1-4,7,3 (axis_sum=1.6)",3,0,0,300,wt,False,,2160,,0,,,,,
866669,2026-01-13,20260113_73_04#7B,RANK_7B,"2=7-3,4,5 (axis_sum=1.4)",3,1,260,300,wt,False,,260,,0,,,,,
866739,2026-01-14,20260114_23_02#7B,RANK_7B,"3=7-5,1,4 (axis_sum=1.1)",3,0,0,300,wt,False,,6150,,0,,,,,
866741,2026-01-14,20260114_35_09#7B,RANK_7B,"1=4-2,6,3 (axis_sum=1.2)",3,0,0,300,wt,False,,2050,,0,,,,,
866715,2026-01-14,20260114_56_08#7B,RANK_7B,"7=1-4,6,2 (axis_sum=1.3)",3,0,0,300,wt,False,,950,,0,,,,,
866654,2026-01-15,20260115_53_02#7B,RANK_7B,"1=2-4,5,6 (axis_sum=1.4)",3,0,0,300,wt,False,,1520,,0,,,,,
866623,2026-01-15,20260115_61_02#7B,RANK_7B,"1=5-2,4,3 (axis_sum=1.7)",3,0,0,300,wt,False,,2890,,0,,,,,
866778,2026-01-15,20260115_81_08#7B,RANK_7B,"3=1-7,4,2 (axis_sum=1.1)",3,0,0,300,wt,False,,250,,0,,,,,
866630,2026-01-16,20260116_35_08#7B,RANK_7B,"1=2-4,5,6 (axis_sum=1.8)",3,0,0,300,wt,False,,6850,,0,,,,,
866751,2026-01-16,20260116_44_08#7B,RANK_7B,"1=7-3,4,5 (axis_sum=1.3)",3,0,0,300,wt,False,,1280,,0,,,,,
866686,2026-01-16,20260116_61_06#7B,RANK_7B,"2=7-5,4,3 (axis_sum=1.4)",3,1,2550,300,wt,False,,2550,,0,,,,,
866695,2026-01-16,20260116_86_03#7B,RANK_7B,"3=7-4,1,5 (axis_sum=1.3)",3,0,0,300,wt,False,,220,,0,,,,,
866666,2026-01-16,20260116_86_06#7B,RANK_7B,"3=2-4,1,6 (axis_sum=1.5)",3,1,640,300,wt,False,,640,,0,,,,,
866747,2026-01-17,20260117_44_08#7B,RANK_7B,"3=7-5,2,4 (axis_sum=1.2)",3,0,0,300,wt,False,,1580,,0,,,,,
866652,2026-01-17,20260117_45_03#7B,RANK_7B,"1=4-2,3,6 (axis_sum=1.5)",3,0,0,300,wt,False,,7430,,0,,,,,
866634,2026-01-17,20260117_45_04#7B,RANK_7B,"5=1-2,4,7 (axis_sum=1.7)",3,0,0,300,wt,False,,910,,0,,,,,
866647,2026-01-17,20260117_61_04#7B,RANK_7B,"5=7-1,4,2 (axis_sum=1.5)",3,0,0,300,wt,False,,2440,,0,,,,,
866619,2026-01-17,20260117_63_04#7B,RANK_7B,"3=7-1,6,2 (axis_sum=1.6)",3,1,1030,300,wt,False,,1030,,0,,,,,
866658,2026-01-17,20260117_63_06#7B,RANK_7B,"3=5-1,4,2 (axis_sum=1.6)",3,1,2050,300,wt,False,,2050,,0,,,,,
866691,2026-01-17,20260117_74_05#7B,RANK_7B,"2=1-5,4,6 (axis_sum=1.4)",3,0,0,300,wt,False,,2840,,0,,,,,
866699,2026-01-18,20260118_45_04#7B,RANK_7B,"2=3-7,4,5 (axis_sum=1.6)",3,1,400,300,wt,False,,400,,0,,,,,
866718,2026-01-18,20260118_45_07#7B,RANK_7B,"1=3-4,6,5 (axis_sum=1.2)",3,0,0,300,wt,False,,1590,,0,,,,,
866712,2026-01-19,20260119_22_02#7B,RANK_7B,"5=7-2,4,3 (axis_sum=1.3)",3,1,1530,300,wt,False,,1530,,0,,,,,
866615,2026-01-19,20260119_28_03#7B,RANK_7B,"7=1-5,3,2 (axis_sum=1.6)",3,0,0,300,wt,False,,13710,,0,,,,,
866769,2026-01-19,20260119_28_12#7B,RANK_7B,"4=1-7,5,6 (axis_sum=1.3)",3,0,0,300,wt,False,,1270,,0,,,,,
866762,2026-01-19,20260119_45_07#7B,RANK_7B,"1=2-7,5,4 (axis_sum=1.3)",3,1,420,300,wt,False,,420,,0,,,,,
866768,2026-01-19,20260119_84_04#7B,RANK_7B,"2=1-5,4,6 (axis_sum=1.2)",3,0,0,300,wt,False,,980,,0,,,,,
866687,2026-01-19,20260119_84_10#7B,RANK_7B,"4=7-2,3,5 (axis_sum=1.4)",3,0,0,300,wt,False,,250,,0,,,,,
866729,2026-01-20,20260120_22_09#7B,RANK_7B,"2=7-6,1,5 (axis_sum=1.3)",3,1,580,300,wt,False,,580,,0,,,,,
866773,2026-01-20,20260120_28_01#7B,RANK_7B,"3=2-4,1,5 (axis_sum=1.1)",3,0,0,300,wt,False,,450,,0,,,,,
866744,2026-01-20,20260120_28_09#7B,RANK_7B,"4=2-7,1,3 (axis_sum=1.4)",3,0,0,300,wt,False,,1840,,0,,,,,
866724,2026-01-20,20260120_73_05#7B,RANK_7B,"7=2-4,3,1 (axis_sum=1.5)",3,0,0,300,wt,False,,3200,,0,,,,,
866642,2026-01-20,20260120_73_06#7B,RANK_7B,"1=5-6,4,2 (axis_sum=1.6)",3,0,0,300,wt,False,,29460,,0,,,,,
866714,2026-01-20,20260120_84_11#7B,RANK_7B,"5=4-1,2,7 (axis_sum=1.4)",3,1,550,300,wt,False,,550,,0,,,,,
866759,2026-01-20,20260120_86_09#7B,RANK_7B,"1=3-5,2,6 (axis_sum=1.2)",3,0,0,300,wt,False,,2050,,0,,,,,
866679,2026-01-21,20260121_22_06#7B,RANK_7B,"4=1-2,5,6 (axis_sum=1.5)",3,0,0,300,wt,False,,230,,0,,,,,
866696,2026-01-21,20260121_28_03#7B,RANK_7B,"1=7-4,2,5 (axis_sum=1.4)",3,0,0,300,wt,False,,1460,,0,,,,,
866750,2026-01-21,20260121_28_08#7B,RANK_7B,"7=5-4,1,3 (axis_sum=1.3)",3,0,0,300,wt,False,,1760,,0,,,,,
866733,2026-01-21,20260121_28_10#7B,RANK_7B,"5=1-3,7,4 (axis_sum=1.3)",3,0,0,300,wt,False,,2030,,0,,,,,
866752,2026-01-21,20260121_31_01#7B,RANK_7B,"3=5-4,1,2 (axis_sum=1.4)",3,0,0,300,wt,False,,2150,,0,,,,,
866648,2026-01-21,20260121_31_04#7B,RANK_7B,"4=1-2,7,6 (axis_sum=1.6)",3,1,430,300,wt,False,,430,,0,,,,,
866721,2026-01-21,20260121_31_09#7B,RANK_7B,"7=4-5,1,6 (axis_sum=1.4)",3,0,0,300,wt,False,,5570,,0,,,,,
866659,2026-01-21,20260121_56_06#7B,RANK_7B,"3=2-1,4,7 (axis_sum=1.4)",3,1,340,300,wt,False,,340,,0,,,,,
866748,2026-01-21,20260121_56_07#7B,RANK_7B,"1=3-2,5,7 (axis_sum=1.2)",3,1,450,300,wt,False,,450,,0,,,,,
866668,2026-01-21,20260121_56_08#7B,RANK_7B,"1=6-2,4,5 (axis_sum=1.4)",3,0,0,300,wt,False,,3120,,0,,,,,
866764,2026-01-21,20260121_62_05#7B,RANK_7B,"3=4-2,7,5 (axis_sum=1.2)",3,0,0,300,wt,False,,1520,,0,,,,,
866685,2026-01-21,20260121_62_08#7B,RANK_7B,"1=5-2,7,4 (axis_sum=1.5)",3,0,0,300,wt,False,,170,,0,,,,,
866770,2026-01-21,20260121_62_12#7B,RANK_7B,"5=2-1,3,7 (axis_sum=1.2)",3,0,0,300,wt,False,,2360,,0,,,,,
866639,2026-01-21,20260121_86_05#7B,RANK_7B,"5=3-2,1,4 (axis_sum=1.5)",3,0,0,300,wt,False,,3040,,0,,,,,
866742,2026-01-22,20260122_31_02#7B,RANK_7B,"2=1-7,5,4 (axis_sum=1.2)",3,0,0,300,wt,False,,3030,,0,,,,,
866713,2026-01-22,20260122_31_03#7B,RANK_7B,"4=5-3,6,7 (axis_sum=1.5)",3,0,0,300,wt,False,,1530,,0,,,,,
866681,2026-01-22,20260122_73_06#7B,RANK_7B,"1=4-7,5,3 (axis_sum=1.4)",3,1,1170,300,wt,False,,1170,,0,,,,,
866635,2026-01-22,20260122_86_02#7B,RANK_7B,"3=1-4,5,7 (axis_sum=1.5)",3,0,0,300,wt,False,,340,,0,,,,,
866745,2026-01-22,20260122_86_04#7B,RANK_7B,"1=5-3,6,7 (axis_sum=1.1)",3,0,0,300,wt,False,,1970,,0,,,,,
866689,2026-01-22,20260122_86_07#7B,RANK_7B,"3=1-5,7,4 (axis_sum=1.5)",3,0,0,300,wt,False,,2750,,0,,,,,
866776,2026-01-22,20260122_86_09#7B,RANK_7B,"7=6-5,4,2 (axis_sum=1.4)",3,0,0,300,wt,False,,4400,,0,,,,,
866613,2026-01-23,20260123_31_06#7B,RANK_7B,"5=3-2,6,1 (axis_sum=1.6)",3,1,590,300,wt,False,,590,,0,,,,,
866720,2026-01-23,20260123_62_08#7B,RANK_7B,"7=1-3,4,5 (axis_sum=1.5)",3,0,0,300,wt,False,,6920,,0,,,,,
866760,2026-01-23,20260123_62_12#7B,RANK_7B,"5=3-1,4,7 (axis_sum=1.3)",3,0,0,300,wt,False,,1690,,0,,,,,
866716,2026-01-24,20260124_27_06#7B,RANK_7B,"2=3-1,7,5 (axis_sum=1.4)",3,0,0,300,wt,False,,1690,,0,,,,,
866710,2026-01-24,20260124_45_04#7B,RANK_7B,"2=3-5,4,7 (axis_sum=1.3)",3,1,1220,300,wt,False,,1220,,0,,,,,
866626,2026-01-24,20260124_45_06#7B,RANK_7B,"2=1-5,3,7 (axis_sum=1.8)",3,0,0,300,wt,False,,190,,0,,,,,
866767,2026-01-24,20260124_48_08#7B,RANK_7B,"1=5-2,7,3 (axis_sum=1.4)",3,0,0,300,wt,False,,390,,0,,,,,
866611,2026-01-24,20260124_61_10#7B,RANK_7B,"6=5-7,1,3 (axis_sum=1.7)",3,1,780,300,wt,False,,780,,0,,,,,
866708,2026-01-24,20260124_83_02#7B,RANK_7B,"1=2-4,6,5 (axis_sum=1.2)",3,0,0,300,wt,False,,490,,0,,,,,
866617,2026-01-25,20260125_36_01#7B,RANK_7B,"1=5-3,2,6 (axis_sum=1.6)",3,1,250,300,wt,False,,250,,0,,,,,
866674,2026-01-25,20260125_36_08#7B,RANK_7B,"5=4-7,3,2 (axis_sum=1.6)",3,0,0,300,wt,False,,250,,0,,,,,
866614,2026-01-25,20260125_36_11#7B,RANK_7B,"7=5-1,3,4 (axis_sum=1.6)",3,0,0,300,wt,False,,150,,0,,,,,
866662,2026-01-25,20260125_37_07#7B,RANK_7B,"1=3-2,7,5 (axis_sum=1.5)",3,0,0,300,wt,False,,1030,,0,,,,,
866736,2026-01-25,20260125_48_01#7B,RANK_7B,"5=1-3,2,4 (axis_sum=1.4)",3,0,0,300,wt,False,,14020,,0,,,,,
866740,2026-01-25,20260125_48_07#7B,RANK_7B,"1=7-4,3,6 (axis_sum=1.4)",3,0,0,300,wt,False,,1620,,0,,,,,
866709,2026-01-25,20260125_48_10#7B,RANK_7B,"1=7-4,5,6 (axis_sum=1.5)",3,0,0,300,wt,False,,4080,,0,,,,,
866651,2026-01-26,20260126_23_07#7B,RANK_7B,"5=1-2,7,3 (axis_sum=1.6)",3,0,0,300,wt,False,,4540,,0,,,,,
866766,2026-01-26,20260126_36_04#7B,RANK_7B,"2=3-7,5,4 (axis_sum=1.1)",3,0,0,300,wt,False,,4600,,0,,,,,
866702,2026-01-26,20260126_37_10#7B,RANK_7B,"1=7-5,4,3 (axis_sum=1.4)",3,0,0,300,wt,False,,280,,0,,,,,
866697,2026-01-26,20260126_48_07#7B,RANK_7B,"3=7-5,1,4 (axis_sum=1.5)",3,0,0,300,wt,False,,5880,,0,,,,,
866777,2026-01-26,20260126_48_11#7B,RANK_7B,"1=4-5,7,6 (axis_sum=1.3)",3,1,2730,300,wt,False,,2730,,0,,,,,
866622,2026-01-26,20260126_74_04#7B,RANK_7B,"1=2-4,5,6 (axis_sum=1.6)",3,1,720,300,wt,False,,720,,0,,,,,
866673,2026-01-27,20260127_23_01#7B,RANK_7B,"2=7-4,5,3 (axis_sum=1.2)",3,1,280,300,wt,False,,280,,0,,,,,
866632,2026-01-27,20260127_23_11#7B,RANK_7B,"5=1-4,7,2 (axis_sum=1.7)",3,0,0,300,wt,False,,170,,0,,,,,
866656,2026-01-27,20260127_31_04#7B,RANK_7B,"5=2-3,7,1 (axis_sum=1.6)",3,1,600,300,wt,False,,600,,0,,,,,
866664,2026-01-27,20260127_36_02#7B,RANK_7B,"4=2-5,7,6 (axis_sum=1.4)",3,1,1950,300,wt,False,,1950,,0,,,,,
866663,2026-01-27,20260127_37_08#7B,RANK_7B,"1=4-5,2,7 (axis_sum=1.5)",3,1,5550,300,wt,False,,5550,,0,,,,,
866738,2026-01-27,20260127_63_07#7B,RANK_7B,"2=1-4,3,7 (axis_sum=1.3)",3,0,0,300,wt,False,,5580,,0,,,,,
866631,2026-01-27,20260127_87_08#7B,RANK_7B,"5=3-7,4,6 (axis_sum=1.6)",3,0,0,300,wt,False,,1120,,0,,,,,
866711,2026-01-28,20260128_26_04#7B,RANK_7B,"1=5-3,4,7 (axis_sum=1.3)",3,0,0,300,wt,False,,2380,,0,,,,,
866665,2026-01-28,20260128_26_12#7B,RANK_7B,"1=4-7,3,5 (axis_sum=1.4)",3,0,0,300,wt,False,,3090,,0,,,,,
866638,2026-01-28,20260128_48_07#7B,RANK_7B,"4=3-7,1,5 (axis_sum=1.6)",3,1,290,300,wt,False,,290,,0,,,,,
866646,2026-01-28,20260128_48_09#7B,RANK_7B,"7=1-5,3,2 (axis_sum=1.4)",3,0,0,300,wt,False,,3860,,0,,,,,
866706,2026-01-28,20260128_87_05#7B,RANK_7B,"1=4-3,2,5 (axis_sum=1.3)",3,0,0,300,wt,False,,1670,,0,,,,,
866703,2026-01-28,20260128_87_08#7B,RANK_7B,"7=2-5,3,4 (axis_sum=1.5)",3,1,380,300,wt,False,,380,,0,,,,,
866661,2026-01-28,20260128_87_09#7B,RANK_7B,"2=7-1,4,3 (axis_sum=1.5)",3,1,740,300,wt,False,,740,,0,,,,,
866682,2026-01-29,20260129_27_07#7B,RANK_7B,"1=2-4,5,6 (axis_sum=1.5)",3,0,0,300,wt,False,,410,,0,,,,,
866732,2026-01-29,20260129_31_02#7B,RANK_7B,"7=1-3,2,4 (axis_sum=1.3)",3,0,0,300,wt,False,,3740,,0,,,,,
866743,2026-01-29,20260129_48_08#7B,RANK_7B,"2=5-4,7,6 (axis_sum=1.1)",3,0,0,300,wt,False,,1810,,0,,,,,
866643,2026-01-29,20260129_87_01#7B,RANK_7B,"7=2-5,1,3 (axis_sum=1.4)",3,1,820,300,wt,False,,820,,0,,,,,
866719,2026-01-30,20260130_48_08#7B,RANK_7B,"3=7-2,4,6 (axis_sum=1.3)",3,0,0,300,wt,False,,2750,,0,,,,,
866698,2026-01-30,20260130_53_09#7B,RANK_7B,"1=2-4,5,7 (axis_sum=1.4)",3,1,340,300,wt,False,,340,,0,,,,,
866621,2026-01-30,20260130_86_03#7B,RANK_7B,"4=2-7,1,5 (axis_sum=1.6)",3,0,0,300,wt,False,,250,,0,,,,,
866725,2026-01-31,20260131_24_12#7B,RANK_7B,"5=3-1,7,6 (axis_sum=1.4)",3,0,0,300,wt,False,,3900,,0,,,,,
866749,2026-01-31,20260131_53_09#7B,RANK_7B,"1=4-5,3,7 (axis_sum=1.3)",3,0,0,300,wt,False,,460,,0,,,,,
866731,2026-01-31,20260131_86_01#7B,RANK_7B,"1=2-5,3,4 (axis_sum=1.2)",3,0,0,300,wt,False,,320,,0,,,,,
866758,2026-01-31,20260131_86_03#7B,RANK_7B,"7=3-5,4,2 (axis_sum=1.2)",3,0,0,300,wt,False,,290,,0,,,,,
866902,2026-02-01,20260201_24_08#7B,RANK_7B,"3=2-5,1,6 (axis_sum=1.4)",3,0,0,300,wt,False,,620,,0,,,,,
866868,2026-02-01,20260201_36_05#7B,RANK_7B,"1=5-3,7,4 (axis_sum=1.5)",3,0,0,300,wt,False,,3990,,0,,,,,
866834,2026-02-01,20260201_47_02#7B,RANK_7B,"6=4-3,5,1 (axis_sum=1.5)",3,0,0,300,wt,False,,2040,,0,,,,,
866838,2026-02-01,20260201_47_12#7B,RANK_7B,"1=2-5,3,7 (axis_sum=1.6)",3,1,1620,300,wt,False,,1620,,0,,,,,
866837,2026-02-01,20260201_73_01#7B,RANK_7B,"7=4-1,3,5 (axis_sum=1.2)",3,1,950,300,wt,False,,950,,0,,,,,
866860,2026-02-02,20260202_24_01#7B,RANK_7B,"2=1-4,3,7 (axis_sum=1.4)",3,0,0,300,wt,False,,1740,,0,,,,,
866938,2026-02-02,20260202_24_11#7B,RANK_7B,"3=7-4,5,1 (axis_sum=1.2)",3,0,0,300,wt,False,,2630,,0,,,,,
866869,2026-02-02,20260202_38_02#7B,RANK_7B,"3=7-1,4,5 (axis_sum=1.4)",3,0,0,300,wt,False,,7270,,0,,,,,
866782,2026-02-02,20260202_38_03#7B,RANK_7B,"3=1-7,4,6 (axis_sum=1.8)",3,0,0,300,wt,False,,2440,,0,,,,,
866932,2026-02-02,20260202_47_09#7B,RANK_7B,"1=5-7,3,4 (axis_sum=1.3)",3,0,0,300,wt,False,,720,,0,,,,,
866827,2026-02-02,20260202_55_11#7B,RANK_7B,"4=1-3,2,7 (axis_sum=1.6)",3,1,410,300,wt,False,,410,,0,,,,,
866821,2026-02-02,20260202_83_02#7B,RANK_7B,"1=2-5,3,6 (axis_sum=1.3)",3,0,0,300,wt,False,,430,,0,,,,,
866867,2026-02-03,20260203_27_07#7B,RANK_7B,"1=5-2,4,6 (axis_sum=1.4)",3,0,0,300,wt,False,,1720,,0,,,,,
866918,2026-02-03,20260203_44_08#7B,RANK_7B,"2=7-5,4,1 (axis_sum=1.2)",3,1,780,300,wt,False,,780,,0,,,,,
866811,2026-02-03,20260203_47_05#7B,RANK_7B,"2=7-5,1,6 (axis_sum=1.5)",3,0,0,300,wt,False,,8510,,0,,,,,
866915,2026-02-03,20260203_55_01#7B,RANK_7B,"5=2-3,1,4 (axis_sum=1.2)",3,0,0,300,wt,False,,10320,,0,,,,,
866808,2026-02-03,20260203_62_01#7B,RANK_7B,"4=2-5,1,3 (axis_sum=1.4)",3,0,0,300,wt,False,,420,,0,,,,,
866943,2026-02-03,20260203_62_11#7B,RANK_7B,"5=3-2,1,4 (axis_sum=1.2)",3,1,800,300,wt,False,,800,,0,,,,,
866916,2026-02-03,20260203_83_04#7B,RANK_7B,"2=1-4,5,6 (axis_sum=1.3)",3,0,0,300,wt,False,,980,,0,,,,,
866804,2026-02-03,20260203_87_01#7B,RANK_7B,"4=1-6,2,7 (axis_sum=1.5)",3,1,720,300,wt,False,,720,,0,,,,,
866839,2026-02-03,20260203_87_02#7B,RANK_7B,"7=4-5,3,2 (axis_sum=1.4)",3,1,1150,300,wt,False,,1150,,0,,,,,
866887,2026-02-04,20260204_26_04#7B,RANK_7B,"2=3-7,4,5 (axis_sum=1.6)",3,1,320,300,wt,False,,320,,0,,,,,
866904,2026-02-04,20260204_26_07#7B,RANK_7B,"1=2-3,6,5 (axis_sum=1.5)",3,0,0,300,wt,False,,240,,0,,,,,
866884,2026-02-04,20260204_27_04#7B,RANK_7B,"1=3-7,5,2 (axis_sum=1.5)",3,1,260,300,wt,False,,260,,0,,,,,
866920,2026-02-04,20260204_27_08#7B,RANK_7B,"2=4-1,5,3 (axis_sum=1.3)",3,1,770,300,wt,False,,770,,0,,,,,
866885,2026-02-05,20260205_26_04#7B,RANK_7B,"3=1-2,4,5 (axis_sum=1.2)",3,0,0,300,wt,False,,8720,,0,,,,,
866901,2026-02-05,20260205_27_02#7B,RANK_7B,"2=7-3,5,4 (axis_sum=1.4)",3,0,0,300,wt,False,,2070,,0,,,,,
866888,2026-02-05,20260205_27_07#7B,RANK_7B,"2=5-7,1,3 (axis_sum=1.3)",3,0,0,300,wt,False,,1440,,0,,,,,
866927,2026-02-05,20260205_27_10#7B,RANK_7B,"3=5-2,7,4 (axis_sum=1.3)",3,0,0,300,wt,False,,1690,,0,,,,,
866793,2026-02-05,20260205_27_12#7B,RANK_7B,"1=4-5,7,6 (axis_sum=1.6)",3,0,0,300,wt,False,,280,,0,,,,,
866905,2026-02-05,20260205_62_08#7B,RANK_7B,"1=4-7,2,5 (axis_sum=1.2)",3,0,0,300,wt,False,,2580,,0,,,,,
866897,2026-02-06,20260206_26_04#7B,RANK_7B,"1=3-2,5,6 (axis_sum=1.3)",3,0,0,300,wt,False,,540,,0,,,,,
866880,2026-02-06,20260206_31_11#7B,RANK_7B,"1=3-2,6,7 (axis_sum=1.4)",3,0,0,300,wt,False,,1590,,0,,,,,
866908,2026-02-06,20260206_73_01#7B,RANK_7B,"2=3-4,5,7 (axis_sum=1.3)",3,0,0,300,wt,False,,3330,,0,,,,,
866852,2026-02-07,20260207_24_01#7B,RANK_7B,"5=2-7,3,1 (axis_sum=1.3)",3,0,0,300,wt,False,,8500,,0,,,,,
866881,2026-02-07,20260207_24_11#7B,RANK_7B,"4=6-1,3,2 (axis_sum=1.4)",3,0,0,300,wt,False,,2550,,0,,,,,
866820,2026-02-07,20260207_37_05#7B,RANK_7B,"1=5-3,6,4 (axis_sum=1.7)",3,1,560,300,wt,False,,560,,0,,,,,
866841,2026-02-07,20260207_43_02#7B,RANK_7B,"3=5-7,1,4 (axis_sum=1.4)",3,0,0,300,wt,False,,4650,,0,,,,,
866936,2026-02-08,20260208_22_05#7B,RANK_7B,"1=2-5,6,3 (axis_sum=1.1)",3,0,0,300,wt,False,,3690,,0,,,,,
866903,2026-02-08,20260208_22_06#7B,RANK_7B,"2=1-4,6,5 (axis_sum=1.3)",3,0,0,300,wt,False,,3370,,0,,,,,
866922,2026-02-08,20260208_81_06#7B,RANK_7B,"1=3-4,2,7 (axis_sum=1.4)",3,1,1150,300,wt,False,,1150,,0,,,,,
866799,2026-02-08,20260208_81_09#7B,RANK_7B,"1=7-4,3,2 (axis_sum=1.5)",3,0,0,300,wt,False,,1280,,0,,,,,
866900,2026-02-09,20260209_22_07#7B,RANK_7B,"1=2-5,4,6 (axis_sum=1.4)",3,0,0,300,wt,False,,6180,,0,,,,,
866803,2026-02-09,20260209_35_02#7B,RANK_7B,"2=1-4,3,5 (axis_sum=1.4)",3,0,0,300,wt,False,,9020,,0,,,,,
866912,2026-02-09,20260209_35_05#7B,RANK_7B,"7=4-1,6,3 (axis_sum=1.4)",3,0,0,300,wt,False,,5260,,0,,,,,
866856,2026-02-09,20260209_35_12#7B,RANK_7B,"7=2-5,4,3 (axis_sum=1.4)",3,1,1810,300,wt,False,,1810,,0,,,,,
866919,2026-02-09,20260209_43_10#7B,RANK_7B,"3=7-1,2,6 (axis_sum=1.3)",3,1,1240,300,wt,False,,1240,,0,,,,,
866788,2026-02-09,20260209_56_08#7B,RANK_7B,"1=5-3,6,2 (axis_sum=1.6)",3,0,0,300,wt,False,,170,,0,,,,,
866847,2026-02-09,20260209_62_06#7B,RANK_7B,"1=4-2,5,3 (axis_sum=1.4)",3,0,0,300,wt,False,,360,,0,,,,,
866911,2026-02-09,20260209_81_03#7B,RANK_7B,"3=7-5,2,4 (axis_sum=1.3)",3,1,270,300,wt,False,,270,,0,,,,,
866864,2026-02-09,20260209_81_07#7B,RANK_7B,"7=1-4,3,2 (axis_sum=1.4)",3,0,0,300,wt,False,,170,,0,,,,,
866941,2026-02-09,20260209_81_08#7B,RANK_7B,"2=5-3,1,7 (axis_sum=1.1)",3,1,1220,300,wt,False,,1220,,0,,,,,
866929,2026-02-10,20260210_28_02#7B,RANK_7B,"1=7-4,5,2 (axis_sum=1.1)",3,1,1960,300,wt,False,,1960,,0,,,,,
866925,2026-02-10,20260210_28_10#7B,RANK_7B,"2=5-3,7,1 (axis_sum=1.4)",3,1,500,300,wt,False,,500,,0,,,,,
866906,2026-02-10,20260210_42_02#7B,RANK_7B,"2=4-3,6,7 (axis_sum=1.3)",3,0,0,300,wt,False,,10640,,0,,,,,
866836,2026-02-10,20260210_56_04#7B,RANK_7B,"7=5-4,2,1 (axis_sum=1.8)",3,1,220,300,wt,False,,220,,0,,,,,
866863,2026-02-10,20260210_56_11#7B,RANK_7B,"5=2-4,6,7 (axis_sum=1.4)",3,1,1080,300,wt,False,,1080,,0,,,,,
866848,2026-02-10,20260210_62_06#7B,RANK_7B,"2=5-1,3,7 (axis_sum=1.3)",3,0,0,300,wt,False,,1140,,0,,,,,
866930,2026-02-11,20260211_28_08#7B,RANK_7B,"7=2-4,3,5 (axis_sum=1.4)",3,0,0,300,wt,False,,6100,,0,,,,,
866914,2026-02-11,20260211_28_09#7B,RANK_7B,"4=1-2,3,5 (axis_sum=1.3)",3,0,0,300,wt,False,,1590,,0,,,,,
866879,2026-02-11,20260211_35_07#7B,RANK_7B,"1=5-2,3,4 (axis_sum=1.4)",3,0,0,300,wt,False,,7330,,0,,,,,
866859,2026-02-11,20260211_42_10#7B,RANK_7B,"2=7-4,5,3 (axis_sum=1.7)",3,1,1130,300,wt,False,,1130,,0,,,,,
866825,2026-02-12,20260212_25_04#7B,RANK_7B,"7=1-5,3,4 (axis_sum=1.4)",3,1,340,300,wt,False,,340,,0,,,,,
866785,2026-02-12,20260212_61_01#7B,RANK_7B,"2=1-4,5,6 (axis_sum=1.6)",3,0,0,300,wt,False,,260,,0,,,,,
866889,2026-02-12,20260212_61_03#7B,RANK_7B,"1=3-2,5,6 (axis_sum=1.4)",3,0,0,300,wt,False,,6170,,0,,,,,
866786,2026-02-12,20260212_74_01#7B,RANK_7B,"7=5-4,2,1 (axis_sum=1.7)",3,1,480,300,wt,False,,480,,0,,,,,
866913,2026-02-12,20260212_74_08#7B,RANK_7B,"2=4-7,5,3 (axis_sum=1.3)",3,0,0,300,wt,False,,1120,,0,,,,,
866783,2026-02-12,20260212_86_01#7B,RANK_7B,"4=2-5,1,6 (axis_sum=1.7)",3,1,230,300,wt,False,,230,,0,,,,,
866826,2026-02-12,20260212_87_06#7B,RANK_7B,"2=1-7,4,6 (axis_sum=1.6)",3,1,180,300,wt,False,,180,,0,,,,,
866816,2026-02-13,20260213_61_07#7B,RANK_7B,"1=2-4,6,5 (axis_sum=1.4)",3,0,0,300,wt,False,,150,,0,,,,,
866890,2026-02-13,20260213_86_10#7B,RANK_7B,"4=2-5,7,3 (axis_sum=1.4)",3,0,0,300,wt,False,,1170,,0,,,,,
866877,2026-02-13,20260213_87_03#7B,RANK_7B,"2=1-3,4,6 (axis_sum=1.2)",3,0,0,300,wt,False,,980,,0,,,,,
866909,2026-02-13,20260213_87_07#7B,RANK_7B,"1=2-3,4,6 (axis_sum=1.2)",3,0,0,300,wt,False,,3140,,0,,,,,
866873,2026-02-14,20260214_24_10#7B,RANK_7B,"1=4-7,5,2 (axis_sum=1.5)",3,0,0,300,wt,False,,6900,,0,,,,,
866812,2026-02-14,20260214_53_01#7B,RANK_7B,"1=2-4,3,6 (axis_sum=1.3)",3,0,0,300,wt,False,,1390,,0,,,,,
866872,2026-02-15,20260215_13_03#7B,RANK_7B,"4=3-2,1,5 (axis_sum=1.4)",3,0,0,300,wt,False,,21320,,0,,,,,
866878,2026-02-15,20260215_13_06#7B,RANK_7B,"7=4-3,2,5 (axis_sum=1.4)",3,0,0,300,wt,False,,1850,,0,,,,,
866917,2026-02-15,20260215_13_07#7B,RANK_7B,"5=3-7,4,1 (axis_sum=1.2)",3,0,0,300,wt,False,,2860,,0,,,,,
866790,2026-02-15,20260215_26_09#7B,RANK_7B,"1=5-2,4,3 (axis_sum=1.6)",3,0,0,300,wt,False,,2520,,0,,,,,
866831,2026-02-15,20260215_42_08#7B,RANK_7B,"2=3-4,6,5 (axis_sum=1.4)",3,0,0,300,wt,False,,2790,,0,,,,,
866866,2026-02-16,20260216_26_08#7B,RANK_7B,"5=4-7,3,2 (axis_sum=1.3)",3,0,0,300,wt,False,,300,,0,,,,,
866857,2026-02-16,20260216_26_10#7B,RANK_7B,"1=2-4,3,6 (axis_sum=1.4)",3,1,610,300,wt,False,,610,,0,,,,,
866809,2026-02-16,20260216_36_04#7B,RANK_7B,"5=7-2,6,3 (axis_sum=1.4)",3,0,0,300,wt,False,,390,,0,,,,,
866886,2026-02-16,20260216_42_02#7B,RANK_7B,"2=1-4,5,6 (axis_sum=1.2)",3,0,0,300,wt,False,,400,,0,,,,,
866924,2026-02-16,20260216_42_03#7B,RANK_7B,"2=1-4,6,5 (axis_sum=1.2)",3,0,0,300,wt,False,,2610,,0,,,,,
866926,2026-02-16,20260216_43_05#7B,RANK_7B,"2=7-1,4,6 (axis_sum=1.2)",3,0,0,300,wt,False,,590,,0,,,,,
866835,2026-02-16,20260216_43_08#7B,RANK_7B,"3=7-2,4,6 (axis_sum=1.4)",3,0,0,300,wt,False,,380,,0,,,,,
866832,2026-02-17,20260217_23_09#7B,RANK_7B,"4=5-1,2,7 (axis_sum=1.5)",3,1,810,300,wt,False,,810,,0,,,,,
866896,2026-02-17,20260217_23_12#7B,RANK_7B,"1=3-4,2,7 (axis_sum=1.3)",3,0,0,300,wt,False,,2430,,0,,,,,
866882,2026-02-17,20260217_26_10#7B,RANK_7B,"2=1-5,3,7 (axis_sum=1.5)",3,0,0,300,wt,False,,1730,,0,,,,,
866910,2026-02-17,20260217_47_03#7B,RANK_7B,"5=1-7,2,3 (axis_sum=1.3)",3,1,680,300,wt,False,,680,,0,,,,,
866805,2026-02-17,20260217_74_03#7B,RANK_7B,"2=1-4,6,5 (axis_sum=1.7)",3,1,310,300,wt,False,,310,,0,,,,,
866846,2026-02-17,20260217_81_03#7B,RANK_7B,"1=2-3,7,5 (axis_sum=1.4)",3,0,0,300,wt,False,,650,,0,,,,,
866874,2026-02-17,20260217_81_06#7B,RANK_7B,"4=1-3,6,7 (axis_sum=1.6)",3,0,0,300,wt,False,,330,,0,,,,,
866942,2026-02-17,20260217_83_05#7B,RANK_7B,"2=3-1,5,7 (axis_sum=1.1)",3,0,0,300,wt,False,,6430,,0,,,,,
866899,2026-02-17,20260217_83_08#7B,RANK_7B,"5=3-2,4,7 (axis_sum=1.3)",3,1,1230,300,wt,False,,1230,,0,,,,,
866842,2026-02-18,20260218_23_06#7B,RANK_7B,"5=1-3,7,4 (axis_sum=1.5)",3,0,0,300,wt,False,,5170,,0,,,,,
866939,2026-02-18,20260218_43_11#7B,RANK_7B,"3=2-5,4,7 (axis_sum=1.3)",3,0,0,300,wt,False,,1480,,0,,,,,
866796,2026-02-18,20260218_55_01#7B,RANK_7B,"4=3-7,2,1 (axis_sum=1.5)",3,1,290,300,wt,False,,290,,0,,,,,
866861,2026-02-18,20260218_55_07#7B,RANK_7B,"4=5-1,7,2 (axis_sum=1.4)",3,0,0,300,wt,False,,220,,0,,,,,
866781,2026-02-18,20260218_55_08#7B,RANK_7B,"3=7-5,2,6 (axis_sum=1.7)",3,1,530,300,wt,False,,530,,0,,,,,
866843,2026-02-18,20260218_81_04#7B,RANK_7B,"1=2-3,5,6 (axis_sum=1.4)",3,0,0,300,wt,False,,410,,0,,,,,
866935,2026-02-18,20260218_81_07#7B,RANK_7B,"1=3-6,5,4 (axis_sum=1.1)",3,0,0,300,wt,False,,880,,0,,,,,
866862,2026-02-18,20260218_81_09#7B,RANK_7B,"1=3-2,6,5 (axis_sum=1.4)",3,1,920,300,wt,False,,920,,0,,,,,
866819,2026-02-19,20260219_55_01#7B,RANK_7B,"5=4-1,3,2 (axis_sum=1.4)",3,0,0,300,wt,False,,2440,,0,,,,,
866845,2026-02-19,20260219_55_04#7B,RANK_7B,"4=2-1,7,3 (axis_sum=1.5)",3,0,0,300,wt,False,,180,,0,,,,,
866784,2026-02-19,20260219_74_02#7B,RANK_7B,"1=2-5,6,4 (axis_sum=1.5)",3,0,0,300,wt,False,,200,,0,,,,,
866921,2026-02-19,20260219_83_09#7B,RANK_7B,"1=2-4,3,5 (axis_sum=1.4)",3,0,0,300,wt,False,,640,,0,,,,,
866940,2026-02-20,20260220_55_04#7B,RANK_7B,"6=7-3,4,5 (axis_sum=1.2)",3,1,5150,300,wt,False,,5150,,0,,,,,
866875,2026-02-21,20260221_26_04#7B,RANK_7B,"2=4-1,5,6 (axis_sum=1.3)",3,0,0,300,wt,False,,680,,0,,,,,
866795,2026-02-21,20260221_62_04#7B,RANK_7B,"7=3-4,1,2 (axis_sum=1.5)",3,0,0,300,wt,False,,6450,,0,,,,,
866824,2026-02-21,20260221_62_06#7B,RANK_7B,"5=1-3,7,2 (axis_sum=1.6)",3,0,0,300,wt,False,,690,,0,,,,,
866855,2026-02-21,20260221_62_08#7B,RANK_7B,"1=4-7,3,6 (axis_sum=1.4)",3,0,0,300,wt,False,,8050,,0,,,,,
866870,2026-02-21,20260221_63_06#7B,RANK_7B,"4=1-7,2,5 (axis_sum=1.5)",3,0,0,300,wt,False,,390,,0,,,,,
866814,2026-02-21,20260221_63_08#7B,RANK_7B,"2=5-4,3,7 (axis_sum=1.5)",3,0,0,300,wt,False,,670,,0,,,,,
866800,2026-02-21,20260221_73_03#7B,RANK_7B,"3=5-2,4,7 (axis_sum=1.5)",3,0,0,300,wt,False,,200,,0,,,,,
866779,2026-02-22,20260222_26_01#7B,RANK_7B,"1=3-2,5,6 (axis_sum=1.5)",3,0,0,300,wt,False,,3520,,0,,,,,
866850,2026-02-22,20260222_26_04#7B,RANK_7B,"1=2-3,4,5 (axis_sum=1.5)",3,1,490,300,wt,False,,490,,0,,,,,
866830,2026-02-22,20260222_31_03#7B,RANK_7B,"2=4-7,6,5 (axis_sum=1.2)",3,0,0,300,wt,False,,280,,0,,,,,
866844,2026-02-22,20260222_37_04#7B,RANK_7B,"7=2-5,1,4 (axis_sum=1.4)",3,1,920,300,wt,False,,920,,0,,,,,
866923,2026-02-22,20260222_37_08#7B,RANK_7B,"7=3-4,5,2 (axis_sum=1.3)",3,0,0,300,wt,False,,930,,0,,,,,
866895,2026-02-22,20260222_63_06#7B,RANK_7B,"7=1-2,3,4 (axis_sum=1.4)",3,0,0,300,wt,False,,4320,,0,,,,,
866801,2026-02-22,20260222_74_07#7B,RANK_7B,"5=1-2,4,6 (axis_sum=1.5)",3,0,0,300,wt,False,,870,,0,,,,,
866854,2026-02-22,20260222_74_08#7B,RANK_7B,"5=3-1,6,2 (axis_sum=1.4)",3,1,760,300,wt,False,,760,,0,,,,,
866934,2026-02-22,20260222_74_11#7B,RANK_7B,"2=7-3,6,5 (axis_sum=1.1)",3,0,0,300,wt,False,,2150,,0,,,,,
866840,2026-02-23,20260223_61_02#7B,RANK_7B,"4=3-2,6,5 (axis_sum=1.1)",3,0,0,300,wt,False,,2330,,0,,,,,
866849,2026-02-24,20260224_31_01#7B,RANK_7B,"1=5-4,3,2 (axis_sum=1.3)",3,0,0,300,wt,False,,310,,0,,,,,
866851,2026-02-24,20260224_35_03#7B,RANK_7B,"4=2-3,6,5 (axis_sum=1.1)",3,1,650,300,wt,False,,650,,0,,,,,
866823,2026-02-24,20260224_35_05#7B,RANK_7B,"4=1-5,3,6 (axis_sum=1.4)",3,0,0,300,wt,False,,530,,0,,,,,
866794,2026-02-24,20260224_56_02#7B,RANK_7B,"7=2-1,5,3 (axis_sum=1.5)",3,1,550,300,wt,False,,550,,0,,,,,
866828,2026-02-24,20260224_56_08#7B,RANK_7B,"2=4-7,3,5 (axis_sum=1.4)",3,0,0,300,wt,False,,7430,,0,,,,,
866780,2026-02-24,20260224_86_01#7B,RANK_7B,"5=4-2,3,7 (axis_sum=1.7)",3,0,0,300,wt,False,,28370,,0,,,,,
866931,2026-02-24,20260224_86_05#7B,RANK_7B,"2=4-5,3,7 (axis_sum=1.3)",3,0,0,300,wt,False,,2480,,0,,,,,
866933,2026-02-25,20260225_27_07#7B,RANK_7B,"2=4-5,1,6 (axis_sum=1.2)",3,1,1000,300,wt,False,,1000,,0,,,,,
866865,2026-02-25,20260225_35_05#7B,RANK_7B,"1=3-4,6,2 (axis_sum=1.3)",3,0,0,300,wt,False,,1590,,0,,,,,
866813,2026-02-25,20260225_36_07#7B,RANK_7B,"4=1-2,5,7 (axis_sum=1.5)",3,0,0,300,wt,False,,270,,0,,,,,
866817,2026-02-25,20260225_86_05#7B,RANK_7B,"5=3-1,7,4 (axis_sum=1.6)",3,0,0,300,wt,False,,900,,0,,,,,
866928,2026-02-26,20260226_22_08#7B,RANK_7B,"1=5-7,2,4 (axis_sum=1.2)",3,0,0,300,wt,False,,1650,,0,,,,,
866937,2026-02-26,20260226_22_10#7B,RANK_7B,"4=1-3,7,5 (axis_sum=1.1)",3,0,0,300,wt,False,,2560,,0,,,,,
866883,2026-02-26,20260226_22_12#7B,RANK_7B,"4=7-1,3,5 (axis_sum=1.2)",3,0,0,300,wt,False,,4890,,0,,,,,
866829,2026-02-26,20260226_23_07#7B,RANK_7B,"3=5-7,1,6 (axis_sum=1.2)",3,1,860,300,wt,False,,860,,0,,,,,
866815,2026-02-26,20260226_26_01#7B,RANK_7B,"1=2-5,6,7 (axis_sum=1.6)",3,0,0,300,wt,False,,150,,0,,,,,
866792,2026-02-26,20260226_26_03#7B,RANK_7B,"3=1-4,2,7 (axis_sum=1.5)",3,0,0,300,wt,False,,7040,,0,,,,,
866876,2026-02-26,20260226_36_01#7B,RANK_7B,"7=2-5,3,4 (axis_sum=1.3)",3,0,0,300,wt,False,,6340,,0,,,,,
866802,2026-02-26,20260226_36_08#7B,RANK_7B,"3=4-5,2,1 (axis_sum=1.6)",3,0,0,300,wt,False,,150,,0,,,,,
866853,2026-02-26,20260226_36_09#7B,RANK_7B,"2=4-7,5,6 (axis_sum=1.5)",3,0,0,300,wt,False,,1330,,0,,,,,
866789,2026-02-26,20260226_47_01#7B,RANK_7B,"2=1-3,4,6 (axis_sum=1.6)",3,0,0,300,wt,False,,1410,,0,,,,,
866798,2026-02-26,20260226_47_03#7B,RANK_7B,"2=1-3,5,6 (axis_sum=1.5)",3,0,0,300,wt,False,,630,,0,,,,,
866893,2026-02-26,20260226_47_07#7B,RANK_7B,"1=2-6,3,4 (axis_sum=1.4)",3,0,0,300,wt,False,,1580,,0,,,,,
866797,2026-02-26,20260226_56_01#7B,RANK_7B,"2=7-1,4,5 (axis_sum=1.6)",3,0,0,300,wt,False,,250,,0,,,,,
866898,2026-02-26,20260226_56_12#7B,RANK_7B,"3=2-5,1,6 (axis_sum=1.3)",3,0,0,300,wt,False,,720,,0,,,,,
866822,2026-02-26,20260226_81_04#7B,RANK_7B,"2=1-4,5,6 (axis_sum=1.5)",3,1,490,300,wt,False,,490,,0,,,,,
866892,2026-02-27,20260227_22_06#7B,RANK_7B,"4=2-3,5,6 (axis_sum=1.5)",3,0,0,300,wt,False,,8300,,0,,,,,
866891,2026-02-27,20260227_23_03#7B,RANK_7B,"5=3-7,2,4 (axis_sum=1.3)",3,1,1440,300,wt,False,,1440,,0,,,,,
866858,2026-02-27,20260227_23_09#7B,RANK_7B,"1=7-5,4,3 (axis_sum=1.5)",3,1,1070,300,wt,False,,1070,,0,,,,,
866907,2026-02-27,20260227_47_03#7B,RANK_7B,"1=5-4,3,7 (axis_sum=1.3)",3,0,0,300,wt,False,,7790,,0,,,,,
866871,2026-02-27,20260227_47_05#7B,RANK_7B,"1=3-4,5,6 (axis_sum=1.3)",3,0,0,300,wt,False,,980,,0,,,,,
866810,2026-02-27,20260227_53_02#7B,RANK_7B,"5=3-4,7,2 (axis_sum=1.6)",3,0,0,300,wt,False,,270,,0,,,,,
866833,2026-02-27,20260227_75_06#7B,RANK_7B,"3=5-2,7,4 (axis_sum=1.4)",3,1,420,300,wt,False,,420,,0,,,,,
866807,2026-02-27,20260227_75_07#7B,RANK_7B,"3=4-1,2,7 (axis_sum=1.3)",3,0,0,300,wt,False,,350,,0,,,,,
866894,2026-02-28,20260228_47_04#7B,RANK_7B,"1=2-5,3,6 (axis_sum=1.3)",3,0,0,300,wt,False,,6260,,0,,,,,
866806,2026-02-28,20260228_62_03#7B,RANK_7B,"7=2-4,5,1 (axis_sum=1.4)",3,0,0,300,wt,False,,390,,0,,,,,
866791,2026-02-28,20260228_62_04#7B,RANK_7B,"1=5-6,2,3 (axis_sum=1.6)",3,1,400,300,wt,False,,400,,0,,,,,
866818,2026-02-28,20260228_75_01#7B,RANK_7B,"2=7-4,3,5 (axis_sum=1.5)",3,1,600,300,wt,False,,600,,0,,,,,
866787,2026-02-28,20260228_75_02#7B,RANK_7B,"4=1-2,7,5 (axis_sum=1.5)",3,0,0,300,wt,False,,140,,0,,,,,
867008,2026-03-01,20260301_53_04#7B,RANK_7B,"4=1-5,6,7 (axis_sum=1.4)",3,0,0,300,wt,False,,1320,,0,,,,,
866997,2026-03-01,20260301_83_02#7B,RANK_7B,"5=7-4,1,2 (axis_sum=1.4)",3,0,0,300,wt,False,,7960,,0,,,,,
867035,2026-03-01,20260301_83_12#7B,RANK_7B,"2=7-5,4,3 (axis_sum=1.5)",3,0,0,300,wt,False,,1760,,0,,,,,
867024,2026-03-02,20260302_27_08#7B,RANK_7B,"7=4-5,3,2 (axis_sum=1.3)",3,0,0,300,wt,False,,1650,,0,,,,,
866970,2026-03-02,20260302_27_10#7B,RANK_7B,"2=4-5,7,6 (axis_sum=1.5)",3,0,0,300,wt,False,,5640,,0,,,,,
866975,2026-03-04,20260304_26_09#7B,RANK_7B,"1=5-7,4,2 (axis_sum=1.6)",3,1,1250,300,wt,False,,1250,,0,,,,,
866950,2026-03-04,20260304_45_03#7B,RANK_7B,"2=4-3,5,1 (axis_sum=1.6)",3,0,0,300,wt,False,,150,,0,,,,,
867023,2026-03-05,20260305_26_03#7B,RANK_7B,"7=2-5,3,4 (axis_sum=1.4)",3,0,0,300,wt,False,,2630,,0,,,,,
866978,2026-03-05,20260305_26_08#7B,RANK_7B,"4=7-3,5,1 (axis_sum=1.6)",3,0,0,300,wt,False,,190,,0,,,,,
866952,2026-03-05,20260305_31_03#7B,RANK_7B,"5=1-2,6,7 (axis_sum=1.6)",3,0,0,300,wt,False,,150,,0,,,,,
867014,2026-03-05,20260305_31_04#7B,RANK_7B,"5=3-2,7,4 (axis_sum=1.4)",3,1,420,300,wt,False,,420,,0,,,,,
867028,2026-03-05,20260305_36_04#7B,RANK_7B,"7=1-2,3,4 (axis_sum=1.4)",3,0,0,300,wt,False,,5760,,0,,,,,
867016,2026-03-05,20260305_37_04#7B,RANK_7B,"5=1-2,7,3 (axis_sum=1.4)",3,0,0,300,wt,False,,2710,,0,,,,,
867042,2026-03-05,20260305_45_03#7B,RANK_7B,"3=1-5,2,7 (axis_sum=1.4)",3,1,4940,300,wt,False,,4940,,0,,,,,
867040,2026-03-05,20260305_45_05#7B,RANK_7B,"1=2-7,4,5 (axis_sum=1.4)",3,1,3910,300,wt,False,,3910,,0,,,,,
867069,2026-03-06,20260306_26_11#7B,RANK_7B,"5=3-2,1,6 (axis_sum=1.4)",3,1,750,300,wt,False,,750,,0,,,,,
867013,2026-03-06,20260306_87_07#7B,RANK_7B,"2=1-5,3,6 (axis_sum=1.5)",3,0,0,300,wt,False,,220,,0,,,,,
866969,2026-03-07,20260307_28_04#7B,RANK_7B,"4=5-7,1,3 (axis_sum=1.5)",3,1,380,300,wt,False,,380,,0,,,,,
867043,2026-03-07,20260307_81_08#7B,RANK_7B,"3=5-7,4,2 (axis_sum=1.3)",3,0,0,300,wt,False,,1060,,0,,,,,
867019,2026-03-07,20260307_81_10#7B,RANK_7B,"1=4-3,7,2 (axis_sum=1.5)",3,0,0,300,wt,False,,1210,,0,,,,,
866964,2026-03-07,20260307_83_02#7B,RANK_7B,"1=2-4,5,6 (axis_sum=1.4)",3,0,0,300,wt,False,,300,,0,,,,,
866963,2026-03-07,20260307_83_06#7B,RANK_7B,"1=2-4,5,6 (axis_sum=1.5)",3,1,570,300,wt,False,,570,,0,,,,,
867053,2026-03-08,20260308_22_09#7B,RANK_7B,"2=5-1,7,4 (axis_sum=1.2)",3,0,0,300,wt,False,,14550,,0,,,,,
866986,2026-03-08,20260308_28_03#7B,RANK_7B,"5=1-7,3,2 (axis_sum=1.5)",3,0,0,300,wt,False,,3490,,0,,,,,
867048,2026-03-08,20260308_36_02#7B,RANK_7B,"1=3-7,4,6 (axis_sum=1.4)",3,0,0,300,wt,False,,250,,0,,,,,
866993,2026-03-08,20260308_36_10#7B,RANK_7B,"1=5-2,4,3 (axis_sum=1.6)",3,0,0,300,wt,False,,660,,0,,,,,
866954,2026-03-08,20260308_81_02#7B,RANK_7B,"2=5-4,1,3 (axis_sum=1.7)",3,0,0,300,wt,False,,160,,0,,,,,
867000,2026-03-08,20260308_81_04#7B,RANK_7B,"7=1-2,4,6 (axis_sum=1.4)",3,0,0,300,wt,False,,8110,,0,,,,,
866990,2026-03-09,20260309_13_10#7B,RANK_7B,"4=2-1,5,7 (axis_sum=1.6)",3,0,0,300,wt,False,,1270,,0,,,,,
866985,2026-03-09,20260309_24_01#7B,RANK_7B,"1=5-7,3,4 (axis_sum=1.2)",3,0,0,300,wt,False,,13370,,0,,,,,
867071,2026-03-09,20260309_36_02#7B,RANK_7B,"2=1-6,3,4 (axis_sum=1.2)",3,0,0,300,wt,False,,2460,,0,,,,,
867029,2026-03-09,20260309_36_08#7B,RANK_7B,"2=1-3,4,5 (axis_sum=1.5)",3,0,0,300,wt,False,,1390,,0,,,,,
867052,2026-03-09,20260309_83_07#7B,RANK_7B,"3=2-4,6,5 (axis_sum=1.3)",3,0,0,300,wt,False,,6440,,0,,,,,
867030,2026-03-10,20260310_38_01#7B,RANK_7B,"7=3-4,6,1 (axis_sum=1.4)",3,0,0,300,wt,False,,430,,0,,,,,
866967,2026-03-10,20260310_38_07#7B,RANK_7B,"7=1-2,3,4 (axis_sum=1.5)",3,1,780,300,wt,False,,780,,0,,,,,
867010,2026-03-10,20260310_73_02#7B,RANK_7B,"2=5-1,4,6 (axis_sum=1.3)",3,1,2000,300,wt,False,,2000,,0,,,,,
867051,2026-03-10,20260310_73_05#7B,RANK_7B,"2=4-1,3,7 (axis_sum=1.4)",3,0,0,300,wt,False,,4720,,0,,,,,
867062,2026-03-10,20260310_73_12#7B,RANK_7B,"7=1-3,2,4 (axis_sum=1.5)",3,0,0,300,wt,False,,4880,,0,,,,,
866949,2026-03-10,20260310_84_01#7B,RANK_7B,"7=2-3,1,6 (axis_sum=1.7)",3,0,0,300,wt,False,,160,,0,,,,,
867020,2026-03-11,20260311_13_04#7B,RANK_7B,"5=1-7,2,3 (axis_sum=1.3)",3,0,0,300,wt,False,,3510,,0,,,,,
867021,2026-03-11,20260311_24_01#7B,RANK_7B,"2=4-5,7,3 (axis_sum=1.2)",3,0,0,300,wt,False,,450,,0,,,,,
867015,2026-03-11,20260311_24_02#7B,RANK_7B,"1=4-5,3,7 (axis_sum=1.1)",3,0,0,300,wt,False,,4360,,0,,,,,
866948,2026-03-11,20260311_45_01#7B,RANK_7B,"1=2-3,6,5 (axis_sum=1.6)",3,0,0,300,wt,False,,180,,0,,,,,
867060,2026-03-11,20260311_74_05#7B,RANK_7B,"1=2-5,7,4 (axis_sum=1.1)",3,1,790,300,wt,False,,790,,0,,,,,
866951,2026-03-12,20260312_38_04#7B,RANK_7B,"1=6-4,7,2 (axis_sum=1.6)",3,0,0,300,wt,False,,460,,0,,,,,
867061,2026-03-12,20260312_74_05#7B,RANK_7B,"1=2-7,3,5 (axis_sum=1.3)",3,0,0,300,wt,False,,9820,,0,,,,,
866981,2026-03-13,20260313_44_07#7B,RANK_7B,"2=1-5,6,4 (axis_sum=1.6)",3,0,0,300,wt,False,,3590,,0,,,,,
866966,2026-03-14,20260314_43_01#7B,RANK_7B,"1=4-3,2,5 (axis_sum=1.4)",3,0,0,300,wt,False,,520,,0,,,,,
867002,2026-03-14,20260314_44_08#7B,RANK_7B,"1=3-2,4,7 (axis_sum=1.5)",3,0,0,300,wt,False,,1520,,0,,,,,
867034,2026-03-14,20260314_62_01#7B,RANK_7B,"5=4-1,2,7 (axis_sum=1.2)",3,0,0,300,wt,False,,3590,,0,,,,,
867059,2026-03-14,20260314_75_03#7B,RANK_7B,"1=4-3,5,6 (axis_sum=1.1)",3,0,0,300,wt,False,,6350,,0,,,,,
866995,2026-03-15,20260315_53_07#7B,RANK_7B,"7=5-1,2,4 (axis_sum=1.6)",3,0,0,300,wt,False,,250,,0,,,,,
867011,2026-03-15,20260315_53_10#7B,RANK_7B,"2=7-5,3,4 (axis_sum=1.3)",3,0,0,300,wt,False,,560,,0,,,,,
866982,2026-03-15,20260315_87_07#7B,RANK_7B,"1=5-4,3,2 (axis_sum=1.4)",3,0,0,300,wt,False,,580,,0,,,,,
866988,2026-03-16,20260316_31_06#7B,RANK_7B,"2=1-5,4,7 (axis_sum=1.6)",3,0,0,300,wt,False,,2230,,0,,,,,
867041,2026-03-16,20260316_43_04#7B,RANK_7B,"7=2-4,3,5 (axis_sum=1.2)",3,0,0,300,wt,False,,1250,,0,,,,,
866979,2026-03-16,20260316_43_05#7B,RANK_7B,"4=1-2,3,6 (axis_sum=1.5)",3,0,0,300,wt,False,,1880,,0,,,,,
866991,2026-03-16,20260316_61_06#7B,RANK_7B,"4=3-5,2,6 (axis_sum=1.5)",3,1,880,300,wt,False,,880,,0,,,,,
866962,2026-03-16,20260316_74_03#7B,RANK_7B,"3=4-2,5,6 (axis_sum=1.6)",3,0,0,300,wt,False,,390,,0,,,,,
866946,2026-03-16,20260316_74_05#7B,RANK_7B,"2=1-4,5,7 (axis_sum=1.7)",3,1,380,300,wt,False,,380,,0,,,,,
866972,2026-03-16,20260316_74_07#7B,RANK_7B,"1=2-4,5,6 (axis_sum=1.5)",3,0,0,300,wt,False,,5090,,0,,,,,
866957,2026-03-17,20260317_24_07#7B,RANK_7B,"3=5-7,6,4 (axis_sum=1.6)",3,1,1080,300,wt,False,,1080,,0,,,,,
867031,2026-03-17,20260317_36_08#7B,RANK_7B,"1=2-4,3,5 (axis_sum=1.4)",3,1,530,300,wt,False,,530,,0,,,,,
866974,2026-03-17,20260317_42_09#7B,RANK_7B,"4=7-5,3,1 (axis_sum=1.5)",3,1,430,300,wt,False,,430,,0,,,,,
867004,2026-03-17,20260317_61_09#7B,RANK_7B,"7=1-2,3,4 (axis_sum=1.4)",3,1,310,300,wt,False,,310,,0,,,,,
867032,2026-03-17,20260317_74_03#7B,RANK_7B,"1=2-3,5,4 (axis_sum=1.4)",3,1,3230,300,wt,False,,3230,,0,,,,,
866956,2026-03-18,20260318_42_01#7B,RANK_7B,"5=1-2,3,4 (axis_sum=1.5)",3,0,0,300,wt,False,,6650,,0,,,,,
866996,2026-03-18,20260318_42_06#7B,RANK_7B,"2=7-4,5,6 (axis_sum=1.4)",3,1,1670,300,wt,False,,1670,,0,,,,,
867036,2026-03-18,20260318_61_06#7B,RANK_7B,"3=2-5,6,4 (axis_sum=1.2)",3,0,0,300,wt,False,,530,,0,,,,,
867026,2026-03-18,20260318_61_11#7B,RANK_7B,"1=4-2,3,7 (axis_sum=1.5)",3,0,0,300,wt,False,,6230,,0,,,,,
866944,2026-03-19,20260319_23_01#7B,RANK_7B,"4=1-2,7,5 (axis_sum=1.7)",3,1,240,300,wt,False,,240,,0,,,,,
867064,2026-03-19,20260319_42_11#7B,RANK_7B,"3=1-2,4,6 (axis_sum=1.4)",3,0,0,300,wt,False,,1720,,0,,,,,
867066,2026-03-19,20260319_55_01#7B,RANK_7B,"5=4-7,1,3 (axis_sum=1.1)",3,1,1340,300,wt,False,,1340,,0,,,,,
867006,2026-03-19,20260319_84_07#7B,RANK_7B,"1=2-4,3,5 (axis_sum=1.6)",3,0,0,300,wt,False,,4930,,0,,,,,
867056,2026-03-20,20260320_13_06#7B,RANK_7B,"1=4-2,5,3 (axis_sum=1.4)",3,1,700,300,wt,False,,700,,0,,,,,
866989,2026-03-20,20260320_22_03#7B,RANK_7B,"1=4-7,5,3 (axis_sum=1.8)",3,1,230,300,wt,False,,230,,0,,,,,
866984,2026-03-20,20260320_22_06#7B,RANK_7B,"2=1-7,4,6 (axis_sum=1.4)",3,0,0,300,wt,False,,470,,0,,,,,
866998,2026-03-20,20260320_22_07#7B,RANK_7B,"1=7-5,4,3 (axis_sum=1.3)",3,1,260,300,wt,False,,260,,0,,,,,
866973,2026-03-20,20260320_22_09#7B,RANK_7B,"4=3-5,2,6 (axis_sum=1.4)",3,0,0,300,wt,False,,450,,0,,,,,
867003,2026-03-20,20260320_84_03#7B,RANK_7B,"4=1-2,5,6 (axis_sum=1.4)",3,0,0,300,wt,False,,1530,,0,,,,,
867067,2026-03-20,20260320_87_05#7B,RANK_7B,"1=3-2,5,7 (axis_sum=1.4)",3,0,0,300,wt,False,,4790,,0,,,,,
866999,2026-03-20,20260320_87_09#7B,RANK_7B,"7=3-1,2,5 (axis_sum=1.4)",3,0,0,300,wt,False,,510,,0,,,,,
866945,2026-03-21,20260321_13_04#7B,RANK_7B,"2=1-5,7,4 (axis_sum=1.7)",3,0,0,300,wt,False,,200,,0,,,,,
867070,2026-03-21,20260321_13_09#7B,RANK_7B,"2=1-5,4,6 (axis_sum=1.3)",3,0,0,300,wt,False,,6970,,0,,,,,
867039,2026-03-21,20260321_22_09#7B,RANK_7B,"3=4-1,5,2 (axis_sum=1.3)",3,0,0,300,wt,False,,4650,,0,,,,,
867037,2026-03-21,20260321_23_05#7B,RANK_7B,"3=4-5,1,7 (axis_sum=1.3)",3,1,940,300,wt,False,,940,,0,,,,,
867068,2026-03-21,20260321_84_06#7B,RANK_7B,"1=2-4,6,5 (axis_sum=1.2)",3,1,530,300,wt,False,,530,,0,,,,,
867022,2026-03-22,20260322_22_01#7B,RANK_7B,"3=1-2,4,7 (axis_sum=1.2)",3,0,0,300,wt,False,,290,,0,,,,,
866965,2026-03-22,20260322_47_07#7B,RANK_7B,"2=1-3,4,5 (axis_sum=1.7)",3,0,0,300,wt,False,,250,,0,,,,,
867055,2026-03-23,20260323_26_05#7B,RANK_7B,"1=2-4,5,6 (axis_sum=1.5)",3,0,0,300,wt,False,,2490,,0,,,,,
867047,2026-03-23,20260323_38_05#7B,RANK_7B,"5=6-7,3,2 (axis_sum=1.2)",3,0,0,300,wt,False,,1920,,0,,,,,
867033,2026-03-23,20260323_47_07#7B,RANK_7B,"2=1-4,3,6 (axis_sum=1.7)",3,0,0,300,wt,False,,200,,0,,,,,
867072,2026-03-24,20260324_26_01#7B,RANK_7B,"2=3-7,4,1 (axis_sum=1.2)",3,0,0,300,wt,False,,900,,0,,,,,
866961,2026-03-24,20260324_26_07#7B,RANK_7B,"2=1-4,5,6 (axis_sum=1.6)",3,0,0,300,wt,False,,5350,,0,,,,,
867054,2026-03-24,20260324_28_03#7B,RANK_7B,"7=3-5,4,1 (axis_sum=1.1)",3,0,0,300,wt,False,,620,,0,,,,,
867018,2026-03-24,20260324_38_05#7B,RANK_7B,"3=5-1,7,2 (axis_sum=1.4)",3,1,1000,300,wt,False,,1000,,0,,,,,
866960,2026-03-24,20260324_43_03#7B,RANK_7B,"2=1-5,4,7 (axis_sum=1.4)",3,0,0,300,wt,False,,7440,,0,,,,,
866992,2026-03-24,20260324_43_04#7B,RANK_7B,"5=3-7,4,2 (axis_sum=1.4)",3,0,0,300,wt,False,,1490,,0,,,,,
867009,2026-03-24,20260324_62_01#7B,RANK_7B,"5=2-4,3,7 (axis_sum=1.5)",3,0,0,300,wt,False,,4000,,0,,,,,
866959,2026-03-24,20260324_62_02#7B,RANK_7B,"5=1-3,2,6 (axis_sum=1.7)",3,0,0,300,wt,False,,730,,0,,,,,
866968,2026-03-24,20260324_74_01#7B,RANK_7B,"4=1-2,3,6 (axis_sum=1.5)",3,0,0,300,wt,False,,200,,0,,,,,
866971,2026-03-24,20260324_86_02#7B,RANK_7B,"5=2-7,3,1 (axis_sum=1.6)",3,1,440,300,wt,False,,440,,0,,,,,
866953,2026-03-25,20260325_23_04#7B,RANK_7B,"1=5-7,3,2 (axis_sum=1.6)",3,0,0,300,wt,False,,260,,0,,,,,
867045,2026-03-25,20260325_38_09#7B,RANK_7B,"7=1-2,4,3 (axis_sum=1.3)",3,1,660,300,wt,False,,660,,0,,,,,
867025,2026-03-25,20260325_42_05#7B,RANK_7B,"1=2-7,4,5 (axis_sum=1.4)",3,0,0,300,wt,False,,360,,0,,,,,
867049,2026-03-25,20260325_44_03#7B,RANK_7B,"1=3-2,4,7 (axis_sum=1.3)",3,0,0,300,wt,False,,870,,0,,,,,
866958,2026-03-26,20260326_36_01#7B,RANK_7B,"1=5-7,2,6 (axis_sum=1.5)",3,0,0,300,wt,False,,850,,0,,,,,
867027,2026-03-26,20260326_36_03#7B,RANK_7B,"1=7-4,5,2 (axis_sum=1.3)",3,0,0,300,wt,False,,4670,,0,,,,,
867050,2026-03-26,20260326_44_01#7B,RANK_7B,"4=7-1,3,5 (axis_sum=1.3)",3,0,0,300,wt,False,,1900,,0,,,,,
867065,2026-03-26,20260326_44_07#7B,RANK_7B,"2=1-4,7,3 (axis_sum=1.2)",3,0,0,300,wt,False,,1570,,0,,,,,
867038,2026-03-26,20260326_61_11#7B,RANK_7B,"7=2-1,5,3 (axis_sum=1.5)",3,0,0,300,wt,False,,220,,0,,,,,
866994,2026-03-26,20260326_81_05#7B,RANK_7B,"1=3-2,5,7 (axis_sum=1.3)",3,0,0,300,wt,False,,4160,,0,,,,,
867044,2026-03-26,20260326_86_11#7B,RANK_7B,"4=6-7,5,3 (axis_sum=1.4)",3,1,1370,300,wt,False,,1370,,0,,,,,
866987,2026-03-27,20260327_36_07#7B,RANK_7B,"7=2-5,3,1 (axis_sum=1.5)",3,0,0,300,wt,False,,180,,0,,,,,
867001,2026-03-27,20260327_42_02#7B,RANK_7B,"3=4-2,6,7 (axis_sum=1.4)",3,0,0,300,wt,False,,2620,,0,,,,,
867057,2026-03-27,20260327_44_05#7B,RANK_7B,"4=3-1,2,7 (axis_sum=1.3)",3,0,0,300,wt,False,,320,,0,,,,,
867007,2026-03-27,20260327_44_08#7B,RANK_7B,"7=5-4,3,1 (axis_sum=1.3)",3,0,0,300,wt,False,,930,,0,,,,,
866947,2026-03-27,20260327_61_07#7B,RANK_7B,"4=2-5,1,3 (axis_sum=1.6)",3,0,0,300,wt,False,,2080,,0,,,,,
867058,2026-03-28,20260328_28_12#7B,RANK_7B,"5=4-1,7,3 (axis_sum=1.3)",3,1,3290,300,wt,False,,3290,,0,,,,,
867012,2026-03-28,20260328_36_07#7B,RANK_7B,"5=2-1,7,3 (axis_sum=1.6)",3,0,0,300,wt,False,,1450,,0,,,,,
866977,2026-03-28,20260328_81_05#7B,RANK_7B,"1=2-4,7,5 (axis_sum=1.6)",3,1,710,300,wt,False,,710,,0,,,,,
867005,2026-03-28,20260328_83_05#7B,RANK_7B,"2=4-7,3,1 (axis_sum=1.4)",3,0,0,300,wt,False,,5790,,0,,,,,
867063,2026-03-28,20260328_83_12#7B,RANK_7B,"4=2-3,7,6 (axis_sum=1.4)",3,0,0,300,wt,False,,190,,0,,,,,
867017,2026-03-30,20260330_28_08#7B,RANK_7B,"2=7-5,4,3 (axis_sum=1.5)",3,0,0,300,wt,False,,7220,,0,,,,,
867046,2026-03-30,20260330_28_12#7B,RANK_7B,"7=5-3,2,4 (axis_sum=1.3)",3,0,0,300,wt,False,,6760,,0,,,,,
866983,2026-03-30,20260330_35_09#7B,RANK_7B,"2=1-3,5,6 (axis_sum=1.6)",3,0,0,300,wt,False,,1640,,0,,,,,
866980,2026-03-30,20260330_87_05#7B,RANK_7B,"1=3-4,6,5 (axis_sum=1.4)",3,0,0,300,wt,False,,440,,0,,,,,
866955,2026-03-30,20260330_87_08#7B,RANK_7B,"3=1-5,4,6 (axis_sum=1.7)",3,0,0,300,wt,False,,300,,0,,,,,
866976,2026-03-31,20260331_87_02#7B,RANK_7B,"2=1-3,5,6 (axis_sum=1.4)",3,0,0,300,wt,False,,3840,,0,,,,,
867120,2026-04-01,20260401_42_04#7B,RANK_7B,"1=2-4,5,6 (axis_sum=1.4)",3,0,0,300,wt,False,,1210,,0,,,,,
867115,2026-04-01,20260401_44_01#7B,RANK_7B,"5=7-4,3,2 (axis_sum=1.5)",3,1,550,300,wt,False,,550,,0,,,,,
867096,2026-04-01,20260401_56_01#7B,RANK_7B,"7=4-5,3,1 (axis_sum=1.5)",3,0,0,300,wt,False,,6440,,0,,,,,
867185,2026-04-01,20260401_56_08#7B,RANK_7B,"4=3-7,5,1 (axis_sum=1.3)",3,1,390,300,wt,False,,390,,0,,,,,
867231,2026-04-01,20260401_81_01#7B,RANK_7B,"7=1-4,5,2 (axis_sum=1.2)",3,0,0,300,wt,False,,3910,,0,,,,,
867208,2026-04-02,20260402_27_10#7B,RANK_7B,"1=2-3,7,4 (axis_sum=1.4)",3,0,0,300,wt,False,,3940,,0,,,,,
867178,2026-04-02,20260402_44_01#7B,RANK_7B,"7=4-2,3,5 (axis_sum=1.5)",3,0,0,300,wt,False,,830,,0,,,,,
867198,2026-04-02,20260402_56_03#7B,RANK_7B,"5=3-1,6,2 (axis_sum=1.4)",3,0,0,300,wt,False,,350,,0,,,,,
867157,2026-04-02,20260402_56_05#7B,RANK_7B,"1=5-4,3,6 (axis_sum=1.5)",3,0,0,300,wt,False,,6590,,0,,,,,
867112,2026-04-02,20260402_61_03#7B,RANK_7B,"2=4-5,3,7 (axis_sum=1.4)",3,1,880,300,wt,False,,880,,0,,,,,
867123,2026-04-02,20260402_61_08#7B,RANK_7B,"2=7-4,3,5 (axis_sum=1.4)",3,0,0,300,wt,False,,1280,,0,,,,,
867074,2026-04-02,20260402_81_02#7B,RANK_7B,"2=7-1,3,5 (axis_sum=1.6)",3,0,0,300,wt,False,,1050,,0,,,,,
867129,2026-04-03,20260403_24_02#7B,RANK_7B,"2=1-3,5,6 (axis_sum=1.5)",3,0,0,300,wt,False,,450,,0,,,,,
867199,2026-04-03,20260403_24_05#7B,RANK_7B,"1=2-5,6,7 (axis_sum=1.4)",3,0,0,300,wt,False,,530,,0,,,,,
867206,2026-04-03,20260403_27_09#7B,RANK_7B,"3=2-7,1,5 (axis_sum=1.3)",3,0,0,300,wt,False,,1420,,0,,,,,
867232,2026-04-03,20260403_27_11#7B,RANK_7B,"7=1-5,4,2 (axis_sum=1.4)",3,0,0,300,wt,False,,540,,0,,,,,
867127,2026-04-03,20260403_42_03#7B,RANK_7B,"1=2-4,5,6 (axis_sum=1.5)",3,0,0,300,wt,False,,300,,0,,,,,
867210,2026-04-03,20260403_42_07#7B,RANK_7B,"1=2-5,4,6 (axis_sum=1.4)",3,0,0,300,wt,False,,280,,0,,,,,
867165,2026-04-03,20260403_44_08#7B,RANK_7B,"3=5-2,1,7 (axis_sum=1.5)",3,0,0,300,wt,False,,18500,,0,,,,,
867205,2026-04-03,20260403_56_01#7B,RANK_7B,"5=3-4,2,7 (axis_sum=1.4)",3,1,790,300,wt,False,,790,,0,,,,,
867181,2026-04-03,20260403_56_09#7B,RANK_7B,"1=3-5,4,2 (axis_sum=1.4)",3,0,0,300,wt,False,,1280,,0,,,,,
867089,2026-04-03,20260403_81_01#7B,RANK_7B,"3=2-5,4,6 (axis_sum=1.3)",3,0,0,300,wt,False,,1420,,0,,,,,
867172,2026-04-03,20260403_81_03#7B,RANK_7B,"3=1-4,2,5 (axis_sum=1.2)",3,0,0,300,wt,False,,1330,,0,,,,,
867177,2026-04-03,20260403_81_04#7B,RANK_7B,"2=1-4,5,6 (axis_sum=1.4)",3,0,0,300,wt,False,,700,,0,,,,,
867203,2026-04-03,20260403_84_06#7B,RANK_7B,"5=3-1,2,4 (axis_sum=1.3)",3,0,0,300,wt,False,,1670,,0,,,,,
867077,2026-04-04,20260404_13_04#7B,RANK_7B,"2=1-4,5,6 (axis_sum=1.7)",3,0,0,300,wt,False,,120,,0,,,,,
867109,2026-04-04,20260404_45_09#7B,RANK_7B,"1=5-2,4,3 (axis_sum=1.7)",3,1,760,300,wt,False,,760,,0,,,,,
867085,2026-04-05,20260405_22_09#7B,RANK_7B,"1=4-5,7,2 (axis_sum=1.4)",3,1,340,300,wt,False,,340,,0,,,,,
867158,2026-04-05,20260405_22_10#7B,RANK_7B,"5=1-7,3,4 (axis_sum=1.5)",3,0,0,300,wt,False,,3590,,0,,,,,
867126,2026-04-05,20260405_23_07#7B,RANK_7B,"2=5-1,4,3 (axis_sum=1.5)",3,0,0,300,wt,False,,1910,,0,,,,,
867094,2026-04-06,20260406_13_05#7B,RANK_7B,"2=4-1,7,5 (axis_sum=1.4)",3,0,0,300,wt,False,,180,,0,,,,,
867107,2026-04-06,20260406_42_08#7B,RANK_7B,"3=7-4,2,1 (axis_sum=1.6)",3,0,0,300,wt,False,,1730,,0,,,,,
867114,2026-04-06,20260406_74_04#7B,RANK_7B,"7=1-5,3,2 (axis_sum=1.7)",3,1,420,300,wt,False,,420,,0,,,,,
867227,2026-04-07,20260407_22_03#7B,RANK_7B,"5=7-2,3,4 (axis_sum=1.4)",3,0,0,300,wt,False,,930,,0,,,,,
867184,2026-04-07,20260407_22_06#7B,RANK_7B,"5=2-3,1,4 (axis_sum=1.3)",3,1,1030,300,wt,False,,1030,,0,,,,,
867241,2026-04-07,20260407_23_05#7B,RANK_7B,"5=2-4,3,1 (axis_sum=1.2)",3,0,0,300,wt,False,,5320,,0,,,,,
867141,2026-04-07,20260407_42_06#7B,RANK_7B,"3=4-5,2,1 (axis_sum=1.6)",3,0,0,300,wt,False,,220,,0,,,,,
867204,2026-04-07,20260407_74_01#7B,RANK_7B,"2=3-1,5,6 (axis_sum=1.1)",3,0,0,300,wt,False,,3820,,0,,,,,
867222,2026-04-07,20260407_74_03#7B,RANK_7B,"5=7-2,4,1 (axis_sum=1.3)",3,0,0,300,wt,False,,4050,,0,,,,,
867195,2026-04-07,20260407_74_04#7B,RANK_7B,"1=2-7,3,5 (axis_sum=1.3)",3,0,0,300,wt,False,,2150,,0,,,,,
867229,2026-04-07,20260407_74_10#7B,RANK_7B,"7=2-1,3,4 (axis_sum=1.4)",3,0,0,300,wt,False,,630,,0,,,,,
867219,2026-04-07,20260407_81_09#7B,RANK_7B,"5=2-4,3,7 (axis_sum=1.3)",3,1,390,300,wt,False,,390,,0,,,,,
867125,2026-04-08,20260408_44_07#7B,RANK_7B,"3=5-7,4,6 (axis_sum=1.3)",3,0,0,300,wt,False,,360,,0,,,,,
867075,2026-04-09,20260409_11_05#7B,RANK_7B,"4=1-7,6,3 (axis_sum=1.8)",3,1,280,300,wt,False,,280,,0,,,,,
867164,2026-04-09,20260409_44_09#7B,RANK_7B,"5=1-2,7,3 (axis_sum=1.3)",3,0,0,300,wt,False,,660,,0,,,,,
867202,2026-04-09,20260409_44_12#7B,RANK_7B,"7=2-1,3,6 (axis_sum=1.3)",3,0,0,300,wt,False,,1890,,0,,,,,
867170,2026-04-09,20260409_53_06#7B,RANK_7B,"7=1-5,3,6 (axis_sum=1.5)",3,1,910,300,wt,False,,910,,0,,,,,
867155,2026-04-09,20260409_61_03#7B,RANK_7B,"2=1-3,5,6 (axis_sum=1.5)",3,1,400,300,wt,False,,400,,0,,,,,
867080,2026-04-09,20260409_81_01#7B,RANK_7B,"7=3-2,1,5 (axis_sum=1.6)",3,0,0,300,wt,False,,6680,,0,,,,,
867180,2026-04-09,20260409_81_10#7B,RANK_7B,"2=5-1,7,6 (axis_sum=1.5)",3,0,0,300,wt,False,,7990,,0,,,,,
867159,2026-04-10,20260410_44_05#7B,RANK_7B,"5=1-7,6,3 (axis_sum=1.3)",3,0,0,300,wt,False,,3770,,0,,,,,
867197,2026-04-10,20260410_83_06#7B,RANK_7B,"5=3-1,4,7 (axis_sum=1.2)",3,0,0,300,wt,False,,7880,,0,,,,,
867116,2026-04-10,20260410_83_08#7B,RANK_7B,"7=4-1,5,3 (axis_sum=1.4)",3,1,3590,300,wt,False,,3590,,0,,,,,
867189,2026-04-11,20260411_26_03#7B,RANK_7B,"7=3-1,5,4 (axis_sum=1.4)",3,1,900,300,wt,False,,900,,0,,,,,
867187,2026-04-11,20260411_63_01#7B,RANK_7B,"5=1-4,2,6 (axis_sum=1.2)",3,0,0,300,wt,False,,11420,,0,,,,,
867242,2026-04-11,20260411_63_04#7B,RANK_7B,"6=2-1,5,7 (axis_sum=1.1)",3,1,590,300,wt,False,,590,,0,,,,,
867173,2026-04-11,20260411_83_03#7B,RANK_7B,"3=4-7,5,2 (axis_sum=1.5)",3,1,830,300,wt,False,,830,,0,,,,,
867171,2026-04-11,20260411_83_10#7B,RANK_7B,"7=2-5,4,3 (axis_sum=1.4)",3,0,0,300,wt,False,,800,,0,,,,,
867073,2026-04-11,20260411_86_01#7B,RANK_7B,"1=2-4,5,7 (axis_sum=1.6)",3,0,0,300,wt,False,,130,,0,,,,,
867138,2026-04-11,20260411_86_08#7B,RANK_7B,"3=1-4,7,5 (axis_sum=1.4)",3,1,680,300,wt,False,,680,,0,,,,,
867111,2026-04-12,20260412_12_04#7B,RANK_7B,"5=1-7,4,2 (axis_sum=1.5)",3,1,680,300,wt,False,,680,,0,,,,,
867140,2026-04-12,20260412_38_05#7B,RANK_7B,"1=3-4,5,7 (axis_sum=1.5)",3,0,0,300,wt,False,,3010,,0,,,,,
867216,2026-04-12,20260412_38_06#7B,RANK_7B,"1=2-4,5,7 (axis_sum=1.3)",3,0,0,300,wt,False,,7840,,0,,,,,
867106,2026-04-12,20260412_38_07#7B,RANK_7B,"1=2-5,4,7 (axis_sum=1.8)",3,1,390,300,wt,False,,390,,0,,,,,
867160,2026-04-12,20260412_46_08#7B,RANK_7B,"7=5-2,4,3 (axis_sum=1.5)",3,0,0,300,wt,False,,7550,,0,,,,,
867217,2026-04-12,20260412_63_02#7B,RANK_7B,"7=5-6,1,2 (axis_sum=1.1)",3,1,650,300,wt,False,,650,,0,,,,,
867183,2026-04-12,20260412_63_06#7B,RANK_7B,"3=7-5,4,2 (axis_sum=1.3)",3,0,0,300,wt,False,,340,,0,,,,,
867168,2026-04-12,20260412_83_07#7B,RANK_7B,"1=5-4,7,6 (axis_sum=1.2)",3,0,0,300,wt,False,,10800,,0,,,,,
867200,2026-04-13,20260413_12_04#7B,RANK_7B,"3=7-2,1,4 (axis_sum=1.4)",3,0,0,300,wt,False,,8510,,0,,,,,
867146,2026-04-13,20260413_37_06#7B,RANK_7B,"7=3-2,4,1 (axis_sum=1.4)",3,1,1020,300,wt,False,,1020,,0,,,,,
867083,2026-04-13,20260413_42_03#7B,RANK_7B,"5=2-7,4,1 (axis_sum=1.5)",3,0,0,300,wt,False,,270,,0,,,,,
867145,2026-04-13,20260413_46_09#7B,RANK_7B,"7=1-2,5,4 (axis_sum=1.4)",3,1,450,300,wt,False,,450,,0,,,,,
867235,2026-04-14,20260414_12_08#7B,RANK_7B,"5=2-4,7,1 (axis_sum=1.2)",3,0,0,300,wt,False,,7530,,0,,,,,
867128,2026-04-14,20260414_37_01#7B,RANK_7B,"1=4-3,2,7 (axis_sum=1.3)",3,0,0,300,wt,False,,680,,0,,,,,
867095,2026-04-14,20260414_37_08#7B,RANK_7B,"1=4-3,2,7 (axis_sum=1.6)",3,0,0,300,wt,False,,200,,0,,,,,
867153,2026-04-14,20260414_37_09#7B,RANK_7B,"3=4-1,7,5 (axis_sum=1.5)",3,0,0,300,wt,False,,920,,0,,,,,
867100,2026-04-14,20260414_44_06#7B,RANK_7B,"7=4-3,2,5 (axis_sum=1.4)",3,0,0,300,wt,False,,4370,,0,,,,,
867101,2026-04-15,20260415_11_06#7B,RANK_7B,"5=2-7,3,6 (axis_sum=1.5)",3,0,0,300,wt,False,,5030,,0,,,,,
867154,2026-04-15,20260415_11_08#7B,RANK_7B,"5=1-3,4,6 (axis_sum=1.6)",3,0,0,300,wt,False,,4340,,0,,,,,
867088,2026-04-15,20260415_11_10#7B,RANK_7B,"1=4-7,5,2 (axis_sum=1.6)",3,1,850,300,wt,False,,850,,0,,,,,
867243,2026-04-15,20260415_37_04#7B,RANK_7B,"5=1-2,3,6 (axis_sum=1.2)",3,0,0,300,wt,False,,1010,,0,,,,,
867223,2026-04-15,20260415_44_07#7B,RANK_7B,"5=7-4,2,1 (axis_sum=1.2)",3,0,0,300,wt,False,,1640,,0,,,,,
867076,2026-04-15,20260415_73_01#7B,RANK_7B,"1=2-4,5,6 (axis_sum=1.7)",3,0,0,300,wt,False,,230,,0,,,,,
867133,2026-04-15,20260415_73_03#7B,RANK_7B,"1=2-4,5,7 (axis_sum=1.3)",3,0,0,300,wt,False,,1330,,0,,,,,
867192,2026-04-16,20260416_23_09#7B,RANK_7B,"4=5-2,1,7 (axis_sum=1.5)",3,0,0,300,wt,False,,1930,,0,,,,,
867174,2026-04-16,20260416_45_06#7B,RANK_7B,"1=3-5,4,2 (axis_sum=1.2)",3,0,0,300,wt,False,,650,,0,,,,,
867238,2026-04-16,20260416_45_07#7B,RANK_7B,"2=1-7,5,3 (axis_sum=1.4)",3,0,0,300,wt,False,,1020,,0,,,,,
867098,2026-04-16,20260416_45_11#7B,RANK_7B,"4=3-5,2,6 (axis_sum=1.4)",3,0,0,300,wt,False,,3650,,0,,,,,
867122,2026-04-16,20260416_74_06#7B,RANK_7B,"1=4-7,3,6 (axis_sum=1.5)",3,0,0,300,wt,False,,1200,,0,,,,,
867161,2026-04-16,20260416_87_06#7B,RANK_7B,"7=1-4,2,5 (axis_sum=1.5)",3,0,0,300,wt,False,,190,,0,,,,,
867186,2026-04-17,20260417_11_11#7B,RANK_7B,"7=2-3,5,6 (axis_sum=1.5)",3,0,0,300,wt,False,,2440,,0,,,,,
867166,2026-04-17,20260417_25_01#7B,RANK_7B,"1=3-2,5,6 (axis_sum=1.4)",3,0,0,300,wt,False,,2090,,0,,,,,
867087,2026-04-17,20260417_31_05#7B,RANK_7B,"2=1-4,6,5 (axis_sum=1.4)",3,0,0,300,wt,False,,570,,0,,,,,
867176,2026-04-17,20260417_43_06#7B,RANK_7B,"1=2-4,6,5 (axis_sum=1.3)",3,0,0,300,wt,False,,270,,0,,,,,
867091,2026-04-17,20260417_74_01#7B,RANK_7B,"3=5-1,2,7 (axis_sum=1.6)",3,0,0,300,wt,False,,1230,,0,,,,,
867196,2026-04-17,20260417_74_02#7B,RANK_7B,"4=5-3,1,7 (axis_sum=1.4)",3,0,0,300,wt,False,,1240,,0,,,,,
867182,2026-04-18,20260418_25_02#7B,RANK_7B,"4=5-2,7,3 (axis_sum=1.2)",3,0,0,300,wt,False,,6940,,0,,,,,
867110,2026-04-18,20260418_37_01#7B,RANK_7B,"3=7-4,5,2 (axis_sum=1.7)",3,1,380,300,wt,False,,380,,0,,,,,
867104,2026-04-18,20260418_53_08#7B,RANK_7B,"4=1-5,7,2 (axis_sum=1.6)",3,1,240,300,wt,False,,240,,0,,,,,
867078,2026-04-18,20260418_53_10#7B,RANK_7B,"1=5-2,7,4 (axis_sum=1.6)",3,1,270,300,wt,False,,270,,0,,,,,
867226,2026-04-18,20260418_53_11#7B,RANK_7B,"1=7-5,2,4 (axis_sum=1.2)",3,0,0,300,wt,False,,1210,,0,,,,,
867167,2026-04-18,20260418_63_01#7B,RANK_7B,"5=7-3,4,2 (axis_sum=1.3)",3,0,0,300,wt,False,,3800,,0,,,,,
867082,2026-04-18,20260418_63_04#7B,RANK_7B,"3=7-5,1,6 (axis_sum=1.7)",3,0,0,300,wt,False,,150,,0,,,,,
867086,2026-04-18,20260418_63_06#7B,RANK_7B,"7=1-2,4,6 (axis_sum=1.7)",3,1,290,300,wt,False,,290,,0,,,,,
867143,2026-04-19,20260419_11_05#7B,RANK_7B,"2=3-1,5,6 (axis_sum=1.5)",3,0,0,300,wt,False,,630,,0,,,,,
867234,2026-04-19,20260419_27_08#7B,RANK_7B,"2=5-7,4,3 (axis_sum=1.4)",3,0,0,300,wt,False,,1570,,0,,,,,
867233,2026-04-19,20260419_27_11#7B,RANK_7B,"1=4-5,3,2 (axis_sum=1.4)",3,0,0,300,wt,False,,700,,0,,,,,
867163,2026-04-19,20260419_37_04#7B,RANK_7B,"2=5-1,4,7 (axis_sum=1.4)",3,0,0,300,wt,False,,900,,0,,,,,
867117,2026-04-19,20260419_44_07#7B,RANK_7B,"2=3-6,4,5 (axis_sum=1.4)",3,1,870,300,wt,False,,870,,0,,,,,
867132,2026-04-20,20260420_23_06#7B,RANK_7B,"7=3-4,2,5 (axis_sum=1.7)",3,0,0,300,wt,False,,300,,0,,,,,
867230,2026-04-20,20260420_63_07#7B,RANK_7B,"1=4-3,5,7 (axis_sum=1.2)",3,0,0,300,wt,False,,1940,,0,,,,,
867201,2026-04-20,20260420_75_01#7B,RANK_7B,"7=2-1,4,5 (axis_sum=1.4)",3,1,700,300,wt,False,,700,,0,,,,,
867079,2026-04-21,20260421_11_05#7B,RANK_7B,"2=1-3,5,4 (axis_sum=1.7)",3,1,230,300,wt,False,,230,,0,,,,,
867218,2026-04-21,20260421_11_06#7B,RANK_7B,"2=1-3,4,5 (axis_sum=1.3)",3,0,0,300,wt,False,,3690,,0,,,,,
867142,2026-04-21,20260421_38_06#7B,RANK_7B,"4=3-2,1,7 (axis_sum=1.4)",3,0,0,300,wt,False,,720,,0,,,,,
867228,2026-04-21,20260421_38_08#7B,RANK_7B,"7=1-4,3,5 (axis_sum=1.5)",3,0,0,300,wt,False,,3360,,0,,,,,
867215,2026-04-21,20260421_44_09#7B,RANK_7B,"1=2-6,3,5 (axis_sum=1.4)",3,1,730,300,wt,False,,730,,0,,,,,
867221,2026-04-21,20260421_73_10#7B,RANK_7B,"2=5-1,4,6 (axis_sum=1.5)",3,1,520,300,wt,False,,520,,0,,,,,
867144,2026-04-21,20260421_75_03#7B,RANK_7B,"7=3-5,1,2 (axis_sum=1.5)",3,0,0,300,wt,False,,820,,0,,,,,
867084,2026-04-22,20260422_22_01#7B,RANK_7B,"1=7-3,5,6 (axis_sum=1.5)",3,0,0,300,wt,False,,160,,0,,,,,
867212,2026-04-22,20260422_22_10#7B,RANK_7B,"1=3-5,7,6 (axis_sum=1.4)",3,0,0,300,wt,False,,9680,,0,,,,,
867193,2026-04-22,20260422_75_03#7B,RANK_7B,"1=5-2,7,3 (axis_sum=1.3)",3,0,0,300,wt,False,,1280,,0,,,,,
867236,2026-04-22,20260422_75_09#7B,RANK_7B,"1=4-7,3,5 (axis_sum=1.3)",3,0,0,300,wt,False,,930,,0,,,,,
867237,2026-04-23,20260423_21_06#7B,RANK_7B,"1=3-7,4,6 (axis_sum=1.2)",3,1,1260,300,wt,False,,1260,,0,,,,,
867191,2026-04-23,20260423_28_03#7B,RANK_7B,"7=1-5,2,6 (axis_sum=1.4)",3,0,0,300,wt,False,,2760,,0,,,,,
867081,2026-04-23,20260423_35_08#7B,RANK_7B,"1=4-2,7,3 (axis_sum=1.7)",3,1,630,300,wt,False,,630,,0,,,,,
867175,2026-04-23,20260423_81_04#7B,RANK_7B,"1=2-4,7,6 (axis_sum=1.5)",3,0,0,300,wt,False,,560,,0,,,,,
867103,2026-04-24,20260424_22_02#7B,RANK_7B,"7=5-3,4,2 (axis_sum=1.5)",3,0,0,300,wt,False,,480,,0,,,,,
867108,2026-04-24,20260424_35_03#7B,RANK_7B,"1=2-4,5,3 (axis_sum=1.6)",3,1,2250,300,wt,False,,2250,,0,,,,,
867162,2026-04-24,20260424_61_10#7B,RANK_7B,"7=1-3,2,4 (axis_sum=1.5)",3,1,3340,300,wt,False,,3340,,0,,,,,
867093,2026-04-24,20260424_81_06#7B,RANK_7B,"1=2-3,5,6 (axis_sum=1.7)",3,0,0,300,wt,False,,750,,0,,,,,
867105,2026-04-24,20260424_83_01#7B,RANK_7B,"3=1-2,5,7 (axis_sum=1.6)",3,0,0,300,wt,False,,3910,,0,,,,,
867097,2026-04-25,20260425_11_01#7B,RANK_7B,"1=2-7,5,4 (axis_sum=1.7)",3,0,0,300,wt,False,,290,,0,,,,,
867121,2026-04-25,20260425_31_07#7B,RANK_7B,"6=1-5,7,3 (axis_sum=1.6)",3,0,0,300,wt,False,,680,,0,,,,,
867131,2026-04-25,20260425_31_10#7B,RANK_7B,"3=1-2,4,6 (axis_sum=1.4)",3,1,2160,300,wt,False,,2160,,0,,,,,
867136,2026-04-25,20260425_35_06#7B,RANK_7B,"3=1-7,4,2 (axis_sum=1.3)",3,0,0,300,wt,False,,7210,,0,,,,,
867092,2026-04-25,20260425_53_06#7B,RANK_7B,"2=1-4,3,5 (axis_sum=1.8)",3,1,980,300,wt,False,,980,,0,,,,,
867225,2026-04-25,20260425_55_07#7B,RANK_7B,"5=7-1,2,3 (axis_sum=1.3)",3,0,0,300,wt,False,,2840,,0,,,,,
867099,2026-04-26,20260426_11_03#7B,RANK_7B,"2=3-6,5,4 (axis_sum=1.6)",3,1,1020,300,wt,False,,1020,,0,,,,,
867124,2026-04-26,20260426_11_08#7B,RANK_7B,"3=1-4,6,5 (axis_sum=1.6)",3,0,0,300,wt,False,,230,,0,,,,,
867090,2026-04-26,20260426_53_06#7B,RANK_7B,"2=1-3,5,7 (axis_sum=1.5)",3,0,0,300,wt,False,,160,,0,,,,,
867211,2026-04-26,20260426_87_02#7B,RANK_7B,"7=3-2,1,4 (axis_sum=1.3)",3,0,0,300,wt,False,,1800,,0,,,,,
867240,2026-04-26,20260426_87_05#7B,RANK_7B,"4=1-7,3,2 (axis_sum=1.4)",3,1,1120,300,wt,False,,1120,,0,,,,,
867152,2026-04-26,20260426_87_09#7B,RANK_7B,"4=1-5,3,6 (axis_sum=1.5)",3,1,500,300,wt,False,,500,,0,,,,,
867207,2026-04-27,20260427_11_06#7B,RANK_7B,"3=1-5,6,7 (axis_sum=1.4)",3,0,0,300,wt,False,,2510,,0,,,,,
867188,2026-04-27,20260427_25_06#7B,RANK_7B,"2=1-3,5,4 (axis_sum=1.3)",3,0,0,300,wt,False,,9780,,0,,,,,
867135,2026-04-27,20260427_43_08#7B,RANK_7B,"2=4-1,5,6 (axis_sum=1.4)",3,0,0,300,wt,False,,610,,0,,,,,
867134,2026-04-27,20260427_53_06#7B,RANK_7B,"1=2-5,3,6 (axis_sum=1.5)",3,0,0,300,wt,False,,330,,0,,,,,
867244,2026-04-27,20260427_53_09#7B,RANK_7B,"3=7-2,1,4 (axis_sum=1.5)",3,1,1340,300,wt,False,,1340,,0,,,,,
867119,2026-04-27,20260427_86_05#7B,RANK_7B,"5=7-2,4,3 (axis_sum=1.6)",3,0,0,300,wt,False,,10060,,0,,,,,
867209,2026-04-27,20260427_87_07#7B,RANK_7B,"7=5-1,4,3 (axis_sum=1.4)",3,0,0,300,wt,False,,2040,,0,,,,,
867130,2026-04-27,20260427_87_12#7B,RANK_7B,"1=5-2,7,3 (axis_sum=1.6)",3,0,0,300,wt,False,,4980,,0,,,,,
867151,2026-04-28,20260428_25_01#7B,RANK_7B,"1=5-2,4,3 (axis_sum=1.4)",3,1,1870,300,wt,False,,1870,,0,,,,,
867194,2026-04-28,20260428_25_02#7B,RANK_7B,"3=2-7,5,6 (axis_sum=1.3)",3,0,0,300,wt,False,,4350,,0,,,,,
867118,2026-04-28,20260428_27_07#7B,RANK_7B,"1=4-5,6,7 (axis_sum=1.5)",3,0,0,300,wt,False,,9460,,0,,,,,
867113,2026-04-28,20260428_27_08#7B,RANK_7B,"5=1-3,6,7 (axis_sum=1.4)",3,1,570,300,wt,False,,570,,0,,,,,
867137,2026-04-28,20260428_43_04#7B,RANK_7B,"1=4-7,2,3 (axis_sum=1.4)",3,0,0,300,wt,False,,1430,,0,,,,,
867179,2026-04-28,20260428_61_06#7B,RANK_7B,"1=4-5,3,6 (axis_sum=1.5)",3,0,0,300,wt,False,,10490,,0,,,,,
867214,2026-04-28,20260428_87_01#7B,RANK_7B,"7=2-5,1,3 (axis_sum=1.2)",3,0,0,300,wt,False,,3130,,0,,,,,
867224,2026-04-28,20260428_87_11#7B,RANK_7B,"5=7-2,4,1 (axis_sum=1.3)",3,0,0,300,wt,False,,610,,0,,,,,
867190,2026-04-29,20260429_25_10#7B,RANK_7B,"5=1-4,3,2 (axis_sum=1.3)",3,0,0,300,wt,False,,3690,,0,,,,,
867150,2026-04-29,20260429_27_03#7B,RANK_7B,"7=5-2,3,4 (axis_sum=1.8)",3,1,510,300,wt,False,,510,,0,,,,,
867147,2026-04-29,20260429_37_02#7B,RANK_7B,"3=1-5,4,6 (axis_sum=1.4)",3,1,300,300,wt,False,,300,,0,,,,,
867139,2026-04-29,20260429_43_01#7B,RANK_7B,"3=5-1,7,4 (axis_sum=1.6)",3,0,0,300,wt,False,,220,,0,,,,,
867149,2026-04-29,20260429_61_01#7B,RANK_7B,"2=1-7,4,3 (axis_sum=1.2)",3,0,0,300,wt,False,,3810,,0,,,,,
867148,2026-04-29,20260429_61_07#7B,RANK_7B,"2=7-3,5,1 (axis_sum=1.7)",3,1,800,300,wt,False,,800,,0,,,,,
867213,2026-04-29,20260429_62_05#7B,RANK_7B,"3=4-2,7,6 (axis_sum=1.3)",3,0,0,300,wt,False,,1020,,0,,,,,
867102,2026-04-30,20260430_11_09#7B,RANK_7B,"4=3-1,5,2 (axis_sum=1.6)",3,0,0,300,wt,False,,4020,,0,,,,,
867169,2026-04-30,20260430_27_07#7B,RANK_7B,"5=1-3,2,7 (axis_sum=1.7)",3,1,620,300,wt,False,,620,,0,,,,,
867156,2026-04-30,20260430_46_07#7B,RANK_7B,"2=5-4,3,7 (axis_sum=1.3)",3,1,570,300,wt,False,,570,,0,,,,,
867239,2026-04-30,20260430_61_09#7B,RANK_7B,"1=3-4,7,2 (axis_sum=1.2)",3,0,0,300,wt,False,,8290,,0,,,,,
867220,2026-04-30,20260430_62_09#7B,RANK_7B,"1=2-6,4,5 (axis_sum=1.2)",3,0,0,300,wt,False,,2090,,0,,,,,
867393,2026-05-01,20260501_11_10#7B,RANK_7B,"2=1-7,3,5 (axis_sum=1.2)",3,0,0,300,wt,False,,2320,,0,,,,,
867333,2026-05-01,20260501_23_05#7B,RANK_7B,"2=5-1,3,4 (axis_sum=1.3)",3,0,0,300,wt,False,,1300,,0,,,,,
867252,2026-05-01,20260501_26_02#7B,RANK_7B,"1=2-3,4,6 (axis_sum=1.7)",3,0,0,300,wt,False,,130,,0,,,,,
867284,2026-05-01,20260501_53_07#7B,RANK_7B,"5=2-4,7,3 (axis_sum=1.5)",3,1,460,300,wt,False,,460,,0,,,,,
867348,2026-05-02,20260502_11_09#7B,RANK_7B,"4=5-1,3,7 (axis_sum=1.3)",3,0,0,300,wt,False,,470,,0,,,,,
867319,2026-05-02,20260502_46_06#7B,RANK_7B,"7=2-5,1,4 (axis_sum=1.3)",3,1,1110,300,wt,False,,1110,,0,,,,,
867388,2026-05-02,20260502_53_06#7B,RANK_7B,"7=5-2,6,3 (axis_sum=1.3)",3,0,0,300,wt,False,,1270,,0,,,,,
867277,2026-05-03,20260503_27_07#7B,RANK_7B,"2=3-1,5,4 (axis_sum=1.5)",3,0,0,300,wt,False,,830,,0,,,,,
867276,2026-05-03,20260503_27_10#7B,RANK_7B,"3=4-5,2,7 (axis_sum=1.6)",3,0,0,300,wt,False,,300,,0,,,,,
867324,2026-05-03,20260503_63_05#7B,RANK_7B,"2=1-7,5,3 (axis_sum=1.5)",3,0,0,300,wt,False,,590,,0,,,,,
867302,2026-05-04,20260504_12_01#7B,RANK_7B,"2=1-5,4,3 (axis_sum=1.3)",3,0,0,300,wt,False,,490,,0,,,,,
867362,2026-05-04,20260504_27_07#7B,RANK_7B,"1=4-3,5,6 (axis_sum=1.4)",3,0,0,300,wt,False,,1360,,0,,,,,
867394,2026-05-04,20260504_47_12#7B,RANK_7B,"2=7-1,5,4 (axis_sum=1.3)",3,0,0,300,wt,False,,6420,,0,,,,,
867255,2026-05-04,20260504_74_07#7B,RANK_7B,"2=1-3,6,5 (axis_sum=1.7)",3,0,0,300,wt,False,,1350,,0,,,,,
867331,2026-05-05,20260505_47_03#7B,RANK_7B,"3=1-5,4,6 (axis_sum=1.5)",3,1,360,300,wt,False,,360,,0,,,,,
867384,2026-05-05,20260505_47_10#7B,RANK_7B,"7=1-5,3,4 (axis_sum=1.3)",3,0,0,300,wt,False,,3050,,0,,,,,
867288,2026-05-05,20260505_74_04#7B,RANK_7B,"1=2-4,5,6 (axis_sum=1.4)",3,0,0,300,wt,False,,200,,0,,,,,
867245,2026-05-06,20260506_21_02#7B,RANK_7B,"5=2-1,6,4 (axis_sum=1.5)",3,0,0,300,wt,False,,130,,0,,,,,
867335,2026-05-06,20260506_43_03#7B,RANK_7B,"4=7-2,5,3 (axis_sum=1.3)",3,1,250,300,wt,False,,250,,0,,,,,
867370,2026-05-07,20260507_43_07#7B,RANK_7B,"4=1-3,5,7 (axis_sum=1.5)",3,0,0,300,wt,False,,620,,0,,,,,
867350,2026-05-07,20260507_62_12#7B,RANK_7B,"1=4-3,2,7 (axis_sum=1.4)",3,1,590,300,wt,False,,590,,0,,,,,
867273,2026-05-07,20260507_87_04#7B,RANK_7B,"7=2-1,6,4 (axis_sum=1.7)",3,0,0,300,wt,False,,2030,,0,,,,,
867271,2026-05-07,20260507_87_11#7B,RANK_7B,"7=2-5,1,4 (axis_sum=1.4)",3,1,1400,300,wt,False,,1400,,0,,,,,
867250,2026-05-08,20260508_23_02#7B,RANK_7B,"4=1-5,7,3 (axis_sum=1.7)",3,0,0,300,wt,False,,210,,0,,,,,
867365,2026-05-08,20260508_23_05#7B,RANK_7B,"1=7-4,2,3 (axis_sum=1.4)",3,1,400,300,wt,False,,400,,0,,,,,
867379,2026-05-08,20260508_23_12#7B,RANK_7B,"1=5-4,2,3 (axis_sum=1.3)",3,1,1020,300,wt,False,,1020,,0,,,,,
867364,2026-05-08,20260508_62_05#7B,RANK_7B,"3=1-7,5,2 (axis_sum=1.3)",3,0,0,300,wt,False,,590,,0,,,,,
867371,2026-05-08,20260508_62_08#7B,RANK_7B,"5=4-1,3,7 (axis_sum=1.4)",3,0,0,300,wt,False,,1150,,0,,,,,
867347,2026-05-08,20260508_86_05#7B,RANK_7B,"2=1-4,5,6 (axis_sum=1.3)",3,0,0,300,wt,False,,2000,,0,,,,,
867337,2026-05-08,20260508_87_08#7B,RANK_7B,"7=1-4,5,3 (axis_sum=1.5)",3,0,0,300,wt,False,,980,,0,,,,,
867325,2026-05-08,20260508_87_09#7B,RANK_7B,"1=5-4,7,3 (axis_sum=1.4)",3,0,0,300,wt,False,,450,,0,,,,,
867297,2026-05-09,20260509_24_03#7B,RANK_7B,"7=1-5,3,4 (axis_sum=1.3)",3,0,0,300,wt,False,,430,,0,,,,,
867259,2026-05-09,20260509_24_06#7B,RANK_7B,"7=3-2,5,1 (axis_sum=1.8)",3,1,430,300,wt,False,,430,,0,,,,,
867398,2026-05-09,20260509_75_07#7B,RANK_7B,"1=4-6,5,3 (axis_sum=1.1)",3,1,5170,300,wt,False,,5170,,0,,,,,
867318,2026-05-09,20260509_86_05#7B,RANK_7B,"2=3-6,4,5 (axis_sum=1.3)",3,1,710,300,wt,False,,710,,0,,,,,
867391,2026-05-09,20260509_87_11#7B,RANK_7B,"7=2-3,5,4 (axis_sum=1.3)",3,0,0,300,wt,False,,5010,,0,,,,,
867251,2026-05-10,20260510_21_06#7B,RANK_7B,"1=2-3,5,6 (axis_sum=1.7)",3,0,0,300,wt,False,,160,,0,,,,,
867261,2026-05-10,20260510_21_07#7B,RANK_7B,"1=2-3,6,5 (axis_sum=1.6)",3,1,1470,300,wt,False,,1470,,0,,,,,
867349,2026-05-10,20260510_23_03#7B,RANK_7B,"4=1-2,7,5 (axis_sum=1.4)",3,0,0,300,wt,False,,1030,,0,,,,,
867303,2026-05-10,20260510_24_06#7B,RANK_7B,"7=1-3,6,2 (axis_sum=1.6)",3,0,0,300,wt,False,,3140,,0,,,,,
867399,2026-05-10,20260510_75_11#7B,RANK_7B,"3=2-1,7,5 (axis_sum=1.4)",3,0,0,300,wt,False,,1090,,0,,,,,
867383,2026-05-11,20260511_21_06#7B,RANK_7B,"1=4-5,3,7 (axis_sum=1.1)",3,0,0,300,wt,False,,4240,,0,,,,,
867358,2026-05-11,20260511_37_05#7B,RANK_7B,"2=4-5,7,1 (axis_sum=1.3)",3,1,610,300,wt,False,,610,,0,,,,,
867320,2026-05-12,20260512_21_01#7B,RANK_7B,"5=3-2,4,6 (axis_sum=1.3)",3,0,0,300,wt,False,,2990,,0,,,,,
867304,2026-05-12,20260512_37_04#7B,RANK_7B,"5=3-1,7,2 (axis_sum=1.4)",3,0,0,300,wt,False,,670,,0,,,,,
867248,2026-05-12,20260512_47_01#7B,RANK_7B,"2=5-6,7,4 (axis_sum=1.5)",3,0,0,300,wt,False,,1370,,0,,,,,
867293,2026-05-13,20260513_27_02#7B,RANK_7B,"4=5-3,2,1 (axis_sum=1.5)",3,0,0,300,wt,False,,730,,0,,,,,
867355,2026-05-13,20260513_27_06#7B,RANK_7B,"2=4-7,1,5 (axis_sum=1.5)",3,1,310,300,wt,False,,310,,0,,,,,
867357,2026-05-13,20260513_56_03#7B,RANK_7B,"1=5-2,4,7 (axis_sum=1.4)",3,0,0,300,wt,False,,2290,,0,,,,,
867340,2026-05-13,20260513_73_05#7B,RANK_7B,"1=5-2,4,6 (axis_sum=1.4)",3,0,0,300,wt,False,,3430,,0,,,,,
867283,2026-05-13,20260513_73_08#7B,RANK_7B,"7=1-2,4,6 (axis_sum=1.6)",3,0,0,300,wt,False,,400,,0,,,,,
867382,2026-05-13,20260513_73_12#7B,RANK_7B,"1=7-3,4,6 (axis_sum=1.5)",3,1,260,300,wt,False,,260,,0,,,,,
867308,2026-05-13,20260513_84_05#7B,RANK_7B,"4=2-7,5,3 (axis_sum=1.3)",3,0,0,300,wt,False,,510,,0,,,,,
867338,2026-05-14,20260514_31_04#7B,RANK_7B,"2=3-1,4,7 (axis_sum=1.2)",3,0,0,300,wt,False,,5450,,0,,,,,
867306,2026-05-14,20260514_81_05#7B,RANK_7B,"3=2-6,4,5 (axis_sum=1.4)",3,0,0,300,wt,False,,6080,,0,,,,,
867258,2026-05-15,20260515_24_02#7B,RANK_7B,"5=1-2,3,7 (axis_sum=1.6)",3,0,0,300,wt,False,,4060,,0,,,,,
867285,2026-05-15,20260515_36_02#7B,RANK_7B,"3=4-1,5,7 (axis_sum=1.5)",3,0,0,300,wt,False,,480,,0,,,,,
867315,2026-05-15,20260515_73_03#7B,RANK_7B,"1=3-4,2,5 (axis_sum=1.5)",3,0,0,300,wt,False,,740,,0,,,,,
867386,2026-05-15,20260515_73_08#7B,RANK_7B,"3=1-7,5,4 (axis_sum=1.2)",3,0,0,300,wt,False,,660,,0,,,,,
867301,2026-05-15,20260515_81_03#7B,RANK_7B,"1=2-4,5,7 (axis_sum=1.5)",3,0,0,300,wt,False,,240,,0,,,,,
867380,2026-05-16,20260516_24_03#7B,RANK_7B,"2=7-5,3,6 (axis_sum=1.5)",3,0,0,300,wt,False,,7080,,0,,,,,
867396,2026-05-16,20260516_24_08#7B,RANK_7B,"2=5-4,3,7 (axis_sum=1.2)",3,0,0,300,wt,False,,2930,,0,,,,,
867397,2026-05-16,20260516_24_10#7B,RANK_7B,"2=1-4,7,3 (axis_sum=1.3)",3,1,2220,300,wt,False,,2220,,0,,,,,
867329,2026-05-16,20260516_36_01#7B,RANK_7B,"4=1-2,7,3 (axis_sum=1.3)",3,0,0,300,wt,False,,430,,0,,,,,
867332,2026-05-16,20260516_36_08#7B,RANK_7B,"1=5-7,2,6 (axis_sum=1.4)",3,1,1510,300,wt,False,,1510,,0,,,,,
867354,2026-05-16,20260516_36_11#7B,RANK_7B,"1=7-4,2,6 (axis_sum=1.5)",3,0,0,300,wt,False,,6380,,0,,,,,
867265,2026-05-16,20260516_43_07#7B,RANK_7B,"1=2-3,4,6 (axis_sum=1.7)",3,1,630,300,wt,False,,630,,0,,,,,
867395,2026-05-17,20260517_24_04#7B,RANK_7B,"3=7-1,2,6 (axis_sum=1.2)",3,0,0,300,wt,False,,3050,,0,,,,,
867367,2026-05-17,20260517_24_09#7B,RANK_7B,"7=5-3,1,2 (axis_sum=1.5)",3,1,1120,300,wt,False,,1120,,0,,,,,
867360,2026-05-17,20260517_36_02#7B,RANK_7B,"4=2-3,5,7 (axis_sum=1.2)",3,0,0,300,wt,False,,2020,,0,,,,,
867381,2026-05-17,20260517_36_12#7B,RANK_7B,"7=1-3,5,2 (axis_sum=1.4)",3,0,0,300,wt,False,,2680,,0,,,,,
867313,2026-05-17,20260517_55_06#7B,RANK_7B,"5=4-1,7,2 (axis_sum=1.3)",3,0,0,300,wt,False,,4520,,0,,,,,
867326,2026-05-17,20260517_56_06#7B,RANK_7B,"1=2-5,4,6 (axis_sum=1.3)",3,0,0,300,wt,False,,3160,,0,,,,,
867289,2026-05-17,20260517_63_02#7B,RANK_7B,"2=5-3,7,1 (axis_sum=1.6)",3,0,0,300,wt,False,,13660,,0,,,,,
867373,2026-05-18,20260518_27_07#7B,RANK_7B,"2=7-4,3,5 (axis_sum=1.2)",3,0,0,300,wt,False,,820,,0,,,,,
867266,2026-05-18,20260518_27_11#7B,RANK_7B,"1=4-5,7,2 (axis_sum=1.7)",3,0,0,300,wt,False,,5850,,0,,,,,
867274,2026-05-18,20260518_63_04#7B,RANK_7B,"1=4-5,3,2 (axis_sum=1.7)",3,1,560,300,wt,False,,560,,0,,,,,
867280,2026-05-18,20260518_74_07#7B,RANK_7B,"1=3-7,2,5 (axis_sum=1.6)",3,0,0,300,wt,False,,610,,0,,,,,
867275,2026-05-18,20260518_74_08#7B,RANK_7B,"2=5-1,3,4 (axis_sum=1.6)",3,1,860,300,wt,False,,860,,0,,,,,
867307,2026-05-18,20260518_74_09#7B,RANK_7B,"1=2-3,7,4 (axis_sum=1.6)",3,1,670,300,wt,False,,670,,0,,,,,
867385,2026-05-19,20260519_12_04#7B,RANK_7B,"2=3-1,6,4 (axis_sum=1.1)",3,0,0,300,wt,False,,800,,0,,,,,
867295,2026-05-19,20260519_63_04#7B,RANK_7B,"1=7-5,4,3 (axis_sum=1.3)",3,0,0,300,wt,False,,4900,,0,,,,,
867311,2026-05-19,20260519_74_06#7B,RANK_7B,"4=2-3,7,1 (axis_sum=1.7)",3,0,0,300,wt,False,,5480,,0,,,,,
867351,2026-05-19,20260519_74_09#7B,RANK_7B,"1=4-7,2,5 (axis_sum=1.5)",3,0,0,300,wt,False,,970,,0,,,,,
867278,2026-05-19,20260519_83_06#7B,RANK_7B,"1=7-4,5,2 (axis_sum=1.5)",3,0,0,300,wt,False,,670,,0,,,,,
867356,2026-05-20,20260520_27_03#7B,RANK_7B,"1=2-5,7,3 (axis_sum=1.4)",3,0,0,300,wt,False,,1810,,0,,,,,
867290,2026-05-20,20260520_74_01#7B,RANK_7B,"5=2-4,1,3 (axis_sum=1.5)",3,0,0,300,wt,False,,340,,0,,,,,
867330,2026-05-20,20260520_74_05#7B,RANK_7B,"5=7-2,1,6 (axis_sum=1.3)",3,1,1200,300,wt,False,,1200,,0,,,,,
867334,2026-05-20,20260520_74_08#7B,RANK_7B,"1=3-2,5,4 (axis_sum=1.4)",3,0,0,300,wt,False,,1100,,0,,,,,
867368,2026-05-20,20260520_75_01#7B,RANK_7B,"3=1-7,2,5 (axis_sum=1.3)",3,0,0,300,wt,False,,1250,,0,,,,,
867300,2026-05-21,20260521_24_07#7B,RANK_7B,"7=3-2,1,4 (axis_sum=1.4)",3,0,0,300,wt,False,,6150,,0,,,,,
867342,2026-05-21,20260521_24_10#7B,RANK_7B,"7=1-3,4,2 (axis_sum=1.3)",3,0,0,300,wt,False,,4260,,0,,,,,
867389,2026-05-21,20260521_24_12#7B,RANK_7B,"4=2-3,7,5 (axis_sum=1.2)",3,0,0,300,wt,False,,1550,,0,,,,,
867286,2026-05-21,20260521_37_02#7B,RANK_7B,"3=1-4,2,5 (axis_sum=1.3)",3,1,1330,300,wt,False,,1330,,0,,,,,
867260,2026-05-21,20260521_37_03#7B,RANK_7B,"1=3-4,5,6 (axis_sum=1.7)",3,0,0,300,wt,False,,160,,0,,,,,
867361,2026-05-21,20260521_37_08#7B,RANK_7B,"1=2-4,6,7 (axis_sum=1.3)",3,0,0,300,wt,False,,2650,,0,,,,,
867281,2026-05-21,20260521_42_01#7B,RANK_7B,"4=6-7,1,2 (axis_sum=1.3)",3,0,0,300,wt,False,,590,,0,,,,,
867263,2026-05-21,20260521_42_04#7B,RANK_7B,"7=3-5,1,6 (axis_sum=1.7)",3,0,0,300,wt,False,,170,,0,,,,,
867247,2026-05-22,20260522_25_01#7B,RANK_7B,"1=6-2,4,5 (axis_sum=1.7)",3,0,0,300,wt,False,,2750,,0,,,,,
867341,2026-05-22,20260522_44_07#7B,RANK_7B,"3=7-4,5,1 (axis_sum=1.2)",3,0,0,300,wt,False,,1250,,0,,,,,
867374,2026-05-22,20260522_44_09#7B,RANK_7B,"2=7-4,5,3 (axis_sum=1.4)",3,1,490,300,wt,False,,490,,0,,,,,
867267,2026-05-22,20260522_62_06#7B,RANK_7B,"2=1-4,5,6 (axis_sum=1.4)",3,0,0,300,wt,False,,550,,0,,,,,
867372,2026-05-22,20260522_75_03#7B,RANK_7B,"5=7-3,1,4 (axis_sum=1.4)",3,0,0,300,wt,False,,2670,,0,,,,,
867363,2026-05-22,20260522_75_08#7B,RANK_7B,"7=4-1,2,3 (axis_sum=1.3)",3,0,0,300,wt,False,,950,,0,,,,,
867254,2026-05-22,20260522_75_11#7B,RANK_7B,"4=3-7,6,2 (axis_sum=1.8)",3,1,400,300,wt,False,,400,,0,,,,,
867390,2026-05-23,20260523_24_01#7B,RANK_7B,"1=4-2,7,3 (axis_sum=1.3)",3,0,0,300,wt,False,,1360,,0,,,,,
867305,2026-05-23,20260523_24_03#7B,RANK_7B,"3=1-7,2,5 (axis_sum=1.4)",3,1,330,300,wt,False,,330,,0,,,,,
867249,2026-05-23,20260523_35_02#7B,RANK_7B,"3=5-1,7,2 (axis_sum=1.5)",3,0,0,300,wt,False,,6160,,0,,,,,
867375,2026-05-23,20260523_35_08#7B,RANK_7B,"4=7-3,6,1 (axis_sum=1.2)",3,1,530,300,wt,False,,530,,0,,,,,
867309,2026-05-24,20260524_11_03#7B,RANK_7B,"7=1-5,4,3 (axis_sum=1.5)",3,0,0,300,wt,False,,420,,0,,,,,
867344,2026-05-24,20260524_11_11#7B,RANK_7B,"4=7-2,3,5 (axis_sum=1.4)",3,0,0,300,wt,False,,1500,,0,,,,,
867246,2026-05-24,20260524_35_01#7B,RANK_7B,"1=3-2,4,5 (axis_sum=1.7)",3,0,0,300,wt,False,,140,,0,,,,,
867322,2026-05-24,20260524_62_02#7B,RANK_7B,"4=2-3,5,6 (axis_sum=1.5)",3,1,1880,300,wt,False,,1880,,0,,,,,
867264,2026-05-25,20260525_11_04#7B,RANK_7B,"3=7-1,2,5 (axis_sum=1.7)",3,0,0,300,wt,False,,860,,0,,,,,
867378,2026-05-25,20260525_11_07#7B,RANK_7B,"1=3-7,4,2 (axis_sum=1.2)",3,0,0,300,wt,False,,1720,,0,,,,,
867353,2026-05-25,20260525_11_11#7B,RANK_7B,"3=1-7,5,2 (axis_sum=1.4)",3,0,0,300,wt,False,,2960,,0,,,,,
867279,2026-05-25,20260525_44_04#7B,RANK_7B,"1=3-4,7,2 (axis_sum=1.5)",3,0,0,300,wt,False,,2890,,0,,,,,
867299,2026-05-25,20260525_86_01#7B,RANK_7B,"5=2-3,7,1 (axis_sum=1.6)",3,0,0,300,wt,False,,920,,0,,,,,
867343,2026-05-25,20260525_86_05#7B,RANK_7B,"3=7-5,2,6 (axis_sum=1.5)",3,1,3110,300,wt,False,,3110,,0,,,,,
867327,2026-05-25,20260525_86_09#7B,RANK_7B,"5=1-7,4,3 (axis_sum=1.4)",3,0,0,300,wt,False,,1350,,0,,,,,
867292,2026-05-26,20260526_22_10#7B,RANK_7B,"4=6-2,3,5 (axis_sum=1.6)",3,1,400,300,wt,False,,400,,0,,,,,
867314,2026-05-26,20260526_38_05#7B,RANK_7B,"4=3-1,2,7 (axis_sum=1.3)",3,0,0,300,wt,False,,1610,,0,,,,,
867256,2026-05-26,20260526_61_02#7B,RANK_7B,"2=1-3,5,6 (axis_sum=1.6)",3,0,0,300,wt,False,,890,,0,,,,,
867377,2026-05-26,20260526_86_08#7B,RANK_7B,"7=1-3,4,5 (axis_sum=1.4)",3,0,0,300,wt,False,,2160,,0,,,,,
867366,2026-05-26,20260526_86_10#7B,RANK_7B,"3=7-1,5,6 (axis_sum=1.3)",3,0,0,300,wt,False,,2640,,0,,,,,
867298,2026-05-27,20260527_22_08#7B,RANK_7B,"1=7-2,3,4 (axis_sum=1.2)",3,0,0,300,wt,False,,580,,0,,,,,
867359,2026-05-27,20260527_44_02#7B,RANK_7B,"1=5-2,4,7 (axis_sum=1.2)",3,0,0,300,wt,False,,2780,,0,,,,,
867312,2026-05-27,20260527_44_10#7B,RANK_7B,"1=5-4,3,6 (axis_sum=1.5)",3,0,0,300,wt,False,,2800,,0,,,,,
867272,2026-05-28,20260528_12_05#7B,RANK_7B,"2=1-4,5,7 (axis_sum=1.5)",3,1,580,300,wt,False,,580,,0,,,,,
867346,2026-05-28,20260528_21_06#7B,RANK_7B,"7=3-5,4,2 (axis_sum=1.2)",3,1,620,300,wt,False,,620,,0,,,,,
867310,2026-05-28,20260528_37_01#7B,RANK_7B,"3=2-7,1,5 (axis_sum=1.3)",3,0,0,300,wt,False,,1460,,0,,,,,
867291,2026-05-28,20260528_43_01#7B,RANK_7B,"1=7-5,4,3 (axis_sum=1.3)",3,1,330,300,wt,False,,330,,0,,,,,
867316,2026-05-28,20260528_43_03#7B,RANK_7B,"5=1-4,6,7 (axis_sum=1.3)",3,0,0,300,wt,False,,2650,,0,,,,,
867268,2026-05-28,20260528_81_07#7B,RANK_7B,"2=1-4,5,6 (axis_sum=1.5)",3,0,0,300,wt,False,,1810,,0,,,,,
867387,2026-05-29,20260529_12_04#7B,RANK_7B,"2=4-7,3,5 (axis_sum=1.3)",3,1,510,300,wt,False,,510,,0,,,,,
867345,2026-05-29,20260529_21_01#7B,RANK_7B,"2=1-4,3,6 (axis_sum=1.3)",3,1,2910,300,wt,False,,2910,,0,,,,,
867369,2026-05-29,20260529_21_04#7B,RANK_7B,"1=2-5,3,7 (axis_sum=1.3)",3,0,0,300,wt,False,,1370,,0,,,,,
867328,2026-05-29,20260529_21_05#7B,RANK_7B,"4=2-3,5,6 (axis_sum=1.2)",3,0,0,300,wt,False,,1450,,0,,,,,
867339,2026-05-29,20260529_62_08#7B,RANK_7B,"1=7-3,4,6 (axis_sum=1.4)",3,0,0,300,wt,False,,11180,,0,,,,,
867323,2026-05-29,20260529_81_05#7B,RANK_7B,"2=3-4,5,6 (axis_sum=1.4)",3,0,0,300,wt,False,,1980,,0,,,,,
867282,2026-05-29,20260529_87_02#7B,RANK_7B,"2=7-5,3,6 (axis_sum=1.4)",3,0,0,300,wt,False,,1720,,0,,,,,
867336,2026-05-29,20260529_87_11#7B,RANK_7B,"1=3-4,2,5 (axis_sum=1.4)",3,0,0,300,wt,False,,2580,,0,,,,,
867294,2026-05-30,20260530_11_07#7B,RANK_7B,"1=2-4,3,5 (axis_sum=1.4)",3,0,0,300,wt,False,,2390,,0,,,,,
867269,2026-05-30,20260530_11_08#7B,RANK_7B,"4=2-1,5,6 (axis_sum=1.6)",3,0,0,300,wt,False,,160,,0,,,,,
867296,2026-05-30,20260530_43_06#7B,RANK_7B,"1=7-5,2,3 (axis_sum=1.6)",3,1,450,300,wt,False,,450,,0,,,,,
867352,2026-05-30,20260530_62_09#7B,RANK_7B,"1=4-3,5,2 (axis_sum=1.4)",3,0,0,300,wt,False,,350,,0,,,,,
867253,2026-05-30,20260530_81_01#7B,RANK_7B,"1=2-3,5,6 (axis_sum=1.6)",3,0,0,300,wt,False,,920,,0,,,,,
867287,2026-05-31,20260531_11_02#7B,RANK_7B,"7=3-2,4,6 (axis_sum=1.4)",3,0,0,300,wt,False,,2460,,0,,,,,
867257,2026-05-31,20260531_11_05#7B,RANK_7B,"6=4-1,3,5 (axis_sum=1.7)",3,0,0,300,wt,False,,2770,,0,,,,,
867392,2026-05-31,20260531_11_07#7B,RANK_7B,"4=3-7,5,1 (axis_sum=1.3)",3,1,430,300,wt,False,,430,,0,,,,,
867317,2026-05-31,20260531_31_05#7B,RANK_7B,"5=3-7,4,2 (axis_sum=1.5)",3,0,0,300,wt,False,,8700,,0,,,,,
867270,2026-05-31,20260531_36_04#7B,RANK_7B,"7=4-5,1,2 (axis_sum=1.5)",3,1,1990,300,wt,False,,1990,,0,,,,,
867321,2026-05-31,20260531_36_05#7B,RANK_7B,"7=5-4,2,3 (axis_sum=1.4)",3,0,0,300,wt,False,,3540,,0,,,,,
867262,2026-05-31,20260531_74_05#7B,RANK_7B,"2=4-5,3,7 (axis_sum=1.7)",3,0,0,300,wt,False,,5690,,0,,,,,
867376,2026-05-31,20260531_87_08#7B,RANK_7B,"4=1-3,7,2 (axis_sum=1.2)",3,1,830,300,wt,False,,830,,0,,,,,
867513,2026-06-01,20260601_24_02#7B,RANK_7B,"4=1-3,7,5 (axis_sum=1.1)",3,0,0,300,wt,False,,1170,,0,,,,,
867480,2026-06-01,20260601_31_02#7B,RANK_7B,"4=2-7,5,3 (axis_sum=1.3)",3,1,1440,300,wt,False,,1440,,0,,,,,
867482,2026-06-01,20260601_36_05#7B,RANK_7B,"5=2-3,7,1 (axis_sum=1.3)",3,0,0,300,wt,False,,1050,,0,,,,,
867458,2026-06-01,20260601_36_06#7B,RANK_7B,"4=2-1,3,5 (axis_sum=1.4)",3,0,0,300,wt,False,,640,,0,,,,,
867478,2026-06-01,20260601_55_02#7B,RANK_7B,"1=3-5,6,2 (axis_sum=1.5)",3,0,0,300,wt,False,,1640,,0,,,,,
867428,2026-06-01,20260601_55_10#7B,RANK_7B,"7=2-1,5,4 (axis_sum=1.6)",3,0,0,300,wt,False,,1940,,0,,,,,
867401,2026-06-01,20260601_56_02#7B,RANK_7B,"1=2-3,6,5 (axis_sum=1.6)",3,0,0,300,wt,False,,130,,0,,,,,
867465,2026-06-01,20260601_56_05#7B,RANK_7B,"1=2-4,5,6 (axis_sum=1.5)",3,0,0,300,wt,False,,2070,,0,,,,,
867516,2026-06-01,20260601_56_06#7B,RANK_7B,"1=7-4,5,3 (axis_sum=1.4)",3,0,0,300,wt,False,,1900,,0,,,,,
867483,2026-06-02,20260602_31_08#7B,RANK_7B,"4=2-7,5,6 (axis_sum=1.3)",3,0,0,300,wt,False,,7050,,0,,,,,
867484,2026-06-02,20260602_36_04#7B,RANK_7B,"1=2-4,5,6 (axis_sum=1.4)",3,0,0,300,wt,False,,1240,,0,,,,,
867490,2026-06-02,20260602_42_03#7B,RANK_7B,"4=3-1,2,7 (axis_sum=1.2)",3,0,0,300,wt,False,,450,,0,,,,,
867452,2026-06-02,20260602_56_04#7B,RANK_7B,"1=2-4,6,5 (axis_sum=1.5)",3,0,0,300,wt,False,,690,,0,,,,,
867488,2026-06-02,20260602_56_05#7B,RANK_7B,"3=2-6,4,5 (axis_sum=1.5)",3,0,0,300,wt,False,,2090,,0,,,,,
867441,2026-06-02,20260602_86_06#7B,RANK_7B,"3=4-2,7,5 (axis_sum=1.6)",3,0,0,300,wt,False,,40440,,0,,,,,
867408,2026-06-03,20260603_74_01#7B,RANK_7B,"1=2-4,5,7 (axis_sum=1.4)",3,0,0,300,wt,False,,1130,,0,,,,,
867450,2026-06-03,20260603_86_06#7B,RANK_7B,"3=4-1,5,2 (axis_sum=1.6)",3,0,0,300,wt,False,,2470,,0,,,,,
867519,2026-06-04,20260604_12_02#7B,RANK_7B,"3=7-1,4,2 (axis_sum=1.2)",3,0,0,300,wt,False,,4230,,0,,,,,
867471,2026-06-04,20260604_22_07#7B,RANK_7B,"2=1-3,4,5 (axis_sum=1.6)",3,1,660,300,wt,False,,660,,0,,,,,
867518,2026-06-04,20260604_63_10#7B,RANK_7B,"1=2-5,7,6 (axis_sum=1.5)",3,0,0,300,wt,False,,380,,0,,,,,
867404,2026-06-05,20260605_11_10#7B,RANK_7B,"1=7-2,3,5 (axis_sum=1.8)",3,0,0,300,wt,False,,120,,0,,,,,
867422,2026-06-05,20260605_35_07#7B,RANK_7B,"1=2-4,6,7 (axis_sum=1.8)",3,0,0,300,wt,False,,300,,0,,,,,
867420,2026-06-06,20260606_21_02#7B,RANK_7B,"4=2-7,3,5 (axis_sum=1.4)",3,0,0,300,wt,False,,1070,,0,,,,,
867514,2026-06-06,20260606_25_03#7B,RANK_7B,"3=4-5,7,6 (axis_sum=1.1)",3,1,1180,300,wt,False,,1180,,0,,,,,
867492,2026-06-07,20260607_11_08#7B,RANK_7B,"3=1-7,2,6 (axis_sum=1.4)",3,0,0,300,wt,False,,560,,0,,,,,
867522,2026-06-07,20260607_25_02#7B,RANK_7B,"3=4-2,5,1 (axis_sum=1.3)",3,0,0,300,wt,False,,1160,,0,,,,,
867475,2026-06-07,20260607_73_07#7B,RANK_7B,"1=3-4,5,6 (axis_sum=1.6)",3,0,0,300,wt,False,,5890,,0,,,,,
867416,2026-06-08,20260608_13_11#7B,RANK_7B,"1=5-3,4,6 (axis_sum=1.6)",3,0,0,300,wt,False,,140,,0,,,,,
867421,2026-06-08,20260608_44_02#7B,RANK_7B,"1=5-4,7,2 (axis_sum=1.5)",3,0,0,300,wt,False,,600,,0,,,,,
867429,2026-06-08,20260608_47_01#7B,RANK_7B,"7=2-5,1,6 (axis_sum=1.6)",3,0,0,300,wt,False,,170,,0,,,,,
867468,2026-06-08,20260608_47_05#7B,RANK_7B,"4=5-2,7,3 (axis_sum=1.5)",3,1,410,300,wt,False,,410,,0,,,,,
867433,2026-06-08,20260608_63_01#7B,RANK_7B,"3=4-1,7,2 (axis_sum=1.5)",3,0,0,300,wt,False,,1190,,0,,,,,
867508,2026-06-08,20260608_63_11#7B,RANK_7B,"5=3-7,2,4 (axis_sum=1.4)",3,0,0,300,wt,False,,1090,,0,,,,,
867453,2026-06-08,20260608_73_04#7B,RANK_7B,"1=2-7,4,6 (axis_sum=1.6)",3,0,0,300,wt,False,,140,,0,,,,,
867487,2026-06-09,20260609_13_04#7B,RANK_7B,"3=7-2,1,6 (axis_sum=1.3)",3,1,630,300,wt,False,,630,,0,,,,,
867507,2026-06-09,20260609_13_09#7B,RANK_7B,"7=1-3,5,2 (axis_sum=1.4)",3,0,0,300,wt,False,,2280,,0,,,,,
867501,2026-06-09,20260609_24_06#7B,RANK_7B,"2=1-4,6,5 (axis_sum=1.2)",3,0,0,300,wt,False,,3700,,0,,,,,
867464,2026-06-09,20260609_37_01#7B,RANK_7B,"2=3-5,4,1 (axis_sum=1.2)",3,1,880,300,wt,False,,880,,0,,,,,
867489,2026-06-09,20260609_37_03#7B,RANK_7B,"3=2-1,7,4 (axis_sum=1.3)",3,1,740,300,wt,False,,740,,0,,,,,
867493,2026-06-09,20260609_44_04#7B,RANK_7B,"1=3-4,5,2 (axis_sum=1.4)",3,0,0,300,wt,False,,990,,0,,,,,
867460,2026-06-09,20260609_47_05#7B,RANK_7B,"7=5-2,1,3 (axis_sum=1.4)",3,0,0,300,wt,False,,1780,,0,,,,,
867425,2026-06-09,20260609_86_03#7B,RANK_7B,"2=1-4,6,5 (axis_sum=1.5)",3,1,290,300,wt,False,,290,,0,,,,,
867474,2026-06-10,20260610_63_02#7B,RANK_7B,"2=1-4,3,7 (axis_sum=1.4)",3,0,0,300,wt,False,,880,,0,,,,,
867500,2026-06-11,20260611_24_06#7B,RANK_7B,"1=3-4,5,6 (axis_sum=1.3)",3,0,0,300,wt,False,,1980,,0,,,,,
867414,2026-06-12,20260612_27_10#7B,RANK_7B,"2=5-3,4,7 (axis_sum=1.6)",3,0,0,300,wt,False,,4690,,0,,,,,
867430,2026-06-12,20260612_38_08#7B,RANK_7B,"3=7-5,1,2 (axis_sum=1.6)",3,0,0,300,wt,False,,5080,,0,,,,,
867427,2026-06-13,20260613_37_04#7B,RANK_7B,"3=4-5,2,7 (axis_sum=1.7)",3,0,0,300,wt,False,,210,,0,,,,,
867467,2026-06-13,20260613_37_06#7B,RANK_7B,"5=2-4,3,7 (axis_sum=1.4)",3,0,0,300,wt,False,,1820,,0,,,,,
867455,2026-06-13,20260613_43_01#7B,RANK_7B,"7=2-4,1,5 (axis_sum=1.5)",3,0,0,300,wt,False,,1070,,0,,,,,
867438,2026-06-13,20260613_53_09#7B,RANK_7B,"4=5-3,7,6 (axis_sum=1.5)",3,0,0,300,wt,False,,130,,0,,,,,
867446,2026-06-13,20260613_53_11#7B,RANK_7B,"5=3-2,7,4 (axis_sum=1.5)",3,0,0,300,wt,False,,6730,,0,,,,,
867403,2026-06-14,20260614_11_06#7B,RANK_7B,"5=1-4,7,2 (axis_sum=1.8)",3,0,0,300,wt,False,,140,,0,,,,,
867466,2026-06-14,20260614_11_07#7B,RANK_7B,"1=7-2,4,5 (axis_sum=1.2)",3,1,1870,300,wt,False,,1870,,0,,,,,
867521,2026-06-14,20260614_37_11#7B,RANK_7B,"3=5-7,1,4 (axis_sum=1.2)",3,0,0,300,wt,False,,1820,,0,,,,,
867454,2026-06-14,20260614_53_10#7B,RANK_7B,"1=4-5,2,7 (axis_sum=1.6)",3,0,0,300,wt,False,,980,,0,,,,,
867517,2026-06-15,20260615_31_09#7B,RANK_7B,"1=2-3,6,7 (axis_sum=1.3)",3,0,0,300,wt,False,,3580,,0,,,,,
867400,2026-06-15,20260615_47_01#7B,RANK_7B,"1=2-4,5,6 (axis_sum=1.7)",3,1,290,300,wt,False,,290,,0,,,,,
867426,2026-06-15,20260615_53_04#7B,RANK_7B,"3=2-4,6,5 (axis_sum=1.8)",3,1,480,300,wt,False,,480,,0,,,,,
867415,2026-06-15,20260615_86_11#7B,RANK_7B,"1=4-3,7,6 (axis_sum=1.7)",3,0,0,300,wt,False,,2070,,0,,,,,
867413,2026-06-16,20260616_46_08#7B,RANK_7B,"7=3-5,6,2 (axis_sum=1.7)",3,0,0,300,wt,False,,190,,0,,,,,
867472,2026-06-16,20260616_47_05#7B,RANK_7B,"2=1-5,4,6 (axis_sum=1.4)",3,0,0,300,wt,False,,4460,,0,,,,,
867477,2026-06-17,20260617_27_09#7B,RANK_7B,"2=4-7,5,1 (axis_sum=1.3)",3,0,0,300,wt,False,,9450,,0,,,,,
867485,2026-06-17,20260617_46_10#7B,RANK_7B,"2=5-4,7,6 (axis_sum=1.4)",3,0,0,300,wt,False,,1780,,0,,,,,
867456,2026-06-17,20260617_86_06#7B,RANK_7B,"7=4-2,3,5 (axis_sum=1.4)",3,1,440,300,wt,False,,440,,0,,,,,
867498,2026-06-17,20260617_86_07#7B,RANK_7B,"4=7-1,2,5 (axis_sum=1.3)",3,0,0,300,wt,False,,1470,,0,,,,,
867463,2026-06-17,20260617_86_09#7B,RANK_7B,"1=2-5,7,6 (axis_sum=1.4)",3,1,1600,300,wt,False,,1600,,0,,,,,
867439,2026-06-17,20260617_86_10#7B,RANK_7B,"4=1-3,5,2 (axis_sum=1.5)",3,1,1090,300,wt,False,,1090,,0,,,,,
867511,2026-06-18,20260618_12_02#7B,RANK_7B,"5=1-2,4,3 (axis_sum=1.1)",3,0,0,300,wt,False,,1910,,0,,,,,
867470,2026-06-18,20260618_87_03#7B,RANK_7B,"1=2-5,4,7 (axis_sum=1.3)",3,0,0,300,wt,False,,2180,,0,,,,,
867445,2026-06-18,20260618_87_04#7B,RANK_7B,"1=2-4,5,7 (axis_sum=1.4)",3,0,0,300,wt,False,,9010,,0,,,,,
867448,2026-06-18,20260618_87_05#7B,RANK_7B,"2=1-3,6,5 (axis_sum=1.5)",3,0,0,300,wt,False,,430,,0,,,,,
867432,2026-06-18,20260618_87_08#7B,RANK_7B,"2=3-4,5,6 (axis_sum=1.5)",3,0,0,300,wt,False,,220,,0,,,,,
867461,2026-06-19,20260619_35_06#7B,RANK_7B,"5=3-1,2,4 (axis_sum=1.5)",3,0,0,300,wt,False,,4180,,0,,,,,
867479,2026-06-19,20260619_74_08#7B,RANK_7B,"1=2-4,5,6 (axis_sum=1.4)",3,0,0,300,wt,False,,220,,0,,,,,
867417,2026-06-19,20260619_75_02#7B,RANK_7B,"3=7-5,2,4 (axis_sum=1.4)",3,0,0,300,wt,False,,1480,,0,,,,,
867423,2026-06-19,20260619_87_05#7B,RANK_7B,"4=1-7,3,6 (axis_sum=1.6)",3,1,1400,300,wt,False,,1400,,0,,,,,
867436,2026-06-20,20260620_11_02#7B,RANK_7B,"3=7-4,5,2 (axis_sum=1.4)",3,0,0,300,wt,False,,880,,0,,,,,
867457,2026-06-20,20260620_11_09#7B,RANK_7B,"5=2-4,1,3 (axis_sum=1.6)",3,1,770,300,wt,False,,770,,0,,,,,
867499,2026-06-20,20260620_81_08#7B,RANK_7B,"1=6-2,7,5 (axis_sum=1.5)",3,0,0,300,wt,False,,1200,,0,,,,,
867405,2026-06-20,20260620_87_02#7B,RANK_7B,"3=1-2,5,4 (axis_sum=1.7)",3,1,350,300,wt,False,,350,,0,,,,,
867424,2026-06-20,20260620_87_04#7B,RANK_7B,"1=2-3,5,6 (axis_sum=1.4)",3,0,0,300,wt,False,,370,,0,,,,,
867440,2026-06-21,20260621_75_02#7B,RANK_7B,"7=1-4,3,2 (axis_sum=1.6)",3,1,1470,300,wt,False,,1470,,0,,,,,
867515,2026-06-21,20260621_75_07#7B,RANK_7B,"7=1-2,5,4 (axis_sum=1.3)",3,0,0,300,wt,False,,1630,,0,,,,,
867505,2026-06-22,20260622_11_04#7B,RANK_7B,"2=1-5,4,3 (axis_sum=1.2)",3,0,0,300,wt,False,,720,,0,,,,,
867447,2026-06-22,20260622_21_07#7B,RANK_7B,"4=2-1,5,7 (axis_sum=1.6)",3,0,0,300,wt,False,,2650,,0,,,,,
867412,2026-06-22,20260622_43_03#7B,RANK_7B,"2=5-1,4,6 (axis_sum=1.7)",3,0,0,300,wt,False,,20280,,0,,,,,
867510,2026-06-23,20260623_36_02#7B,RANK_7B,"1=5-7,6,3 (axis_sum=1.4)",3,0,0,300,wt,False,,1400,,0,,,,,
867497,2026-06-23,20260623_36_10#7B,RANK_7B,"7=1-2,5,6 (axis_sum=1.4)",3,0,0,300,wt,False,,3240,,0,,,,,
867442,2026-06-23,20260623_37_04#7B,RANK_7B,"1=2-5,4,3 (axis_sum=1.6)",3,0,0,300,wt,False,,310,,0,,,,,
867459,2026-06-23,20260623_55_02#7B,RANK_7B,"5=3-1,4,2 (axis_sum=1.4)",3,0,0,300,wt,False,,490,,0,,,,,
867418,2026-06-23,20260623_55_09#7B,RANK_7B,"7=1-4,3,2 (axis_sum=1.6)",3,1,460,300,wt,False,,460,,0,,,,,
867495,2026-06-23,20260623_83_06#7B,RANK_7B,"4=1-2,5,3 (axis_sum=1.4)",3,0,0,300,wt,False,,2440,,0,,,,,
867469,2026-06-24,20260624_21_03#7B,RANK_7B,"1=7-3,4,2 (axis_sum=1.4)",3,0,0,300,wt,False,,1940,,0,,,,,
867449,2026-06-24,20260624_21_05#7B,RANK_7B,"5=1-7,4,3 (axis_sum=1.5)",3,0,0,300,wt,False,,630,,0,,,,,
867473,2026-06-25,20260625_27_11#7B,RANK_7B,"5=4-7,2,3 (axis_sum=1.4)",3,0,0,300,wt,False,,720,,0,,,,,
867506,2026-06-25,20260625_37_04#7B,RANK_7B,"2=1-3,4,7 (axis_sum=1.2)",3,0,0,300,wt,False,,2780,,0,,,,,
867409,2026-06-25,20260625_46_01#7B,RANK_7B,"1=5-4,3,2 (axis_sum=1.7)",3,1,340,300,wt,False,,340,,0,,,,,
867462,2026-06-25,20260625_46_12#7B,RANK_7B,"5=7-3,1,2 (axis_sum=1.3)",3,1,1430,300,wt,False,,1430,,0,,,,,
867437,2026-06-25,20260625_55_02#7B,RANK_7B,"2=7-1,3,5 (axis_sum=1.5)",3,0,0,300,wt,False,,190,,0,,,,,
867407,2026-06-26,20260626_12_02#7B,RANK_7B,"3=1-5,2,6 (axis_sum=1.7)",3,0,0,300,wt,False,,2770,,0,,,,,
867431,2026-06-26,20260626_44_03#7B,RANK_7B,"1=2-5,4,6 (axis_sum=1.4)",3,0,0,300,wt,False,,1970,,0,,,,,
867504,2026-06-26,20260626_46_10#7B,RANK_7B,"7=2-4,5,3 (axis_sum=1.2)",3,0,0,300,wt,False,,420,,0,,,,,
867406,2026-06-26,20260626_62_01#7B,RANK_7B,"3=5-7,2,4 (axis_sum=1.7)",3,1,1850,300,wt,False,,1850,,0,,,,,
867520,2026-06-26,20260626_62_07#7B,RANK_7B,"5=2-7,3,4 (axis_sum=1.2)",3,0,0,300,wt,False,,2170,,0,,,,,
867491,2026-06-26,20260626_81_12#7B,RANK_7B,"4=3-6,7,1 (axis_sum=1.5)",3,1,880,300,wt,False,,880,,0,,,,,
867434,2026-06-27,20260627_12_03#7B,RANK_7B,"1=5-3,6,7 (axis_sum=1.5)",3,0,0,300,wt,False,,3270,,0,,,,,
867494,2026-06-27,20260627_12_04#7B,RANK_7B,"1=2-4,6,5 (axis_sum=1.4)",3,1,660,300,wt,False,,660,,0,,,,,
867502,2026-06-27,20260627_43_07#7B,RANK_7B,"3=2-4,5,1 (axis_sum=1.2)",3,0,0,300,wt,False,,960,,0,,,,,
867509,2026-06-27,20260627_44_04#7B,RANK_7B,"1=2-5,3,7 (axis_sum=1.5)",3,0,0,300,wt,False,,230,,0,,,,,
867486,2026-06-27,20260627_44_05#7B,RANK_7B,"4=3-2,5,7 (axis_sum=1.3)",3,0,0,300,wt,False,,4920,,0,,,,,
867512,2026-06-27,20260627_46_08#7B,RANK_7B,"2=1-7,4,6 (axis_sum=1.3)",3,0,0,300,wt,False,,2570,,0,,,,,
867411,2026-06-27,20260627_73_04#7B,RANK_7B,"4=2-1,3,5 (axis_sum=1.7)",3,0,0,300,wt,False,,190,,0,,,,,
867435,2026-06-27,20260627_81_01#7B,RANK_7B,"1=3-4,5,7 (axis_sum=1.4)",3,0,0,300,wt,False,,1180,,0,,,,,
867476,2026-06-27,20260627_81_04#7B,RANK_7B,"2=1-4,3,5 (axis_sum=1.4)",3,0,0,300,wt,False,,1010,,0,,,,,
867523,2026-06-27,20260627_81_12#7B,RANK_7B,"1=5-4,7,2 (axis_sum=1.3)",3,0,0,300,wt,False,,5100,,0,,,,,
867419,2026-06-28,20260628_37_05#7B,RANK_7B,"1=2-5,6,4 (axis_sum=1.5)",3,1,290,300,wt,False,,290,,0,,,,,
867443,2026-06-29,20260629_37_03#7B,RANK_7B,"2=1-4,5,6 (axis_sum=1.6)",3,1,320,300,wt,False,,320,,0,,,,,
867402,2026-06-29,20260629_61_04#7B,RANK_7B,"2=1-3,4,6 (axis_sum=1.7)",3,1,790,300,wt,False,,790,,0,,,,,
867451,2026-06-29,20260629_61_05#7B,RANK_7B,"1=2-3,5,6 (axis_sum=1.5)",3,1,960,300,wt,False,,960,,0,,,,,
867444,2026-06-29,20260629_84_11#7B,RANK_7B,"5=3-1,4,7 (axis_sum=1.6)",3,0,0,300,wt,False,,160,,0,,,,,
867503,2026-06-29,20260629_85_02#7B,RANK_7B,"2=1-4,3,5 (axis_sum=1.4)",3,0,0,300,wt,False,,8590,,0,,,,,
867481,2026-06-30,20260630_35_12#7B,RANK_7B,"4=3-5,2,7 (axis_sum=1.3)",3,0,0,300,wt,False,,3330,,0,,,,,
867410,2026-06-30,20260630_37_04#7B,RANK_7B,"1=3-5,4,6 (axis_sum=1.7)",3,0,0,300,wt,False,,4640,,0,,,,,
867496,2026-06-30,20260630_61_07#7B,RANK_7B,"1=2-3,6,5 (axis_sum=1.4)",3,0,0,300,wt,False,,2440,,0,,,,,
867576,2026-07-01,20260701_11_02#7B,RANK_7B,"1=2-3,5,6 (axis_sum=1.3)",3,0,0,300,wt,False,,2310,,0,,,,,
867763,2026-07-01,20260701_25_05#7B,RANK_7B,"5=3-4,2,6 (axis_sum=1.1)",3,0,0,300,wt,False,,690,,0,,,,,
867720,2026-07-01,20260701_25_08#7B,RANK_7B,"1=7-6,4,3 (axis_sum=1.3)",3,1,2800,300,wt,False,,2800,,0,,,,,
867607,2026-07-01,20260701_35_12#7B,RANK_7B,"5=1-2,3,7 (axis_sum=1.5)",3,0,0,300,wt,False,,4090,,0,,,,,
867616,2026-07-01,20260701_47_02#7B,RANK_7B,"2=1-5,7,6 (axis_sum=1.3)",3,0,0,300,wt,False,,1510,,0,,,,,
867546,2026-07-01,20260701_47_04#7B,RANK_7B,"1=3-2,6,4 (axis_sum=1.7)",3,1,210,300,wt,False,,210,,0,,,,,
867569,2026-07-01,20260701_47_05#7B,RANK_7B,"1=2-3,5,6 (axis_sum=1.5)",3,0,0,300,wt,False,,420,,0,,,,,
867697,2026-07-01,20260701_74_03#7B,RANK_7B,"5=2-1,4,6 (axis_sum=1.4)",3,0,0,300,wt,False,,1800,,0,,,,,
867632,2026-07-01,20260701_84_09#7B,RANK_7B,"5=1-7,4,3 (axis_sum=1.3)",3,0,0,300,wt,False,,11440,,0,,,,,
867657,2026-07-02,20260702_11_02#7B,RANK_7B,"2=1-3,4,6 (axis_sum=1.3)",3,0,0,300,wt,False,,7310,,0,,,,,
867596,2026-07-02,20260702_25_05#7B,RANK_7B,"1=3-2,5,7 (axis_sum=1.4)",3,0,0,300,wt,False,,460,,0,,,,,
867673,2026-07-02,20260702_31_01#7B,RANK_7B,"1=3-4,6,5 (axis_sum=1.3)",3,1,850,300,wt,False,,850,,0,,,,,
867756,2026-07-02,20260702_45_04#7B,RANK_7B,"2=6-4,7,3 (axis_sum=1.3)",3,0,0,300,wt,False,,500,,0,,,,,
867639,2026-07-02,20260702_45_07#7B,RANK_7B,"1=4-7,2,3 (axis_sum=1.4)",3,0,0,300,wt,False,,340,,0,,,,,
867605,2026-07-02,20260702_47_03#7B,RANK_7B,"2=4-1,5,7 (axis_sum=1.5)",3,0,0,300,wt,False,,250,,0,,,,,
867667,2026-07-02,20260702_47_05#7B,RANK_7B,"1=3-2,6,7 (axis_sum=1.4)",3,1,1610,300,wt,False,,1610,,0,,,,,
867630,2026-07-02,20260702_53_03#7B,RANK_7B,"7=1-3,5,6 (axis_sum=1.6)",3,1,300,300,wt,False,,300,,0,,,,,
867655,2026-07-03,20260703_11_04#7B,RANK_7B,"2=3-4,5,6 (axis_sum=1.3)",3,0,0,300,wt,False,,620,,0,,,,,
867555,2026-07-03,20260703_12_04#7B,RANK_7B,"7=5-1,6,3 (axis_sum=1.5)",3,1,330,300,wt,False,,330,,0,,,,,
867696,2026-07-03,20260703_21_02#7B,RANK_7B,"1=5-4,7,3 (axis_sum=1.4)",3,0,0,300,wt,False,,8540,,0,,,,,
867734,2026-07-03,20260703_21_04#7B,RANK_7B,"4=1-5,6,2 (axis_sum=1.1)",3,1,640,300,wt,False,,640,,0,,,,,
867739,2026-07-03,20260703_21_10#7B,RANK_7B,"7=1-2,4,5 (axis_sum=1.3)",3,0,0,300,wt,False,,1740,,0,,,,,
867668,2026-07-03,20260703_47_04#7B,RANK_7B,"1=3-2,6,7 (axis_sum=1.3)",3,0,0,300,wt,False,,660,,0,,,,,
867599,2026-07-03,20260703_53_04#7B,RANK_7B,"1=7-3,4,2 (axis_sum=1.6)",3,0,0,300,wt,False,,200,,0,,,,,
867704,2026-07-03,20260703_53_07#7B,RANK_7B,"7=3-1,5,2 (axis_sum=1.4)",3,0,0,300,wt,False,,3310,,0,,,,,
867597,2026-07-04,20260704_12_02#7B,RANK_7B,"7=2-5,4,3 (axis_sum=1.3)",3,0,0,300,wt,False,,300,,0,,,,,
867679,2026-07-04,20260704_12_04#7B,RANK_7B,"5=7-4,2,3 (axis_sum=1.3)",3,1,1170,300,wt,False,,1170,,0,,,,,
867589,2026-07-04,20260704_12_09#7B,RANK_7B,"1=7-5,4,6 (axis_sum=1.4)",3,0,0,300,wt,False,,10730,,0,,,,,
867729,2026-07-04,20260704_21_03#7B,RANK_7B,"3=7-1,5,2 (axis_sum=1.2)",3,0,0,300,wt,False,,13490,,0,,,,,
867585,2026-07-04,20260704_27_01#7B,RANK_7B,"1=3-2,4,6 (axis_sum=1.5)",3,0,0,300,wt,False,,230,,0,,,,,
867731,2026-07-04,20260704_27_03#7B,RANK_7B,"1=4-2,5,7 (axis_sum=1.4)",3,0,0,300,wt,False,,690,,0,,,,,
867594,2026-07-04,20260704_56_03#7B,RANK_7B,"1=4-3,6,5 (axis_sum=1.4)",3,0,0,300,wt,False,,1030,,0,,,,,
867532,2026-07-04,20260704_56_04#7B,RANK_7B,"1=3-2,5,6 (axis_sum=1.6)",3,0,0,300,wt,False,,420,,0,,,,,
867692,2026-07-05,20260705_12_01#7B,RANK_7B,"4=2-5,7,6 (axis_sum=1.3)",3,1,760,300,wt,False,,760,,0,,,,,
867627,2026-07-05,20260705_12_02#7B,RANK_7B,"5=3-4,1,7 (axis_sum=1.4)",3,1,510,300,wt,False,,510,,0,,,,,
867699,2026-07-05,20260705_27_02#7B,RANK_7B,"1=4-2,5,6 (axis_sum=1.3)",3,0,0,300,wt,False,,3160,,0,,,,,
867735,2026-07-05,20260705_27_07#7B,RANK_7B,"2=1-4,6,5 (axis_sum=1.3)",3,0,0,300,wt,False,,3060,,0,,,,,
867634,2026-07-05,20260705_45_02#7B,RANK_7B,"5=7-2,3,4 (axis_sum=1.6)",3,0,0,300,wt,False,,1340,,0,,,,,
867747,2026-07-05,20260705_55_03#7B,RANK_7B,"7=2-4,5,3 (axis_sum=1.3)",3,0,0,300,wt,False,,580,,0,,,,,
867725,2026-07-05,20260705_55_06#7B,RANK_7B,"7=4-3,2,5 (axis_sum=1.3)",3,0,0,300,wt,False,,9990,,0,,,,,
867550,2026-07-05,20260705_56_04#7B,RANK_7B,"2=1-3,4,7 (axis_sum=1.4)",3,0,0,300,wt,False,,640,,0,,,,,
867701,2026-07-05,20260705_56_06#7B,RANK_7B,"1=4-3,5,6 (axis_sum=1.3)",3,1,610,300,wt,False,,610,,0,,,,,
867685,2026-07-05,20260705_85_05#7B,RANK_7B,"4=1-5,3,6 (axis_sum=1.2)",3,0,0,300,wt,False,,950,,0,,,,,
867579,2026-07-05,20260705_85_07#7B,RANK_7B,"2=7-4,3,1 (axis_sum=1.4)",3,1,330,300,wt,False,,330,,0,,,,,
867742,2026-07-06,20260706_27_07#7B,RANK_7B,"1=3-4,2,5 (axis_sum=1.5)",3,1,1310,300,wt,False,,1310,,0,,,,,
867758,2026-07-06,20260706_45_08#7B,RANK_7B,"7=3-5,1,6 (axis_sum=1.3)",3,0,0,300,wt,False,,2770,,0,,,,,
867619,2026-07-06,20260706_45_09#7B,RANK_7B,"1=5-4,6,7 (axis_sum=1.6)",3,0,0,300,wt,False,,830,,0,,,,,
867684,2026-07-06,20260706_45_11#7B,RANK_7B,"5=1-4,7,3 (axis_sum=1.3)",3,1,2220,300,wt,False,,2220,,0,,,,,
867572,2026-07-06,20260706_55_02#7B,RANK_7B,"7=3-5,1,6 (axis_sum=1.6)",3,1,1320,300,wt,False,,1320,,0,,,,,
867693,2026-07-06,20260706_56_06#7B,RANK_7B,"1=4-2,5,6 (axis_sum=1.4)",3,0,0,300,wt,False,,1980,,0,,,,,
867741,2026-07-06,20260706_85_07#7B,RANK_7B,"4=2-7,5,1 (axis_sum=1.2)",3,0,0,300,wt,False,,4090,,0,,,,,
867649,2026-07-07,20260707_21_08#7B,RANK_7B,"2=1-3,6,4 (axis_sum=1.5)",3,0,0,300,wt,False,,9510,,0,,,,,
867660,2026-07-07,20260707_23_02#7B,RANK_7B,"3=1-4,2,7 (axis_sum=1.3)",3,0,0,300,wt,False,,710,,0,,,,,
867644,2026-07-07,20260707_45_01#7B,RANK_7B,"5=4-2,1,3 (axis_sum=1.5)",3,0,0,300,wt,False,,970,,0,,,,,
867718,2026-07-07,20260707_45_03#7B,RANK_7B,"7=6-2,5,1 (axis_sum=1.4)",3,1,920,300,wt,False,,920,,0,,,,,
867683,2026-07-07,20260707_55_10#7B,RANK_7B,"1=7-5,3,6 (axis_sum=1.4)",3,0,0,300,wt,False,,4410,,0,,,,,
867606,2026-07-07,20260707_61_04#7B,RANK_7B,"2=1-3,4,6 (axis_sum=1.4)",3,1,230,300,wt,False,,230,,0,,,,,
867650,2026-07-07,20260707_83_01#7B,RANK_7B,"2=5-3,1,7 (axis_sum=1.4)",3,0,0,300,wt,False,,470,,0,,,,,
867529,2026-07-07,20260707_83_02#7B,RANK_7B,"1=7-2,4,5 (axis_sum=1.6)",3,0,0,300,wt,False,,12030,,0,,,,,
867658,2026-07-07,20260707_83_03#7B,RANK_7B,"1=3-4,5,6 (axis_sum=1.4)",3,1,670,300,wt,False,,670,,0,,,,,
867681,2026-07-07,20260707_83_08#7B,RANK_7B,"2=6-1,4,7 (axis_sum=1.5)",3,0,0,300,wt,False,,580,,0,,,,,
867641,2026-07-07,20260707_85_04#7B,RANK_7B,"7=4-1,5,3 (axis_sum=1.4)",3,0,0,300,wt,False,,220,,0,,,,,
867559,2026-07-08,20260708_11_03#7B,RANK_7B,"3=5-6,7,2 (axis_sum=1.6)",3,0,0,300,wt,False,,240,,0,,,,,
867611,2026-07-08,20260708_44_10#7B,RANK_7B,"4=1-7,3,2 (axis_sum=1.6)",3,0,0,300,wt,False,,380,,0,,,,,
867562,2026-07-08,20260708_62_04#7B,RANK_7B,"1=4-7,3,2 (axis_sum=1.5)",3,0,0,300,wt,False,,1560,,0,,,,,
867629,2026-07-08,20260708_63_07#7B,RANK_7B,"7=2-1,5,3 (axis_sum=1.3)",3,0,0,300,wt,False,,2380,,0,,,,,
867656,2026-07-09,20260709_11_07#7B,RANK_7B,"7=4-5,2,6 (axis_sum=1.4)",3,1,240,300,wt,False,,240,,0,,,,,
867674,2026-07-09,20260709_61_04#7B,RANK_7B,"1=6-2,3,4 (axis_sum=1.5)",3,0,0,300,wt,False,,240,,0,,,,,
867566,2026-07-09,20260709_62_06#7B,RANK_7B,"2=5-1,7,3 (axis_sum=1.6)",3,1,610,300,wt,False,,610,,0,,,,,
867708,2026-07-09,20260709_63_02#7B,RANK_7B,"1=2-7,4,5 (axis_sum=1.2)",3,0,0,300,wt,False,,1060,,0,,,,,
867710,2026-07-09,20260709_63_12#7B,RANK_7B,"3=7-1,2,4 (axis_sum=1.2)",3,0,0,300,wt,False,,1560,,0,,,,,
867730,2026-07-10,20260710_11_11#7B,RANK_7B,"2=7-1,3,4 (axis_sum=1.2)",3,0,0,300,wt,False,,570,,0,,,,,
867604,2026-07-10,20260710_13_02#7B,RANK_7B,"1=4-3,5,7 (axis_sum=1.5)",3,0,0,300,wt,False,,1890,,0,,,,,
867612,2026-07-10,20260710_37_03#7B,RANK_7B,"1=5-7,3,2 (axis_sum=1.6)",3,0,0,300,wt,False,,290,,0,,,,,
867610,2026-07-10,20260710_37_08#7B,RANK_7B,"7=4-2,1,6 (axis_sum=1.5)",3,0,0,300,wt,False,,1140,,0,,,,,
867724,2026-07-10,20260710_44_05#7B,RANK_7B,"7=3-5,2,1 (axis_sum=1.4)",3,0,0,300,wt,False,,1640,,0,,,,,
867646,2026-07-10,20260710_44_12#7B,RANK_7B,"2=1-3,5,4 (axis_sum=1.5)",3,0,0,300,wt,False,,4290,,0,,,,,
867617,2026-07-10,20260710_62_01#7B,RANK_7B,"5=1-4,6,3 (axis_sum=1.7)",3,1,490,300,wt,False,,490,,0,,,,,
867575,2026-07-10,20260710_62_02#7B,RANK_7B,"1=4-5,3,2 (axis_sum=1.4)",3,0,0,300,wt,False,,360,,0,,,,,
867614,2026-07-10,20260710_62_04#7B,RANK_7B,"5=1-7,2,4 (axis_sum=1.4)",3,1,1750,300,wt,False,,1750,,0,,,,,
867686,2026-07-10,20260710_62_06#7B,RANK_7B,"2=1-7,6,5 (axis_sum=1.4)",3,0,0,300,wt,False,,690,,0,,,,,
867570,2026-07-11,20260711_13_01#7B,RANK_7B,"1=4-3,2,5 (axis_sum=1.3)",3,0,0,300,wt,False,,2410,,0,,,,,
867598,2026-07-11,20260711_42_04#7B,RANK_7B,"2=1-4,3,5 (axis_sum=1.2)",3,0,0,300,wt,False,,890,,0,,,,,
867620,2026-07-11,20260711_43_12#7B,RANK_7B,"2=1-5,6,7 (axis_sum=1.4)",3,0,0,300,wt,False,,26870,,0,,,,,
867544,2026-07-11,20260711_75_04#7B,RANK_7B,"4=1-7,2,5 (axis_sum=1.6)",3,1,320,300,wt,False,,320,,0,,,,,
867540,2026-07-12,20260712_13_02#7B,RANK_7B,"1=2-4,7,5 (axis_sum=1.4)",3,1,1020,300,wt,False,,1020,,0,,,,,
867688,2026-07-12,20260712_13_07#7B,RANK_7B,"1=3-2,5,6 (axis_sum=1.2)",3,0,0,300,wt,False,,2220,,0,,,,,
867749,2026-07-12,20260712_22_01#7B,RANK_7B,"4=2-3,1,7 (axis_sum=1.0)",3,0,0,300,wt,False,,3810,,0,,,,,
867592,2026-07-12,20260712_36_03#7B,RANK_7B,"4=7-5,1,2 (axis_sum=1.5)",3,0,0,300,wt,False,,2160,,0,,,,,
867762,2026-07-12,20260712_37_10#7B,RANK_7B,"4=6-1,2,3 (axis_sum=1.2)",3,0,0,300,wt,False,,9790,,0,,,,,
867613,2026-07-12,20260712_42_01#7B,RANK_7B,"1=3-4,7,5 (axis_sum=1.2)",3,0,0,300,wt,False,,5300,,0,,,,,
867543,2026-07-12,20260712_42_05#7B,RANK_7B,"3=1-4,2,5 (axis_sum=1.4)",3,0,0,300,wt,False,,190,,0,,,,,
867736,2026-07-12,20260712_43_02#7B,RANK_7B,"5=1-7,2,4 (axis_sum=1.2)",3,0,0,300,wt,False,,3460,,0,,,,,
867603,2026-07-12,20260712_75_07#7B,RANK_7B,"4=1-7,2,5 (axis_sum=1.4)",3,0,0,300,wt,False,,1160,,0,,,,,
867653,2026-07-13,20260713_24_06#7B,RANK_7B,"2=1-4,5,3 (axis_sum=1.4)",3,0,0,300,wt,False,,370,,0,,,,,
867586,2026-07-13,20260713_27_01#7B,RANK_7B,"1=4-6,3,5 (axis_sum=1.4)",3,0,0,300,wt,False,,1980,,0,,,,,
867568,2026-07-13,20260713_27_05#7B,RANK_7B,"1=2-3,6,4 (axis_sum=1.5)",3,0,0,300,wt,False,,480,,0,,,,,
867682,2026-07-13,20260713_56_01#7B,RANK_7B,"4=7-3,6,2 (axis_sum=1.2)",3,0,0,300,wt,False,,590,,0,,,,,
867533,2026-07-13,20260713_56_05#7B,RANK_7B,"1=5-4,6,7 (axis_sum=1.4)",3,0,0,300,wt,False,,130,,0,,,,,
867678,2026-07-13,20260713_56_11#7B,RANK_7B,"3=7-6,5,4 (axis_sum=1.4)",3,0,0,300,wt,False,,8400,,0,,,,,
867535,2026-07-13,20260713_62_05#7B,RANK_7B,"1=2-3,4,6 (axis_sum=1.8)",3,0,0,300,wt,False,,150,,0,,,,,
867764,2026-07-13,20260713_62_09#7B,RANK_7B,"5=4-6,3,7 (axis_sum=1.0)",3,0,0,300,wt,False,,1030,,0,,,,,
867760,2026-07-13,20260713_75_11#7B,RANK_7B,"7=2-1,6,5 (axis_sum=1.2)",3,0,0,300,wt,False,,840,,0,,,,,
867608,2026-07-13,20260713_87_02#7B,RANK_7B,"2=4-5,7,6 (axis_sum=1.4)",3,0,0,300,wt,False,,470,,0,,,,,
867564,2026-07-14,20260714_11_01#7B,RANK_7B,"5=3-2,6,4 (axis_sum=1.6)",3,0,0,300,wt,False,,1720,,0,,,,,
867541,2026-07-14,20260714_24_02#7B,RANK_7B,"1=7-4,6,2 (axis_sum=1.7)",3,1,490,300,wt,False,,490,,0,,,,,
867527,2026-07-14,20260714_56_06#7B,RANK_7B,"5=6-3,4,2 (axis_sum=1.7)",3,0,0,300,wt,False,,21390,,0,,,,,
867709,2026-07-14,20260714_56_07#7B,RANK_7B,"3=5-2,4,7 (axis_sum=1.4)",3,1,1520,300,wt,False,,1520,,0,,,,,
867643,2026-07-14,20260714_62_07#7B,RANK_7B,"2=1-7,4,3 (axis_sum=1.6)",3,0,0,300,wt,False,,270,,0,,,,,
867583,2026-07-14,20260714_85_03#7B,RANK_7B,"3=7-5,2,4 (axis_sum=1.5)",3,0,0,300,wt,False,,230,,0,,,,,
867625,2026-07-14,20260714_87_05#7B,RANK_7B,"5=4-3,1,2 (axis_sum=1.5)",3,0,0,300,wt,False,,460,,0,,,,,
867618,2026-07-15,20260715_11_02#7B,RANK_7B,"7=5-1,2,3 (axis_sum=1.4)",3,0,0,300,wt,False,,480,,0,,,,,
867691,2026-07-15,20260715_11_04#7B,RANK_7B,"1=4-3,5,2 (axis_sum=1.6)",3,0,0,300,wt,False,,270,,0,,,,,
867690,2026-07-15,20260715_11_10#7B,RANK_7B,"7=1-5,2,3 (axis_sum=1.3)",3,0,0,300,wt,False,,19210,,0,,,,,
867672,2026-07-15,20260715_27_03#7B,RANK_7B,"1=2-7,5,4 (axis_sum=1.3)",3,1,810,300,wt,False,,810,,0,,,,,
867761,2026-07-15,20260715_27_05#7B,RANK_7B,"4=3-1,5,6 (axis_sum=1.2)",3,0,0,300,wt,False,,3230,,0,,,,,
867746,2026-07-15,20260715_27_08#7B,RANK_7B,"7=2-3,1,5 (axis_sum=1.4)",3,0,0,300,wt,False,,7230,,0,,,,,
867698,2026-07-15,20260715_56_01#7B,RANK_7B,"5=3-2,7,4 (axis_sum=1.3)",3,0,0,300,wt,False,,800,,0,,,,,
867677,2026-07-15,20260715_61_05#7B,RANK_7B,"1=5-4,7,3 (axis_sum=1.3)",3,1,360,300,wt,False,,360,,0,,,,,
867721,2026-07-15,20260715_61_08#7B,RANK_7B,"3=4-7,1,5 (axis_sum=1.2)",3,0,0,300,wt,False,,2610,,0,,,,,
867648,2026-07-15,20260715_62_06#7B,RANK_7B,"2=1-3,4,6 (axis_sum=1.4)",3,0,0,300,wt,False,,630,,0,,,,,
867706,2026-07-15,20260715_85_04#7B,RANK_7B,"7=2-5,6,3 (axis_sum=1.5)",3,0,0,300,wt,False,,830,,0,,,,,
867528,2026-07-15,20260715_85_05#7B,RANK_7B,"2=5-4,7,3 (axis_sum=1.5)",3,0,0,300,wt,False,,1500,,0,,,,,
867719,2026-07-15,20260715_85_07#7B,RANK_7B,"2=7-1,4,5 (axis_sum=1.3)",3,0,0,300,wt,False,,770,,0,,,,,
867563,2026-07-16,20260716_11_02#7B,RANK_7B,"4=7-2,3,5 (axis_sum=1.7)",3,0,0,300,wt,False,,140,,0,,,,,
867744,2026-07-16,20260716_11_03#7B,RANK_7B,"7=4-5,1,6 (axis_sum=1.2)",3,0,0,300,wt,False,,3720,,0,,,,,
867694,2026-07-16,20260716_13_04#7B,RANK_7B,"1=2-4,6,5 (axis_sum=1.2)",3,0,0,300,wt,False,,1180,,0,,,,,
867601,2026-07-16,20260716_13_06#7B,RANK_7B,"1=2-5,4,6 (axis_sum=1.6)",3,0,0,300,wt,False,,300,,0,,,,,
867623,2026-07-16,20260716_47_03#7B,RANK_7B,"4=1-5,2,3 (axis_sum=1.5)",3,0,0,300,wt,False,,630,,0,,,,,
867545,2026-07-16,20260716_47_06#7B,RANK_7B,"5=7-2,6,3 (axis_sum=1.4)",3,1,460,300,wt,False,,460,,0,,,,,
867524,2026-07-16,20260716_53_03#7B,RANK_7B,"2=1-4,5,6 (axis_sum=1.7)",3,0,0,300,wt,False,,100,,0,,,,,
867755,2026-07-16,20260716_61_09#7B,RANK_7B,"2=4-3,1,5 (axis_sum=1.2)",3,0,0,300,wt,False,,1950,,0,,,,,
867715,2026-07-17,20260717_13_08#7B,RANK_7B,"1=2-3,5,6 (axis_sum=1.3)",3,0,0,300,wt,False,,2300,,0,,,,,
867752,2026-07-17,20260717_21_03#7B,RANK_7B,"2=5-4,1,3 (axis_sum=1.1)",3,0,0,300,wt,False,,1910,,0,,,,,
867666,2026-07-17,20260717_23_04#7B,RANK_7B,"5=2-7,6,1 (axis_sum=1.4)",3,0,0,300,wt,False,,2370,,0,,,,,
867753,2026-07-17,20260717_26_03#7B,RANK_7B,"4=7-5,6,2 (axis_sum=1.1)",3,0,0,300,wt,False,,3330,,0,,,,,
867536,2026-07-17,20260717_26_07#7B,RANK_7B,"1=4-7,3,5 (axis_sum=1.6)",3,0,0,300,wt,False,,440,,0,,,,,
867651,2026-07-17,20260717_47_01#7B,RANK_7B,"7=3-2,1,5 (axis_sum=1.6)",3,1,610,300,wt,False,,610,,0,,,,,
867609,2026-07-18,20260718_21_02#7B,RANK_7B,"7=2-1,5,3 (axis_sum=1.4)",3,0,0,300,wt,False,,2110,,0,,,,,
867712,2026-07-18,20260718_26_03#7B,RANK_7B,"7=2-4,1,6 (axis_sum=1.4)",3,0,0,300,wt,False,,13660,,0,,,,,
867669,2026-07-18,20260718_47_05#7B,RANK_7B,"5=1-3,4,7 (axis_sum=1.3)",3,0,0,300,wt,False,,370,,0,,,,,
867733,2026-07-18,20260718_47_08#7B,RANK_7B,"7=4-5,2,3 (axis_sum=1.1)",3,1,1120,300,wt,False,,1120,,0,,,,,
867700,2026-07-18,20260718_53_07#7B,RANK_7B,"1=2-4,5,6 (axis_sum=1.5)",3,0,0,300,wt,False,,880,,0,,,,,
867548,2026-07-19,20260719_21_02#7B,RANK_7B,"7=1-3,2,4 (axis_sum=1.6)",3,0,0,300,wt,False,,200,,0,,,,,
867732,2026-07-19,20260719_21_06#7B,RANK_7B,"3=7-1,5,4 (axis_sum=1.1)",3,0,0,300,wt,False,,9080,,0,,,,,
867695,2026-07-19,20260719_21_07#7B,RANK_7B,"5=3-4,1,2 (axis_sum=1.4)",3,0,0,300,wt,False,,8560,,0,,,,,
867588,2026-07-19,20260719_27_09#7B,RANK_7B,"1=2-4,7,6 (axis_sum=1.2)",3,0,0,300,wt,False,,1110,,0,,,,,
867635,2026-07-19,20260719_31_03#7B,RANK_7B,"7=3-4,1,2 (axis_sum=1.4)",3,0,0,300,wt,False,,1640,,0,,,,,
867638,2026-07-19,20260719_38_12#7B,RANK_7B,"1=7-3,5,4 (axis_sum=1.5)",3,1,490,300,wt,False,,490,,0,,,,,
867642,2026-07-19,20260719_43_03#7B,RANK_7B,"1=3-2,7,6 (axis_sum=1.2)",3,0,0,300,wt,False,,12850,,0,,,,,
867624,2026-07-19,20260719_45_02#7B,RANK_7B,"3=1-5,6,4 (axis_sum=1.5)",3,0,0,300,wt,False,,780,,0,,,,,
867567,2026-07-19,20260719_45_06#7B,RANK_7B,"1=2-4,5,7 (axis_sum=1.6)",3,1,1090,300,wt,False,,1090,,0,,,,,
867565,2026-07-19,20260719_45_07#7B,RANK_7B,"1=2-4,5,7 (axis_sum=1.6)",3,1,350,300,wt,False,,350,,0,,,,,
867628,2026-07-20,20260720_27_03#7B,RANK_7B,"4=5-1,3,6 (axis_sum=1.4)",3,0,0,300,wt,False,,3590,,0,,,,,
867561,2026-07-20,20260720_31_04#7B,RANK_7B,"7=2-4,3,1 (axis_sum=1.7)",3,1,2350,300,wt,False,,2350,,0,,,,,
867748,2026-07-20,20260720_43_02#7B,RANK_7B,"6=5-7,4,1 (axis_sum=1.4)",3,0,0,300,wt,False,,4410,,0,,,,,
867647,2026-07-20,20260720_43_03#7B,RANK_7B,"5=1-4,3,6 (axis_sum=1.3)",3,0,0,300,wt,False,,970,,0,,,,,
867714,2026-07-21,20260721_45_02#7B,RANK_7B,"1=2-6,4,5 (axis_sum=1.3)",3,0,0,300,wt,False,,1120,,0,,,,,
867738,2026-07-21,20260721_45_06#7B,RANK_7B,"3=4-5,2,6 (axis_sum=1.2)",3,0,0,300,wt,False,,4050,,0,,,,,
867552,2026-07-21,20260721_46_02#7B,RANK_7B,"2=7-5,1,3 (axis_sum=1.6)",3,0,0,300,wt,False,,190,,0,,,,,
867713,2026-07-21,20260721_46_05#7B,RANK_7B,"1=7-2,6,4 (axis_sum=1.3)",3,1,730,300,wt,False,,730,,0,,,,,
867759,2026-07-21,20260721_46_07#7B,RANK_7B,"4=3-6,2,5 (axis_sum=1.2)",3,1,2280,300,wt,False,,2280,,0,,,,,
867584,2026-07-21,20260721_46_08#7B,RANK_7B,"1=4-3,5,2 (axis_sum=1.4)",3,0,0,300,wt,False,,510,,0,,,,,
867574,2026-07-22,20260722_13_03#7B,RANK_7B,"3=2-4,5,6 (axis_sum=1.4)",3,0,0,300,wt,False,,840,,0,,,,,
867637,2026-07-22,20260722_46_03#7B,RANK_7B,"7=1-4,2,3 (axis_sum=1.4)",3,0,0,300,wt,False,,8210,,0,,,,,
867740,2026-07-22,20260722_46_07#7B,RANK_7B,"3=1-5,6,2 (axis_sum=1.2)",3,0,0,300,wt,False,,2730,,0,,,,,
867745,2026-07-22,20260722_56_03#7B,RANK_7B,"7=5-2,3,4 (axis_sum=1.2)",3,0,0,300,wt,False,,2920,,0,,,,,
867633,2026-07-22,20260722_56_09#7B,RANK_7B,"4=2-3,7,5 (axis_sum=1.4)",3,1,630,300,wt,False,,630,,0,,,,,
867687,2026-07-22,20260722_61_11#7B,RANK_7B,"5=3-4,1,2 (axis_sum=1.5)",3,1,730,300,wt,False,,730,,0,,,,,
867636,2026-07-22,20260722_61_12#7B,RANK_7B,"2=7-5,1,4 (axis_sum=1.4)",3,0,0,300,wt,False,,2590,,0,,,,,
867538,2026-07-22,20260722_62_01#7B,RANK_7B,"1=3-6,4,5 (axis_sum=1.5)",3,1,400,300,wt,False,,400,,0,,,,,
867551,2026-07-22,20260722_85_03#7B,RANK_7B,"7=2-4,3,5 (axis_sum=1.6)",3,1,320,300,wt,False,,320,,0,,,,,
867615,2026-07-22,20260722_85_07#7B,RANK_7B,"2=5-1,3,6 (axis_sum=1.4)",3,0,0,300,wt,False,,550,,0,,,,,
867640,2026-07-23,20260723_13_01#7B,RANK_7B,"1=2-5,6,3 (axis_sum=1.4)",3,0,0,300,wt,False,,430,,0,,,,,
867526,2026-07-23,20260723_37_04#7B,RANK_7B,"1=2-5,4,6 (axis_sum=1.7)",3,0,0,300,wt,False,,130,,0,,,,,
867664,2026-07-23,20260723_46_01#7B,RANK_7B,"4=3-1,2,5 (axis_sum=1.3)",3,0,0,300,wt,False,,460,,0,,,,,
867680,2026-07-23,20260723_46_03#7B,RANK_7B,"2=5-1,6,7 (axis_sum=1.5)",3,0,0,300,wt,False,,6350,,0,,,,,
867573,2026-07-24,20260724_13_04#7B,RANK_7B,"1=3-4,5,6 (axis_sum=1.3)",3,0,0,300,wt,False,,210,,0,,,,,
867557,2026-07-24,20260724_22_10#7B,RANK_7B,"1=3-6,7,4 (axis_sum=1.6)",3,0,0,300,wt,False,,1800,,0,,,,,
867662,2026-07-24,20260724_37_01#7B,RANK_7B,"2=1-3,5,6 (axis_sum=1.2)",3,0,0,300,wt,False,,370,,0,,,,,
867750,2026-07-24,20260724_55_11#7B,RANK_7B,"5=1-4,2,6 (axis_sum=1.2)",3,0,0,300,wt,False,,790,,0,,,,,
867754,2026-07-24,20260724_61_10#7B,RANK_7B,"6=4-1,2,7 (axis_sum=1.4)",3,0,0,300,wt,False,,3660,,0,,,,,
867676,2026-07-24,20260724_61_12#7B,RANK_7B,"2=7-1,3,5 (axis_sum=1.4)",3,1,1600,300,wt,False,,1600,,0,,,,,
867645,2026-07-24,20260724_62_01#7B,RANK_7B,"1=6-3,5,4 (axis_sum=1.3)",3,0,0,300,wt,False,,590,,0,,,,,
867542,2026-07-24,20260724_81_09#7B,RANK_7B,"1=5-4,2,6 (axis_sum=1.6)",3,0,0,300,wt,False,,150,,0,,,,,
867707,2026-07-24,20260724_85_07#7B,RANK_7B,"2=5-3,4,1 (axis_sum=1.4)",3,0,0,300,wt,False,,1130,,0,,,,,
867661,2026-07-25,20260725_12_10#7B,RANK_7B,"5=1-7,2,4 (axis_sum=1.4)",3,0,0,300,wt,False,,4270,,0,,,,,
867595,2026-07-25,20260725_81_08#7B,RANK_7B,"3=4-2,1,5 (axis_sum=1.5)",3,0,0,300,wt,False,,3100,,0,,,,,
867531,2026-07-25,20260725_84_01#7B,RANK_7B,"2=1-7,5,6 (axis_sum=1.6)",3,0,0,300,wt,False,,1210,,0,,,,,
867539,2026-07-25,20260725_84_02#7B,RANK_7B,"1=4-3,6,5 (axis_sum=1.6)",3,1,2800,300,wt,False,,2800,,0,,,,,
867558,2026-07-26,20260726_23_05#7B,RANK_7B,"2=3-7,1,4 (axis_sum=1.4)",3,0,0,300,wt,False,,770,,0,,,,,
867716,2026-07-26,20260726_55_02#7B,RANK_7B,"4=1-2,5,7 (axis_sum=1.2)",3,0,0,300,wt,False,,7160,,0,,,,,
867670,2026-07-26,20260726_55_10#7B,RANK_7B,"5=3-4,1,2 (axis_sum=1.4)",3,0,0,300,wt,False,,6690,,0,,,,,
867659,2026-07-26,20260726_84_05#7B,RANK_7B,"3=1-2,5,7 (axis_sum=1.4)",3,1,440,300,wt,False,,440,,0,,,,,
867751,2026-07-26,20260726_84_07#7B,RANK_7B,"1=4-5,6,3 (axis_sum=1.0)",3,0,0,300,wt,False,,1530,,0,,,,,
867530,2026-07-27,20260727_23_04#7B,RANK_7B,"2=7-1,4,6 (axis_sum=1.6)",3,0,0,300,wt,False,,2110,,0,,,,,
867553,2026-07-27,20260727_28_10#7B,RANK_7B,"5=2-4,3,1 (axis_sum=1.6)",3,1,590,300,wt,False,,590,,0,,,,,
867590,2026-07-27,20260727_53_04#7B,RANK_7B,"1=7-4,2,6 (axis_sum=1.5)",3,0,0,300,wt,False,,270,,0,,,,,
867549,2026-07-27,20260727_62_02#7B,RANK_7B,"2=5-4,3,6 (axis_sum=1.5)",3,0,0,300,wt,False,,220,,0,,,,,
867621,2026-07-27,20260727_84_01#7B,RANK_7B,"2=6-1,5,4 (axis_sum=1.4)",3,1,570,300,wt,False,,570,,0,,,,,
867727,2026-07-27,20260727_84_03#7B,RANK_7B,"1=3-7,5,6 (axis_sum=1.3)",3,1,710,300,wt,False,,710,,0,,,,,
867626,2026-07-28,20260728_23_05#7B,RANK_7B,"1=5-7,6,2 (axis_sum=1.3)",3,1,1970,300,wt,False,,1970,,0,,,,,
867556,2026-07-28,20260728_26_02#7B,RANK_7B,"1=3-2,4,6 (axis_sum=1.5)",3,0,0,300,wt,False,,230,,0,,,,,
867722,2026-07-28,20260728_28_03#7B,RANK_7B,"2=3-5,1,6 (axis_sum=1.3)",3,0,0,300,wt,False,,1540,,0,,,,,
867593,2026-07-28,20260728_35_02#7B,RANK_7B,"4=2-5,3,7 (axis_sum=1.5)",3,0,0,300,wt,False,,350,,0,,,,,
867577,2026-07-28,20260728_35_03#7B,RANK_7B,"4=3-5,7,6 (axis_sum=1.4)",3,1,210,300,wt,False,,210,,0,,,,,
867547,2026-07-28,20260728_35_04#7B,RANK_7B,"1=4-6,2,5 (axis_sum=1.6)",3,1,430,300,wt,False,,430,,0,,,,,
867737,2026-07-28,20260728_61_04#7B,RANK_7B,"2=4-6,5,3 (axis_sum=1.2)",3,0,0,300,wt,False,,1740,,0,,,,,
867717,2026-07-28,20260728_61_06#7B,RANK_7B,"5=2-4,3,7 (axis_sum=1.5)",3,1,900,300,wt,False,,900,,0,,,,,
867689,2026-07-28,20260728_62_05#7B,RANK_7B,"5=1-2,7,4 (axis_sum=1.2)",3,0,0,300,wt,False,,870,,0,,,,,
867554,2026-07-29,20260729_26_05#7B,RANK_7B,"1=2-4,5,6 (axis_sum=1.5)",3,0,0,300,wt,False,,320,,0,,,,,
867705,2026-07-29,20260729_26_07#7B,RANK_7B,"4=3-2,5,7 (axis_sum=1.3)",3,1,1270,300,wt,False,,1270,,0,,,,,
867663,2026-07-29,20260729_28_06#7B,RANK_7B,"5=7-1,4,6 (axis_sum=1.1)",3,1,1110,300,wt,False,,1110,,0,,,,,
867757,2026-07-29,20260729_35_03#7B,RANK_7B,"1=2-5,4,7 (axis_sum=1.1)",3,0,0,300,wt,False,,430,,0,,,,,
867711,2026-07-29,20260729_35_09#7B,RANK_7B,"5=1-2,7,4 (axis_sum=1.4)",3,0,0,300,wt,False,,7180,,0,,,,,
867675,2026-07-29,20260729_35_11#7B,RANK_7B,"4=1-5,6,2 (axis_sum=1.5)",3,0,0,300,wt,False,,10020,,0,,,,,
867581,2026-07-29,20260729_37_07#7B,RANK_7B,"1=4-3,6,7 (axis_sum=1.5)",3,0,0,300,wt,False,,400,,0,,,,,
867580,2026-07-29,20260729_55_03#7B,RANK_7B,"5=1-3,2,4 (axis_sum=1.3)",3,1,640,300,wt,False,,640,,0,,,,,
867654,2026-07-29,20260729_55_05#7B,RANK_7B,"1=2-7,4,3 (axis_sum=1.2)",3,0,0,300,wt,False,,450,,0,,,,,
867602,2026-07-29,20260729_62_01#7B,RANK_7B,"3=5-2,7,4 (axis_sum=1.4)",3,0,0,300,wt,False,,5760,,0,,,,,
867591,2026-07-30,20260730_21_10#7B,RANK_7B,"1=4-5,3,6 (axis_sum=1.6)",3,0,0,300,wt,False,,220,,0,,,,,
867652,2026-07-30,20260730_35_06#7B,RANK_7B,"5=3-4,1,2 (axis_sum=1.4)",3,0,0,300,wt,False,,7270,,0,,,,,
867702,2026-07-30,20260730_35_10#7B,RANK_7B,"2=1-4,3,5 (axis_sum=1.3)",3,0,0,300,wt,False,,1200,,0,,,,,
867582,2026-07-30,20260730_37_03#7B,RANK_7B,"4=5-3,2,6 (axis_sum=1.4)",3,0,0,300,wt,False,,160,,0,,,,,
867622,2026-07-30,20260730_37_09#7B,RANK_7B,"1=4-5,3,6 (axis_sum=1.5)",3,0,0,300,wt,False,,8990,,0,,,,,
867525,2026-07-30,20260730_43_03#7B,RANK_7B,"1=4-7,6,2 (axis_sum=1.8)",3,0,0,300,wt,False,,25210,,0,,,,,
867587,2026-07-30,20260730_43_07#7B,RANK_7B,"4=2-1,5,7 (axis_sum=1.6)",3,0,0,300,wt,False,,7490,,0,,,,,
867703,2026-07-30,20260730_43_08#7B,RANK_7B,"1=3-4,7,2 (axis_sum=1.5)",3,0,0,300,wt,False,,420,,0,,,,,
867726,2026-07-30,20260730_55_03#7B,RANK_7B,"3=5-7,6,1 (axis_sum=1.3)",3,0,0,300,wt,False,,380,,0,,,,,
867728,2026-07-30,20260730_55_12#7B,RANK_7B,"5=1-3,2,4 (axis_sum=1.3)",3,1,830,300,wt,False,,830,,0,,,,,
867571,2026-07-31,20260731_21_01#7B,RANK_7B,"7=1-4,2,6 (axis_sum=1.5)",3,0,0,300,wt,False,,4770,,0,,,,,
867578,2026-07-31,20260731_27_03#7B,RANK_7B,"2=1-4,5,7 (axis_sum=1.4)",3,1,670,300,wt,False,,670,,0,,,,,
867665,2026-07-31,20260731_43_09#7B,RANK_7B,"4=2-3,1,5 (axis_sum=1.4)",3,0,0,300,wt,False,,500,,0,,,,,
867743,2026-07-31,20260731_55_08#7B,RANK_7B,"7=5-1,4,2 (axis_sum=1.3)",3,0,0,300,wt,False,,2650,,0,,,,,
867671,2026-07-31,20260731_55_11#7B,RANK_7B,"3=2-4,5,1 (axis_sum=1.3)",3,0,0,300,wt,False,,460,,0,,,,,
867723,2026-07-31,20260731_55_12#7B,RANK_7B,"2=5-4,3,6 (axis_sum=1.2)",3,0,0,300,wt,False,,450,,0,,,,,
867537,2026-07-31,20260731_74_03#7B,RANK_7B,"2=1-4,5,6 (axis_sum=1.4)",3,0,0,300,wt,False,,260,,0,,,,,
867560,2026-07-31,20260731_84_04#7B,RANK_7B,"3=2-4,7,5 (axis_sum=1.4)",3,0,0,300,wt,False,,4290,,0,,,,,
867600,2026-07-31,20260731_84_05#7B,RANK_7B,"3=1-2,6,7 (axis_sum=1.2)",3,0,0,300,wt,False,,1110,,0,,,,,
867534,2026-07-31,20260731_84_06#7B,RANK_7B,"1=2-5,4,7 (axis_sum=1.5)",3,0,0,300,wt,False,,270,,0,,,,,
867631,2026-07-31,20260731_85_12#7B,RANK_7B,"7=4-3,2,5 (axis_sum=1.5)",3,0,0,300,wt,False,,320,,0,,,,,
867772,2026-08-01,20260801_12_03#7B,RANK_7B,"5=2-3,7,6 (axis_sum=1.2)",3,0,0,300,wt,False,,5380,,0,,,,,
867768,2026-08-01,20260801_21_09#7B,RANK_7B,"5=1-2,7,3 (axis_sum=1.4)",3,0,0,300,wt,False,,460,,0,,,,,
867773,2026-08-01,20260801_27_03#7B,RANK_7B,"7=2-6,1,5 (axis_sum=1.5)",3,1,610,300,wt,False,,610,,0,,,,,
867765,2026-08-01,20260801_85_12#7B,RANK_7B,"4=1-3,5,6 (axis_sum=1.5)",3,1,1430,300,wt,False,,1430,,0,,,,,
867767,2026-08-02,20260802_13_01#7B,RANK_7B,"7=5-2,4,3 (axis_sum=1.3)",3,0,0,300,wt,False,,3420,,0,,,,,
867766,2026-08-02,20260802_27_05#7B,RANK_7B,"1=2-7,4,6 (axis_sum=1.6)",3,0,0,300,wt,False,,4620,,0,,,,,
867770,2026-08-02,20260802_74_05#7B,RANK_7B,"2=1-4,6,5 (axis_sum=1.3)",3,1,970,300,wt,False,,970,,0,,,,,
867769,2026-08-02,20260802_85_01#7B,RANK_7B,"3=5-4,2,7 (axis_sum=1.4)",3,0,0,300,wt,False,,330,,0,,,,,
867771,2026-08-02,20260802_85_03#7B,RANK_7B,"2=5-3,7,4 (axis_sum=1.2)",3,0,0,300,wt,False,,1350,,0,,,,,
871432,2026-08-03,20260803_26_07#7B,RANK_7B,"2=5-3,4,7",3,0,0,300,wt,False,,3700,,12650,,,,,
871424,2026-08-03,20260803_48_03#7B,RANK_7B,"1=4-3,5,7",3,0,0,300,wt,False,,990,,13550,,,,,
871426,2026-08-03,20260803_53_05#7B,RANK_7B,"2=1-4,5,6",3,0,0,300,wt,False,,19640,,75430,,,,,
871429,2026-08-03,20260803_61_02#7B,RANK_7B,"1=3-4,5,6",3,0,0,300,wt,False,,430,,2680,,,,,
871412,2026-08-04,20260804_53_03#7B,RANK_7B,"5=3-2,4,7",3,0,0,300,wt,False,,9210,,35800,,,,,
871414,2026-08-04,20260804_53_07#7B,RANK_7B,"4=1-2,5,7",3,0,0,300,wt,False,,290,,900,,,,,
871408,2026-08-04,20260804_86_05#7B,RANK_7B,"5=2-1,4,7",3,0,0,300,wt,False,,220,,420,,,,,
872779,2026-08-05,20260805_48_02#7B,RANK_7B,"3=2-4,6,7",3,0,0,300,wt,False,,0,,0,,,,,
872778,2026-08-05,20260805_53_04#7B,RANK_7B,"4=3-2,6,5",0,0,0,0,wt,False,,0,,0,,,,,
874014,2026-08-05,20260805_62_03#7B,RANK_7B,"5=2-1,4,6",3,0,0,300,wt,False,,4010,,75210,,,,,
874009,2026-08-05,20260805_73_07#7B,RANK_7B,"7=3-2,4,6",3,1,770,300,wt,False,,770,,12720,,,,,
874004,2026-08-05,20260805_86_07#7B,RANK_7B,"7=5-2,3,4",3,1,580,300,wt,False,,580,,1370,,,,,
